catalog_id,initial,language,github_rank_2026_q1,github_pushers_2026_q1_approx,stackoverflow_rank_2025,stackoverflow_used_pct_2025,tiobe_rank_2026_09,tiobe_rating_pct_2026_09,country_breakdown_status,gender_breakdown_status,catalog_source
1,A,A.NET,,,,,,,Available in GitHub Innovation Graph when reporting threshold/coverage permits,Not populated: no robust per-language gender table verified in cited published results,https://en.wikipedia.org/wiki/List_of_programming_languages
2,A,A-0 System,,,,,,,Available in GitHub Innovation Graph when reporting threshold/coverage permits,Not populated: no robust per-language gender table verified in cited published results,https://en.wikipedia.org/wiki/List_of_programming_languages
3,A,A+,,,,,,,Available in GitHub Innovation Graph when reporting threshold/coverage permits,Not populated: no robust per-language gender table verified in cited published results,https://en.wikipedia.org/wiki/List_of_programming_languages
4,A,ABAP,,,,,,,Available in GitHub Innovation Graph when reporting threshold/coverage permits,Not populated: no robust per-language gender table verified in cited published results,https://en.wikipedia.org/wiki/List_of_programming_languages
5,A,ABC,,,,,,,Available in GitHub Innovation Graph when reporting threshold/coverage permits,Not populated: no robust per-language gender table verified in cited published results,https://en.wikipedia.org/wiki/List_of_programming_languages
6,A,ACC,,,,,,,Available in GitHub Innovation Graph when reporting threshold/coverage permits,Not populated: no robust per-language gender table verified in cited published results,https://en.wikipedia.org/wiki/List_of_programming_languages
7,A,Accent,,,,,,,Available in GitHub Innovation Graph when reporting threshold/coverage permits,Not populated: no robust per-language gender table verified in cited published results,https://en.wikipedia.org/wiki/List_of_programming_languages
8,A,Action!,,,,,,,Available in GitHub Innovation Graph when reporting threshold/coverage permits,Not populated: no robust per-language gender table verified in cited published results,https://en.wikipedia.org/wiki/List_of_programming_languages
9,A,ActionScript,,,,,,,Available in GitHub Innovation Graph when reporting threshold/coverage permits,Not populated: no robust per-language gender table verified in cited published results,https://en.wikipedia.org/wiki/List_of_programming_languages
10,A,Actor,,,,,,,Available in GitHub Innovation Graph when reporting threshold/coverage permits,Not populated: no robust per-language gender table verified in cited published results,https://en.wikipedia.org/wiki/List_of_programming_languages
11,A,Ada,,,,,17,0.85,Available in GitHub Innovation Graph when reporting threshold/coverage permits,Not populated: no robust per-language gender table verified in cited published results,https://en.wikipedia.org/wiki/List_of_programming_languages
12,A,Adenine,,,,,,,Available in GitHub Innovation Graph when reporting threshold/coverage permits,Not populated: no robust per-language gender table verified in cited published results,https://en.wikipedia.org/wiki/List_of_programming_languages
13,A,AdvPL,,,,,,,Available in GitHub Innovation Graph when reporting threshold/coverage permits,Not populated: no robust per-language gender table verified in cited published results,https://en.wikipedia.org/wiki/List_of_programming_languages
14,A,Agda,,,,,,,Available in GitHub Innovation Graph when reporting threshold/coverage permits,Not populated: no robust per-language gender table verified in cited published results,https://en.wikipedia.org/wiki/List_of_programming_languages
15,A,Agilent VEE,,,,,,,Available in GitHub Innovation Graph when reporting threshold/coverage permits,Not populated: no robust per-language gender table verified in cited published results,https://en.wikipedia.org/wiki/List_of_programming_languages
16,A,Agora,,,,,,,Available in GitHub Innovation Graph when reporting threshold/coverage permits,Not populated: no robust per-language gender table verified in cited published results,https://en.wikipedia.org/wiki/List_of_programming_languages
17,A,AIMMS,,,,,,,Available in GitHub Innovation Graph when reporting threshold/coverage permits,Not populated: no robust per-language gender table verified in cited published results,https://en.wikipedia.org/wiki/List_of_programming_languages
18,A,Aldor,,,,,,,Available in GitHub Innovation Graph when reporting threshold/coverage permits,Not populated: no robust per-language gender table verified in cited published results,https://en.wikipedia.org/wiki/List_of_programming_languages
19,A,Alef,,,,,,,Available in GitHub Innovation Graph when reporting threshold/coverage permits,Not populated: no robust per-language gender table verified in cited published results,https://en.wikipedia.org/wiki/List_of_programming_languages
20,A,Algebraic Logic Functional (ALF),,,,,,,Available in GitHub Innovation Graph when reporting threshold/coverage permits,Not populated: no robust per-language gender table verified in cited published results,https://en.wikipedia.org/wiki/List_of_programming_languages
21,A,ALGOL 58,,,,,,,Available in GitHub Innovation Graph when reporting threshold/coverage permits,Not populated: no robust per-language gender table verified in cited published results,https://en.wikipedia.org/wiki/List_of_programming_languages
22,A,ALGOL 60,,,,,,,Available in GitHub Innovation Graph when reporting threshold/coverage permits,Not populated: no robust per-language gender table verified in cited published results,https://en.wikipedia.org/wiki/List_of_programming_languages
23,A,ALGOL 68,,,,,,,Available in GitHub Innovation Graph when reporting threshold/coverage permits,Not populated: no robust per-language gender table verified in cited published results,https://en.wikipedia.org/wiki/List_of_programming_languages
24,A,ALGOL W,,,,,,,Available in GitHub Innovation Graph when reporting threshold/coverage permits,Not populated: no robust per-language gender table verified in cited published results,https://en.wikipedia.org/wiki/List_of_programming_languages
25,A,Alice ML,,,,,,,Available in GitHub Innovation Graph when reporting threshold/coverage permits,Not populated: no robust per-language gender table verified in cited published results,https://en.wikipedia.org/wiki/List_of_programming_languages
26,A,Alma-0,,,,,,,Available in GitHub Innovation Graph when reporting threshold/coverage permits,Not populated: no robust per-language gender table verified in cited published results,https://en.wikipedia.org/wiki/List_of_programming_languages
27,A,AmbientTalk,,,,,,,Available in GitHub Innovation Graph when reporting threshold/coverage permits,Not populated: no robust per-language gender table verified in cited published results,https://en.wikipedia.org/wiki/List_of_programming_languages
28,A,Amiga E,,,,,,,Available in GitHub Innovation Graph when reporting threshold/coverage permits,Not populated: no robust per-language gender table verified in cited published results,https://en.wikipedia.org/wiki/List_of_programming_languages
29,A,AMPL,,,,,,,Available in GitHub Innovation Graph when reporting threshold/coverage permits,Not populated: no robust per-language gender table verified in cited published results,https://en.wikipedia.org/wiki/List_of_programming_languages
30,A,Analitik,,,,,,,Available in GitHub Innovation Graph when reporting threshold/coverage permits,Not populated: no robust per-language gender table verified in cited published results,https://en.wikipedia.org/wiki/List_of_programming_languages
31,A,AngelScript,,,,,,,Available in GitHub Innovation Graph when reporting threshold/coverage permits,Not populated: no robust per-language gender table verified in cited published results,https://en.wikipedia.org/wiki/List_of_programming_languages
32,A,Apache Pig Latin,,,,,,,Available in GitHub Innovation Graph when reporting threshold/coverage permits,Not populated: no robust per-language gender table verified in cited published results,https://en.wikipedia.org/wiki/List_of_programming_languages
33,A,Apex,,,,,,,Available in GitHub Innovation Graph when reporting threshold/coverage permits,Not populated: no robust per-language gender table verified in cited published results,https://en.wikipedia.org/wiki/List_of_programming_languages
34,A,APL,,,,,,,Available in GitHub Innovation Graph when reporting threshold/coverage permits,Not populated: no robust per-language gender table verified in cited published results,https://en.wikipedia.org/wiki/List_of_programming_languages
35,A,MIT App Inventor visual block language,,,,,,,Available in GitHub Innovation Graph when reporting threshold/coverage permits,Not populated: no robust per-language gender table verified in cited published results,https://en.wikipedia.org/wiki/List_of_programming_languages
36,A,AppleScript,,,,,,,Available in GitHub Innovation Graph when reporting threshold/coverage permits,Not populated: no robust per-language gender table verified in cited published results,https://en.wikipedia.org/wiki/List_of_programming_languages
37,A,APT,,,,,,,Available in GitHub Innovation Graph when reporting threshold/coverage permits,Not populated: no robust per-language gender table verified in cited published results,https://en.wikipedia.org/wiki/List_of_programming_languages
38,A,Arc,,,,,,,Available in GitHub Innovation Graph when reporting threshold/coverage permits,Not populated: no robust per-language gender table verified in cited published results,https://en.wikipedia.org/wiki/List_of_programming_languages
39,A,ArkTS,,,,,,,Available in GitHub Innovation Graph when reporting threshold/coverage permits,Not populated: no robust per-language gender table verified in cited published results,https://en.wikipedia.org/wiki/List_of_programming_languages
40,A,ARexx,,,,,,,Available in GitHub Innovation Graph when reporting threshold/coverage permits,Not populated: no robust per-language gender table verified in cited published results,https://en.wikipedia.org/wiki/List_of_programming_languages
41,A,Argus,,,,,,,Available in GitHub Innovation Graph when reporting threshold/coverage permits,Not populated: no robust per-language gender table verified in cited published results,https://en.wikipedia.org/wiki/List_of_programming_languages
42,A,Assembly language,,,17,7.1,16,0.89,Available in GitHub Innovation Graph when reporting threshold/coverage permits,Not populated: no robust per-language gender table verified in cited published results,https://en.wikipedia.org/wiki/List_of_programming_languages
43,A,AssemblyScript,,,,,,,Available in GitHub Innovation Graph when reporting threshold/coverage permits,Not populated: no robust per-language gender table verified in cited published results,https://en.wikipedia.org/wiki/List_of_programming_languages
44,A,ATS,,,,,,,Available in GitHub Innovation Graph when reporting threshold/coverage permits,Not populated: no robust per-language gender table verified in cited published results,https://en.wikipedia.org/wiki/List_of_programming_languages
45,A,AutoHotkey,,,,,,,Available in GitHub Innovation Graph when reporting threshold/coverage permits,Not populated: no robust per-language gender table verified in cited published results,https://en.wikipedia.org/wiki/List_of_programming_languages
46,A,AutoIt,,,,,,,Available in GitHub Innovation Graph when reporting threshold/coverage permits,Not populated: no robust per-language gender table verified in cited published results,https://en.wikipedia.org/wiki/List_of_programming_languages
47,A,AutoLISP / Visual LISP,,,,,,,Available in GitHub Innovation Graph when reporting threshold/coverage permits,Not populated: no robust per-language gender table verified in cited published results,https://en.wikipedia.org/wiki/List_of_programming_languages
48,A,Averest,,,,,,,Available in GitHub Innovation Graph when reporting threshold/coverage permits,Not populated: no robust per-language gender table verified in cited published results,https://en.wikipedia.org/wiki/List_of_programming_languages
49,A,AWK,,,,,,,Available in GitHub Innovation Graph when reporting threshold/coverage permits,Not populated: no robust per-language gender table verified in cited published results,https://en.wikipedia.org/wiki/List_of_programming_languages
50,A,Axum,,,,,,,Available in GitHub Innovation Graph when reporting threshold/coverage permits,Not populated: no robust per-language gender table verified in cited published results,https://en.wikipedia.org/wiki/List_of_programming_languages
51,B,B,,,,,,,Available in GitHub Innovation Graph when reporting threshold/coverage permits,Not populated: no robust per-language gender table verified in cited published results,https://en.wikipedia.org/wiki/List_of_programming_languages
52,B,Babbage,,,,,,,Available in GitHub Innovation Graph when reporting threshold/coverage permits,Not populated: no robust per-language gender table verified in cited published results,https://en.wikipedia.org/wiki/List_of_programming_languages
53,B,Ballerina,,,,,,,Available in GitHub Innovation Graph when reporting threshold/coverage permits,Not populated: no robust per-language gender table verified in cited published results,https://en.wikipedia.org/wiki/List_of_programming_languages
54,B,Bash,,,5,48.7,,,Available in GitHub Innovation Graph when reporting threshold/coverage permits,Not populated: no robust per-language gender table verified in cited published results,https://en.wikipedia.org/wiki/List_of_programming_languages
55,B,BASIC,,,,,,,Available in GitHub Innovation Graph when reporting threshold/coverage permits,Not populated: no robust per-language gender table verified in cited published results,https://en.wikipedia.org/wiki/List_of_programming_languages
56,B,Batch file,,,,,,,Available in GitHub Innovation Graph when reporting threshold/coverage permits,Not populated: no robust per-language gender table verified in cited published results,https://en.wikipedia.org/wiki/List_of_programming_languages
57,B,bc,,,,,,,Available in GitHub Innovation Graph when reporting threshold/coverage permits,Not populated: no robust per-language gender table verified in cited published results,https://en.wikipedia.org/wiki/List_of_programming_languages
58,B,BCPL,,,,,,,Available in GitHub Innovation Graph when reporting threshold/coverage permits,Not populated: no robust per-language gender table verified in cited published results,https://en.wikipedia.org/wiki/List_of_programming_languages
59,B,BeanShell,,,,,,,Available in GitHub Innovation Graph when reporting threshold/coverage permits,Not populated: no robust per-language gender table verified in cited published results,https://en.wikipedia.org/wiki/List_of_programming_languages
60,B,BETA,,,,,,,Available in GitHub Innovation Graph when reporting threshold/coverage permits,Not populated: no robust per-language gender table verified in cited published results,https://en.wikipedia.org/wiki/List_of_programming_languages
61,B,BLISS,,,,,,,Available in GitHub Innovation Graph when reporting threshold/coverage permits,Not populated: no robust per-language gender table verified in cited published results,https://en.wikipedia.org/wiki/List_of_programming_languages
62,B,Blockly,,,,,,,Available in GitHub Innovation Graph when reporting threshold/coverage permits,Not populated: no robust per-language gender table verified in cited published results,https://en.wikipedia.org/wiki/List_of_programming_languages
63,B,BlooP,,,,,,,Available in GitHub Innovation Graph when reporting threshold/coverage permits,Not populated: no robust per-language gender table verified in cited published results,https://en.wikipedia.org/wiki/List_of_programming_languages
64,B,Boo,,,,,,,Available in GitHub Innovation Graph when reporting threshold/coverage permits,Not populated: no robust per-language gender table verified in cited published results,https://en.wikipedia.org/wiki/List_of_programming_languages
65,B,Boomerang,,,,,,,Available in GitHub Innovation Graph when reporting threshold/coverage permits,Not populated: no robust per-language gender table verified in cited published results,https://en.wikipedia.org/wiki/List_of_programming_languages
66,B,Bosque,,,,,,,Available in GitHub Innovation Graph when reporting threshold/coverage permits,Not populated: no robust per-language gender table verified in cited published results,https://en.wikipedia.org/wiki/List_of_programming_languages
67,C,C,6,907600,11,22.0,2,10.28,Available in GitHub Innovation Graph when reporting threshold/coverage permits,Not populated: no robust per-language gender table verified in cited published results,https://en.wikipedia.org/wiki/List_of_programming_languages
68,C,C--,,,,,,,Available in GitHub Innovation Graph when reporting threshold/coverage permits,Not populated: no robust per-language gender table verified in cited published results,https://en.wikipedia.org/wiki/List_of_programming_languages
69,C,C++,5,944600,9,23.5,3,8.67,Available in GitHub Innovation Graph when reporting threshold/coverage permits,Not populated: no robust per-language gender table verified in cited published results,https://en.wikipedia.org/wiki/List_of_programming_languages
70,C,C*,,,,,,,Available in GitHub Innovation Graph when reporting threshold/coverage permits,Not populated: no robust per-language gender table verified in cited published results,https://en.wikipedia.org/wiki/List_of_programming_languages
71,C,C#,7,564600,8,27.8,5,4.22,Available in GitHub Innovation Graph when reporting threshold/coverage permits,Not populated: no robust per-language gender table verified in cited published results,https://en.wikipedia.org/wiki/List_of_programming_languages
72,C,C/AL,,,,,,,Available in GitHub Innovation Graph when reporting threshold/coverage permits,Not populated: no robust per-language gender table verified in cited published results,https://en.wikipedia.org/wiki/List_of_programming_languages
73,C,Caché ObjectScript,,,,,,,Available in GitHub Innovation Graph when reporting threshold/coverage permits,Not populated: no robust per-language gender table verified in cited published results,https://en.wikipedia.org/wiki/List_of_programming_languages
74,C,C Shell,,,5,48.7,,,Available in GitHub Innovation Graph when reporting threshold/coverage permits,Not populated: no robust per-language gender table verified in cited published results,https://en.wikipedia.org/wiki/List_of_programming_languages
75,C,Calcpad,,,,,,,Available in GitHub Innovation Graph when reporting threshold/coverage permits,Not populated: no robust per-language gender table verified in cited published results,https://en.wikipedia.org/wiki/List_of_programming_languages
76,C,Caml,,,,,,,Available in GitHub Innovation Graph when reporting threshold/coverage permits,Not populated: no robust per-language gender table verified in cited published results,https://en.wikipedia.org/wiki/List_of_programming_languages
77,C,Carbon,,,,,,,Available in GitHub Innovation Graph when reporting threshold/coverage permits,Not populated: no robust per-language gender table verified in cited published results,https://en.wikipedia.org/wiki/List_of_programming_languages
78,C,Catrobat,,,,,,,Available in GitHub Innovation Graph when reporting threshold/coverage permits,Not populated: no robust per-language gender table verified in cited published results,https://en.wikipedia.org/wiki/List_of_programming_languages
79,C,Cayenne,,,,,,,Available in GitHub Innovation Graph when reporting threshold/coverage permits,Not populated: no robust per-language gender table verified in cited published results,https://en.wikipedia.org/wiki/List_of_programming_languages
80,C,Cecil,,,,,,,Available in GitHub Innovation Graph when reporting threshold/coverage permits,Not populated: no robust per-language gender table verified in cited published results,https://en.wikipedia.org/wiki/List_of_programming_languages
81,C,CESIL,,,,,,,Available in GitHub Innovation Graph when reporting threshold/coverage permits,Not populated: no robust per-language gender table verified in cited published results,https://en.wikipedia.org/wiki/List_of_programming_languages
82,C,CEEMAC,,,,,,,Available in GitHub Innovation Graph when reporting threshold/coverage permits,Not populated: no robust per-language gender table verified in cited published results,https://en.wikipedia.org/wiki/List_of_programming_languages
83,C,Céu,,,,,,,Available in GitHub Innovation Graph when reporting threshold/coverage permits,Not populated: no robust per-language gender table verified in cited published results,https://en.wikipedia.org/wiki/List_of_programming_languages
84,C,Ceylon,,,,,,,Available in GitHub Innovation Graph when reporting threshold/coverage permits,Not populated: no robust per-language gender table verified in cited published results,https://en.wikipedia.org/wiki/List_of_programming_languages
85,C,CFEngine,,,,,,,Available in GitHub Innovation Graph when reporting threshold/coverage permits,Not populated: no robust per-language gender table verified in cited published results,https://en.wikipedia.org/wiki/List_of_programming_languages
86,C,Cg,,,,,,,Available in GitHub Innovation Graph when reporting threshold/coverage permits,Not populated: no robust per-language gender table verified in cited published results,https://en.wikipedia.org/wiki/List_of_programming_languages
87,C,Ch,,,,,,,Available in GitHub Innovation Graph when reporting threshold/coverage permits,Not populated: no robust per-language gender table verified in cited published results,https://en.wikipedia.org/wiki/List_of_programming_languages
88,C,Chapel,,,,,,,Available in GitHub Innovation Graph when reporting threshold/coverage permits,Not populated: no robust per-language gender table verified in cited published results,https://en.wikipedia.org/wiki/List_of_programming_languages
89,C,Charm,,,,,,,Available in GitHub Innovation Graph when reporting threshold/coverage permits,Not populated: no robust per-language gender table verified in cited published results,https://en.wikipedia.org/wiki/List_of_programming_languages
90,C,CHICKEN,,,,,,,Available in GitHub Innovation Graph when reporting threshold/coverage permits,Not populated: no robust per-language gender table verified in cited published results,https://en.wikipedia.org/wiki/List_of_programming_languages
91,C,CHILL,,,,,,,Available in GitHub Innovation Graph when reporting threshold/coverage permits,Not populated: no robust per-language gender table verified in cited published results,https://en.wikipedia.org/wiki/List_of_programming_languages
92,C,CHIP-8,,,,,,,Available in GitHub Innovation Graph when reporting threshold/coverage permits,Not populated: no robust per-language gender table verified in cited published results,https://en.wikipedia.org/wiki/List_of_programming_languages
93,C,ChucK,,,,,,,Available in GitHub Innovation Graph when reporting threshold/coverage permits,Not populated: no robust per-language gender table verified in cited published results,https://en.wikipedia.org/wiki/List_of_programming_languages
94,C,Cilk,,,,,,,Available in GitHub Innovation Graph when reporting threshold/coverage permits,Not populated: no robust per-language gender table verified in cited published results,https://en.wikipedia.org/wiki/List_of_programming_languages
95,C,Claire,,,,,,,Available in GitHub Innovation Graph when reporting threshold/coverage permits,Not populated: no robust per-language gender table verified in cited published results,https://en.wikipedia.org/wiki/List_of_programming_languages
96,C,Clarion,,,,,,,Available in GitHub Innovation Graph when reporting threshold/coverage permits,Not populated: no robust per-language gender table verified in cited published results,https://en.wikipedia.org/wiki/List_of_programming_languages
97,C,Clean,,,,,,,Available in GitHub Innovation Graph when reporting threshold/coverage permits,Not populated: no robust per-language gender table verified in cited published results,https://en.wikipedia.org/wiki/List_of_programming_languages
98,C,Clipper,,,,,,,Available in GitHub Innovation Graph when reporting threshold/coverage permits,Not populated: no robust per-language gender table verified in cited published results,https://en.wikipedia.org/wiki/List_of_programming_languages
99,C,CLIPS,,,,,,,Available in GitHub Innovation Graph when reporting threshold/coverage permits,Not populated: no robust per-language gender table verified in cited published results,https://en.wikipedia.org/wiki/List_of_programming_languages
100,C,CLIST,,,,,,,Available in GitHub Innovation Graph when reporting threshold/coverage permits,Not populated: no robust per-language gender table verified in cited published results,https://en.wikipedia.org/wiki/List_of_programming_languages
101,C,Clojure,,,,,,,Available in GitHub Innovation Graph when reporting threshold/coverage permits,Not populated: no robust per-language gender table verified in cited published results,https://en.wikipedia.org/wiki/List_of_programming_languages
102,C,CLU,,,,,,,Available in GitHub Innovation Graph when reporting threshold/coverage permits,Not populated: no robust per-language gender table verified in cited published results,https://en.wikipedia.org/wiki/List_of_programming_languages
103,C,CMS-2,,,,,,,Available in GitHub Innovation Graph when reporting threshold/coverage permits,Not populated: no robust per-language gender table verified in cited published results,https://en.wikipedia.org/wiki/List_of_programming_languages
104,C,COBOL,,,,,20,0.78,Available in GitHub Innovation Graph when reporting threshold/coverage permits,Not populated: no robust per-language gender table verified in cited published results,https://en.wikipedia.org/wiki/List_of_programming_languages
105,C,CobolScript,,,,,,,Available in GitHub Innovation Graph when reporting threshold/coverage permits,Not populated: no robust per-language gender table verified in cited published results,https://en.wikipedia.org/wiki/List_of_programming_languages
106,C,Cobra,,,,,,,Available in GitHub Innovation Graph when reporting threshold/coverage permits,Not populated: no robust per-language gender table verified in cited published results,https://en.wikipedia.org/wiki/List_of_programming_languages
107,C,CoffeeScript,,,,,,,Available in GitHub Innovation Graph when reporting threshold/coverage permits,Not populated: no robust per-language gender table verified in cited published results,https://en.wikipedia.org/wiki/List_of_programming_languages
108,C,ColdFusion,,,,,,,Available in GitHub Innovation Graph when reporting threshold/coverage permits,Not populated: no robust per-language gender table verified in cited published results,https://en.wikipedia.org/wiki/List_of_programming_languages
109,C,COMAL,,,,,,,Available in GitHub Innovation Graph when reporting threshold/coverage permits,Not populated: no robust per-language gender table verified in cited published results,https://en.wikipedia.org/wiki/List_of_programming_languages
110,C,COMIT,,,,,,,Available in GitHub Innovation Graph when reporting threshold/coverage permits,Not populated: no robust per-language gender table verified in cited published results,https://en.wikipedia.org/wiki/List_of_programming_languages
111,C,Common Intermediate Language (CIL),,,,,,,Available in GitHub Innovation Graph when reporting threshold/coverage permits,Not populated: no robust per-language gender table verified in cited published results,https://en.wikipedia.org/wiki/List_of_programming_languages
112,C,Common Lisp,,,,,,,Available in GitHub Innovation Graph when reporting threshold/coverage permits,Not populated: no robust per-language gender table verified in cited published results,https://en.wikipedia.org/wiki/List_of_programming_languages
113,C,COMPASS,,,,,,,Available in GitHub Innovation Graph when reporting threshold/coverage permits,Not populated: no robust per-language gender table verified in cited published results,https://en.wikipedia.org/wiki/List_of_programming_languages
114,C,Component Pascal,,,,,,,Available in GitHub Innovation Graph when reporting threshold/coverage permits,Not populated: no robust per-language gender table verified in cited published results,https://en.wikipedia.org/wiki/List_of_programming_languages
115,C,COMTRAN,,,,,,,Available in GitHub Innovation Graph when reporting threshold/coverage permits,Not populated: no robust per-language gender table verified in cited published results,https://en.wikipedia.org/wiki/List_of_programming_languages
116,C,Concurrent Pascal,,,,,,,Available in GitHub Innovation Graph when reporting threshold/coverage permits,Not populated: no robust per-language gender table verified in cited published results,https://en.wikipedia.org/wiki/List_of_programming_languages
117,C,Constraint Handling Rules (CHR),,,,,,,Available in GitHub Innovation Graph when reporting threshold/coverage permits,Not populated: no robust per-language gender table verified in cited published results,https://en.wikipedia.org/wiki/List_of_programming_languages
118,C,Control Language,,,,,,,Available in GitHub Innovation Graph when reporting threshold/coverage permits,Not populated: no robust per-language gender table verified in cited published results,https://en.wikipedia.org/wiki/List_of_programming_languages
119,C,Coq / Rocq,,,,,,,Available in GitHub Innovation Graph when reporting threshold/coverage permits,Not populated: no robust per-language gender table verified in cited published results,https://en.wikipedia.org/wiki/List_of_programming_languages
120,C,CORAL / Coral 66,,,,,,,Available in GitHub Innovation Graph when reporting threshold/coverage permits,Not populated: no robust per-language gender table verified in cited published results,https://en.wikipedia.org/wiki/List_of_programming_languages
121,C,CorVision,,,,,,,Available in GitHub Innovation Graph when reporting threshold/coverage permits,Not populated: no robust per-language gender table verified in cited published results,https://en.wikipedia.org/wiki/List_of_programming_languages
122,C,COWSEL,,,,,,,Available in GitHub Innovation Graph when reporting threshold/coverage permits,Not populated: no robust per-language gender table verified in cited published results,https://en.wikipedia.org/wiki/List_of_programming_languages
123,C,CPL,,,,,,,Available in GitHub Innovation Graph when reporting threshold/coverage permits,Not populated: no robust per-language gender table verified in cited published results,https://en.wikipedia.org/wiki/List_of_programming_languages
124,C,Cryptol,,,,,,,Available in GitHub Innovation Graph when reporting threshold/coverage permits,Not populated: no robust per-language gender table verified in cited published results,https://en.wikipedia.org/wiki/List_of_programming_languages
125,C,Crystal,,,,,,,Available in GitHub Innovation Graph when reporting threshold/coverage permits,Not populated: no robust per-language gender table verified in cited published results,https://en.wikipedia.org/wiki/List_of_programming_languages
126,C,Csound,,,,,,,Available in GitHub Innovation Graph when reporting threshold/coverage permits,Not populated: no robust per-language gender table verified in cited published results,https://en.wikipedia.org/wiki/List_of_programming_languages
127,C,Cuneiform,,,,,,,Available in GitHub Innovation Graph when reporting threshold/coverage permits,Not populated: no robust per-language gender table verified in cited published results,https://en.wikipedia.org/wiki/List_of_programming_languages
128,C,Curl,,,,,,,Available in GitHub Innovation Graph when reporting threshold/coverage permits,Not populated: no robust per-language gender table verified in cited published results,https://en.wikipedia.org/wiki/List_of_programming_languages
129,C,Curry,,,,,,,Available in GitHub Innovation Graph when reporting threshold/coverage permits,Not populated: no robust per-language gender table verified in cited published results,https://en.wikipedia.org/wiki/List_of_programming_languages
130,C,Cybil,,,,,,,Available in GitHub Innovation Graph when reporting threshold/coverage permits,Not populated: no robust per-language gender table verified in cited published results,https://en.wikipedia.org/wiki/List_of_programming_languages
131,C,Cyclone,,,,,,,Available in GitHub Innovation Graph when reporting threshold/coverage permits,Not populated: no robust per-language gender table verified in cited published results,https://en.wikipedia.org/wiki/List_of_programming_languages
132,C,Cypher Query Language,,,,,,,Available in GitHub Innovation Graph when reporting threshold/coverage permits,Not populated: no robust per-language gender table verified in cited published results,https://en.wikipedia.org/wiki/List_of_programming_languages
133,C,Cython,,,,,,,Available in GitHub Innovation Graph when reporting threshold/coverage permits,Not populated: no robust per-language gender table verified in cited published results,https://en.wikipedia.org/wiki/List_of_programming_languages
134,D,D,,,,,,,Available in GitHub Innovation Graph when reporting threshold/coverage permits,Not populated: no robust per-language gender table verified in cited published results,https://en.wikipedia.org/wiki/List_of_programming_languages
135,D,Dart,,,19,5.9,,,Available in GitHub Innovation Graph when reporting threshold/coverage permits,Not populated: no robust per-language gender table verified in cited published results,https://en.wikipedia.org/wiki/List_of_programming_languages
136,D,Darwin,,,,,,,Available in GitHub Innovation Graph when reporting threshold/coverage permits,Not populated: no robust per-language gender table verified in cited published results,https://en.wikipedia.org/wiki/List_of_programming_languages
137,D,DataFlex,,,,,,,Available in GitHub Innovation Graph when reporting threshold/coverage permits,Not populated: no robust per-language gender table verified in cited published results,https://en.wikipedia.org/wiki/List_of_programming_languages
138,D,Datalog,,,,,,,Available in GitHub Innovation Graph when reporting threshold/coverage permits,Not populated: no robust per-language gender table verified in cited published results,https://en.wikipedia.org/wiki/List_of_programming_languages
139,D,DATATRIEVE,,,,,,,Available in GitHub Innovation Graph when reporting threshold/coverage permits,Not populated: no robust per-language gender table verified in cited published results,https://en.wikipedia.org/wiki/List_of_programming_languages
140,D,dBase,,,,,,,Available in GitHub Innovation Graph when reporting threshold/coverage permits,Not populated: no robust per-language gender table verified in cited published results,https://en.wikipedia.org/wiki/List_of_programming_languages
141,D,dc,,,,,,,Available in GitHub Innovation Graph when reporting threshold/coverage permits,Not populated: no robust per-language gender table verified in cited published results,https://en.wikipedia.org/wiki/List_of_programming_languages
142,D,DCL,,,,,,,Available in GitHub Innovation Graph when reporting threshold/coverage permits,Not populated: no robust per-language gender table verified in cited published results,https://en.wikipedia.org/wiki/List_of_programming_languages
143,D,Delphi,,,,,13,1.08,Available in GitHub Innovation Graph when reporting threshold/coverage permits,Not populated: no robust per-language gender table verified in cited published results,https://en.wikipedia.org/wiki/List_of_programming_languages
144,D,DIBOL,,,,,,,Available in GitHub Innovation Graph when reporting threshold/coverage permits,Not populated: no robust per-language gender table verified in cited published results,https://en.wikipedia.org/wiki/List_of_programming_languages
145,D,DinkC,,,,,,,Available in GitHub Innovation Graph when reporting threshold/coverage permits,Not populated: no robust per-language gender table verified in cited published results,https://en.wikipedia.org/wiki/List_of_programming_languages
146,D,Dog,,,,,,,Available in GitHub Innovation Graph when reporting threshold/coverage permits,Not populated: no robust per-language gender table verified in cited published results,https://en.wikipedia.org/wiki/List_of_programming_languages
147,D,Draco,,,,,,,Available in GitHub Innovation Graph when reporting threshold/coverage permits,Not populated: no robust per-language gender table verified in cited published results,https://en.wikipedia.org/wiki/List_of_programming_languages
148,D,DRAKON,,,,,,,Available in GitHub Innovation Graph when reporting threshold/coverage permits,Not populated: no robust per-language gender table verified in cited published results,https://en.wikipedia.org/wiki/List_of_programming_languages
149,D,Dylan,,,,,,,Available in GitHub Innovation Graph when reporting threshold/coverage permits,Not populated: no robust per-language gender table verified in cited published results,https://en.wikipedia.org/wiki/List_of_programming_languages
150,D,DYNAMO,,,,,,,Available in GitHub Innovation Graph when reporting threshold/coverage permits,Not populated: no robust per-language gender table verified in cited published results,https://en.wikipedia.org/wiki/List_of_programming_languages
151,D,DAX,,,,,,,Available in GitHub Innovation Graph when reporting threshold/coverage permits,Not populated: no robust per-language gender table verified in cited published results,https://en.wikipedia.org/wiki/List_of_programming_languages
152,E,E,,,,,,,Available in GitHub Innovation Graph when reporting threshold/coverage permits,Not populated: no robust per-language gender table verified in cited published results,https://en.wikipedia.org/wiki/List_of_programming_languages
153,E,Ease,,,,,,,Available in GitHub Innovation Graph when reporting threshold/coverage permits,Not populated: no robust per-language gender table verified in cited published results,https://en.wikipedia.org/wiki/List_of_programming_languages
154,E,Easy PL/I,,,,,,,Available in GitHub Innovation Graph when reporting threshold/coverage permits,Not populated: no robust per-language gender table verified in cited published results,https://en.wikipedia.org/wiki/List_of_programming_languages
155,E,EASYTRIEVE PLUS,,,,,,,Available in GitHub Innovation Graph when reporting threshold/coverage permits,Not populated: no robust per-language gender table verified in cited published results,https://en.wikipedia.org/wiki/List_of_programming_languages
156,E,ECMAScript,,,,,,,Available in GitHub Innovation Graph when reporting threshold/coverage permits,Not populated: no robust per-language gender table verified in cited published results,https://en.wikipedia.org/wiki/List_of_programming_languages
157,E,Edinburgh IMP,,,,,,,Available in GitHub Innovation Graph when reporting threshold/coverage permits,Not populated: no robust per-language gender table verified in cited published results,https://en.wikipedia.org/wiki/List_of_programming_languages
158,E,EGL,,,,,,,Available in GitHub Innovation Graph when reporting threshold/coverage permits,Not populated: no robust per-language gender table verified in cited published results,https://en.wikipedia.org/wiki/List_of_programming_languages
159,E,Eiffel,,,,,,,Available in GitHub Innovation Graph when reporting threshold/coverage permits,Not populated: no robust per-language gender table verified in cited published results,https://en.wikipedia.org/wiki/List_of_programming_languages
160,E,ELAN,,,,,,,Available in GitHub Innovation Graph when reporting threshold/coverage permits,Not populated: no robust per-language gender table verified in cited published results,https://en.wikipedia.org/wiki/List_of_programming_languages
161,E,Elixir,,,,,,,Available in GitHub Innovation Graph when reporting threshold/coverage permits,Not populated: no robust per-language gender table verified in cited published results,https://en.wikipedia.org/wiki/List_of_programming_languages
162,E,Elm,,,,,,,Available in GitHub Innovation Graph when reporting threshold/coverage permits,Not populated: no robust per-language gender table verified in cited published results,https://en.wikipedia.org/wiki/List_of_programming_languages
163,E,Emacs Lisp,,,,,,,Available in GitHub Innovation Graph when reporting threshold/coverage permits,Not populated: no robust per-language gender table verified in cited published results,https://en.wikipedia.org/wiki/List_of_programming_languages
164,E,Emerald,,,,,,,Available in GitHub Innovation Graph when reporting threshold/coverage permits,Not populated: no robust per-language gender table verified in cited published results,https://en.wikipedia.org/wiki/List_of_programming_languages
165,E,Epigram,,,,,,,Available in GitHub Innovation Graph when reporting threshold/coverage permits,Not populated: no robust per-language gender table verified in cited published results,https://en.wikipedia.org/wiki/List_of_programming_languages
166,E,EPL,,,,,,,Available in GitHub Innovation Graph when reporting threshold/coverage permits,Not populated: no robust per-language gender table verified in cited published results,https://en.wikipedia.org/wiki/List_of_programming_languages
167,E,Erlang,,,,,,,Available in GitHub Innovation Graph when reporting threshold/coverage permits,Not populated: no robust per-language gender table verified in cited published results,https://en.wikipedia.org/wiki/List_of_programming_languages
168,E,es,,,,,,,Available in GitHub Innovation Graph when reporting threshold/coverage permits,Not populated: no robust per-language gender table verified in cited published results,https://en.wikipedia.org/wiki/List_of_programming_languages
169,E,Escher,,,,,,,Available in GitHub Innovation Graph when reporting threshold/coverage permits,Not populated: no robust per-language gender table verified in cited published results,https://en.wikipedia.org/wiki/List_of_programming_languages
170,E,ESPOL,,,,,,,Available in GitHub Innovation Graph when reporting threshold/coverage permits,Not populated: no robust per-language gender table verified in cited published results,https://en.wikipedia.org/wiki/List_of_programming_languages
171,E,Esterel,,,,,,,Available in GitHub Innovation Graph when reporting threshold/coverage permits,Not populated: no robust per-language gender table verified in cited published results,https://en.wikipedia.org/wiki/List_of_programming_languages
172,E,Etoys,,,,,,,Available in GitHub Innovation Graph when reporting threshold/coverage permits,Not populated: no robust per-language gender table verified in cited published results,https://en.wikipedia.org/wiki/List_of_programming_languages
173,E,Euclid,,,,,,,Available in GitHub Innovation Graph when reporting threshold/coverage permits,Not populated: no robust per-language gender table verified in cited published results,https://en.wikipedia.org/wiki/List_of_programming_languages
174,E,Euler,,,,,,,Available in GitHub Innovation Graph when reporting threshold/coverage permits,Not populated: no robust per-language gender table verified in cited published results,https://en.wikipedia.org/wiki/List_of_programming_languages
175,E,Euphoria,,,,,,,Available in GitHub Innovation Graph when reporting threshold/coverage permits,Not populated: no robust per-language gender table verified in cited published results,https://en.wikipedia.org/wiki/List_of_programming_languages
176,E,EusLisp,,,,,,,Available in GitHub Innovation Graph when reporting threshold/coverage permits,Not populated: no robust per-language gender table verified in cited published results,https://en.wikipedia.org/wiki/List_of_programming_languages
177,E,CMS EXEC,,,,,,,Available in GitHub Innovation Graph when reporting threshold/coverage permits,Not populated: no robust per-language gender table verified in cited published results,https://en.wikipedia.org/wiki/List_of_programming_languages
178,E,EXEC 2,,,,,,,Available in GitHub Innovation Graph when reporting threshold/coverage permits,Not populated: no robust per-language gender table verified in cited published results,https://en.wikipedia.org/wiki/List_of_programming_languages
179,E,Executable UML,,,,,,,Available in GitHub Innovation Graph when reporting threshold/coverage permits,Not populated: no robust per-language gender table verified in cited published results,https://en.wikipedia.org/wiki/List_of_programming_languages
180,E,Ezhil,,,,,,,Available in GitHub Innovation Graph when reporting threshold/coverage permits,Not populated: no robust per-language gender table verified in cited published results,https://en.wikipedia.org/wiki/List_of_programming_languages
181,F,F,,,,,,,Available in GitHub Innovation Graph when reporting threshold/coverage permits,Not populated: no robust per-language gender table verified in cited published results,https://en.wikipedia.org/wiki/List_of_programming_languages
182,F,F#,,,,,,,Available in GitHub Innovation Graph when reporting threshold/coverage permits,Not populated: no robust per-language gender table verified in cited published results,https://en.wikipedia.org/wiki/List_of_programming_languages
183,F,F*,,,,,,,Available in GitHub Innovation Graph when reporting threshold/coverage permits,Not populated: no robust per-language gender table verified in cited published results,https://en.wikipedia.org/wiki/List_of_programming_languages
184,F,Factor,,,,,,,Available in GitHub Innovation Graph when reporting threshold/coverage permits,Not populated: no robust per-language gender table verified in cited published results,https://en.wikipedia.org/wiki/List_of_programming_languages
185,F,Fantom,,,,,,,Available in GitHub Innovation Graph when reporting threshold/coverage permits,Not populated: no robust per-language gender table verified in cited published results,https://en.wikipedia.org/wiki/List_of_programming_languages
186,F,FAUST,,,,,,,Available in GitHub Innovation Graph when reporting threshold/coverage permits,Not populated: no robust per-language gender table verified in cited published results,https://en.wikipedia.org/wiki/List_of_programming_languages
187,F,FFP,,,,,,,Available in GitHub Innovation Graph when reporting threshold/coverage permits,Not populated: no robust per-language gender table verified in cited published results,https://en.wikipedia.org/wiki/List_of_programming_languages
188,F,fish,,,5,48.7,,,Available in GitHub Innovation Graph when reporting threshold/coverage permits,Not populated: no robust per-language gender table verified in cited published results,https://en.wikipedia.org/wiki/List_of_programming_languages
189,F,Fjölnir,,,,,,,Available in GitHub Innovation Graph when reporting threshold/coverage permits,Not populated: no robust per-language gender table verified in cited published results,https://en.wikipedia.org/wiki/List_of_programming_languages
190,F,FL,,,,,,,Available in GitHub Innovation Graph when reporting threshold/coverage permits,Not populated: no robust per-language gender table verified in cited published results,https://en.wikipedia.org/wiki/List_of_programming_languages
191,F,Flavors,,,,,,,Available in GitHub Innovation Graph when reporting threshold/coverage permits,Not populated: no robust per-language gender table verified in cited published results,https://en.wikipedia.org/wiki/List_of_programming_languages
192,F,Flex,,,,,,,Available in GitHub Innovation Graph when reporting threshold/coverage permits,Not populated: no robust per-language gender table verified in cited published results,https://en.wikipedia.org/wiki/List_of_programming_languages
193,F,Flix,,,,,,,Available in GitHub Innovation Graph when reporting threshold/coverage permits,Not populated: no robust per-language gender table verified in cited published results,https://en.wikipedia.org/wiki/List_of_programming_languages
194,F,FlooP,,,,,,,Available in GitHub Innovation Graph when reporting threshold/coverage permits,Not populated: no robust per-language gender table verified in cited published results,https://en.wikipedia.org/wiki/List_of_programming_languages
195,F,FLOW-MATIC,,,,,,,Available in GitHub Innovation Graph when reporting threshold/coverage permits,Not populated: no robust per-language gender table verified in cited published results,https://en.wikipedia.org/wiki/List_of_programming_languages
196,F,FOCAL,,,,,,,Available in GitHub Innovation Graph when reporting threshold/coverage permits,Not populated: no robust per-language gender table verified in cited published results,https://en.wikipedia.org/wiki/List_of_programming_languages
197,F,FOCUS,,,,,,,Available in GitHub Innovation Graph when reporting threshold/coverage permits,Not populated: no robust per-language gender table verified in cited published results,https://en.wikipedia.org/wiki/List_of_programming_languages
198,F,FOIL,,,,,,,Available in GitHub Innovation Graph when reporting threshold/coverage permits,Not populated: no robust per-language gender table verified in cited published results,https://en.wikipedia.org/wiki/List_of_programming_languages
199,F,FORMAC,,,,,,,Available in GitHub Innovation Graph when reporting threshold/coverage permits,Not populated: no robust per-language gender table verified in cited published results,https://en.wikipedia.org/wiki/List_of_programming_languages
200,F,@Formula,,,,,,,Available in GitHub Innovation Graph when reporting threshold/coverage permits,Not populated: no robust per-language gender table verified in cited published results,https://en.wikipedia.org/wiki/List_of_programming_languages
201,F,Forth,,,,,,,Available in GitHub Innovation Graph when reporting threshold/coverage permits,Not populated: no robust per-language gender table verified in cited published results,https://en.wikipedia.org/wiki/List_of_programming_languages
202,F,Fortran,,,,,11,1.24,Available in GitHub Innovation Graph when reporting threshold/coverage permits,Not populated: no robust per-language gender table verified in cited published results,https://en.wikipedia.org/wiki/List_of_programming_languages
203,F,Fortress,,,,,,,Available in GitHub Innovation Graph when reporting threshold/coverage permits,Not populated: no robust per-language gender table verified in cited published results,https://en.wikipedia.org/wiki/List_of_programming_languages
204,F,FoxBase/FoxPro,,,,,,,Available in GitHub Innovation Graph when reporting threshold/coverage permits,Not populated: no robust per-language gender table verified in cited published results,https://en.wikipedia.org/wiki/List_of_programming_languages
205,F,FP,,,,,,,Available in GitHub Innovation Graph when reporting threshold/coverage permits,Not populated: no robust per-language gender table verified in cited published results,https://en.wikipedia.org/wiki/List_of_programming_languages
206,F,Franz Lisp,,,,,,,Available in GitHub Innovation Graph when reporting threshold/coverage permits,Not populated: no robust per-language gender table verified in cited published results,https://en.wikipedia.org/wiki/List_of_programming_languages
207,F,Futhark,,,,,,,Available in GitHub Innovation Graph when reporting threshold/coverage permits,Not populated: no robust per-language gender table verified in cited published results,https://en.wikipedia.org/wiki/List_of_programming_languages
208,G,Game Maker Language,,,,,,,Available in GitHub Innovation Graph when reporting threshold/coverage permits,Not populated: no robust per-language gender table verified in cited published results,https://en.wikipedia.org/wiki/List_of_programming_languages
209,G,GameMonkey Script,,,,,,,Available in GitHub Innovation Graph when reporting threshold/coverage permits,Not populated: no robust per-language gender table verified in cited published results,https://en.wikipedia.org/wiki/List_of_programming_languages
210,G,GAMS,,,,,,,Available in GitHub Innovation Graph when reporting threshold/coverage permits,Not populated: no robust per-language gender table verified in cited published results,https://en.wikipedia.org/wiki/List_of_programming_languages
211,G,GAP,,,,,,,Available in GitHub Innovation Graph when reporting threshold/coverage permits,Not populated: no robust per-language gender table verified in cited published results,https://en.wikipedia.org/wiki/List_of_programming_languages
212,G,G-code,,,,,,,Available in GitHub Innovation Graph when reporting threshold/coverage permits,Not populated: no robust per-language gender table verified in cited published results,https://en.wikipedia.org/wiki/List_of_programming_languages
213,G,GDScript,,,,,,,Available in GitHub Innovation Graph when reporting threshold/coverage permits,Not populated: no robust per-language gender table verified in cited published results,https://en.wikipedia.org/wiki/List_of_programming_languages
214,G,GDL,,,,,,,Available in GitHub Innovation Graph when reporting threshold/coverage permits,Not populated: no robust per-language gender table verified in cited published results,https://en.wikipedia.org/wiki/List_of_programming_languages
215,G,GEORGE,,,,,,,Available in GitHub Innovation Graph when reporting threshold/coverage permits,Not populated: no robust per-language gender table verified in cited published results,https://en.wikipedia.org/wiki/List_of_programming_languages
216,G,Gleam,,,,,,,Available in GitHub Innovation Graph when reporting threshold/coverage permits,Not populated: no robust per-language gender table verified in cited published results,https://en.wikipedia.org/wiki/List_of_programming_languages
217,G,GLSL,,,,,,,Available in GitHub Innovation Graph when reporting threshold/coverage permits,Not populated: no robust per-language gender table verified in cited published results,https://en.wikipedia.org/wiki/List_of_programming_languages
218,G,GNU E,,,,,,,Available in GitHub Innovation Graph when reporting threshold/coverage permits,Not populated: no robust per-language gender table verified in cited published results,https://en.wikipedia.org/wiki/List_of_programming_languages
219,G,GNU Guile,,,,,,,Available in GitHub Innovation Graph when reporting threshold/coverage permits,Not populated: no robust per-language gender table verified in cited published results,https://en.wikipedia.org/wiki/List_of_programming_languages
220,G,GNU Octave,,,,,,,Available in GitHub Innovation Graph when reporting threshold/coverage permits,Not populated: no robust per-language gender table verified in cited published results,https://en.wikipedia.org/wiki/List_of_programming_languages
221,G,Go,,,13,16.4,12,1.1,Available in GitHub Innovation Graph when reporting threshold/coverage permits,Not populated: no robust per-language gender table verified in cited published results,https://en.wikipedia.org/wiki/List_of_programming_languages
222,G,Go!,,,,,,,Available in GitHub Innovation Graph when reporting threshold/coverage permits,Not populated: no robust per-language gender table verified in cited published results,https://en.wikipedia.org/wiki/List_of_programming_languages
223,G,GOAL,,,,,,,Available in GitHub Innovation Graph when reporting threshold/coverage permits,Not populated: no robust per-language gender table verified in cited published results,https://en.wikipedia.org/wiki/List_of_programming_languages
224,G,Gödel,,,,,,,Available in GitHub Innovation Graph when reporting threshold/coverage permits,Not populated: no robust per-language gender table verified in cited published results,https://en.wikipedia.org/wiki/List_of_programming_languages
225,G,Golo,,,,,,,Available in GitHub Innovation Graph when reporting threshold/coverage permits,Not populated: no robust per-language gender table verified in cited published results,https://en.wikipedia.org/wiki/List_of_programming_languages
226,G,GOM,,,,,,,Available in GitHub Innovation Graph when reporting threshold/coverage permits,Not populated: no robust per-language gender table verified in cited published results,https://en.wikipedia.org/wiki/List_of_programming_languages
227,G,Google Apps Script,,,,,,,Available in GitHub Innovation Graph when reporting threshold/coverage permits,Not populated: no robust per-language gender table verified in cited published results,https://en.wikipedia.org/wiki/List_of_programming_languages
228,G,Gosu,,,,,,,Available in GitHub Innovation Graph when reporting threshold/coverage permits,Not populated: no robust per-language gender table verified in cited published results,https://en.wikipedia.org/wiki/List_of_programming_languages
229,G,GOTRAN,,,,,,,Available in GitHub Innovation Graph when reporting threshold/coverage permits,Not populated: no robust per-language gender table verified in cited published results,https://en.wikipedia.org/wiki/List_of_programming_languages
230,G,GPSS,,,,,,,Available in GitHub Innovation Graph when reporting threshold/coverage permits,Not populated: no robust per-language gender table verified in cited published results,https://en.wikipedia.org/wiki/List_of_programming_languages
231,G,GraphTalk,,,,,,,Available in GitHub Innovation Graph when reporting threshold/coverage permits,Not populated: no robust per-language gender table verified in cited published results,https://en.wikipedia.org/wiki/List_of_programming_languages
232,G,GRASS,,,,,,,Available in GitHub Innovation Graph when reporting threshold/coverage permits,Not populated: no robust per-language gender table verified in cited published results,https://en.wikipedia.org/wiki/List_of_programming_languages
233,G,Grasshopper,,,,,,,Available in GitHub Innovation Graph when reporting threshold/coverage permits,Not populated: no robust per-language gender table verified in cited published results,https://en.wikipedia.org/wiki/List_of_programming_languages
234,G,Groovy,,,,,,,Available in GitHub Innovation Graph when reporting threshold/coverage permits,Not populated: no robust per-language gender table verified in cited published results,https://en.wikipedia.org/wiki/List_of_programming_languages
235,H,Hack,,,,,,,Available in GitHub Innovation Graph when reporting threshold/coverage permits,Not populated: no robust per-language gender table verified in cited published results,https://en.wikipedia.org/wiki/List_of_programming_languages
236,H,HAGGIS,,,,,,,Available in GitHub Innovation Graph when reporting threshold/coverage permits,Not populated: no robust per-language gender table verified in cited published results,https://en.wikipedia.org/wiki/List_of_programming_languages
237,H,HAL/S,,,,,,,Available in GitHub Innovation Graph when reporting threshold/coverage permits,Not populated: no robust per-language gender table verified in cited published results,https://en.wikipedia.org/wiki/List_of_programming_languages
238,H,Halide,,,,,,,Available in GitHub Innovation Graph when reporting threshold/coverage permits,Not populated: no robust per-language gender table verified in cited published results,https://en.wikipedia.org/wiki/List_of_programming_languages
239,H,Hamilton C shell,,,,,,,Available in GitHub Innovation Graph when reporting threshold/coverage permits,Not populated: no robust per-language gender table verified in cited published results,https://en.wikipedia.org/wiki/List_of_programming_languages
240,H,Harbour,,,,,,,Available in GitHub Innovation Graph when reporting threshold/coverage permits,Not populated: no robust per-language gender table verified in cited published results,https://en.wikipedia.org/wiki/List_of_programming_languages
241,H,Hartmann pipelines,,,,,,,Available in GitHub Innovation Graph when reporting threshold/coverage permits,Not populated: no robust per-language gender table verified in cited published results,https://en.wikipedia.org/wiki/List_of_programming_languages
242,H,Haskell,,,,,,,Available in GitHub Innovation Graph when reporting threshold/coverage permits,Not populated: no robust per-language gender table verified in cited published results,https://en.wikipedia.org/wiki/List_of_programming_languages
243,H,Haxe,,,,,,,Available in GitHub Innovation Graph when reporting threshold/coverage permits,Not populated: no robust per-language gender table verified in cited published results,https://en.wikipedia.org/wiki/List_of_programming_languages
244,H,Hermes,,,,,,,Available in GitHub Innovation Graph when reporting threshold/coverage permits,Not populated: no robust per-language gender table verified in cited published results,https://en.wikipedia.org/wiki/List_of_programming_languages
245,H,High Level Assembly (HLA),,,17,7.1,,,Available in GitHub Innovation Graph when reporting threshold/coverage permits,Not populated: no robust per-language gender table verified in cited published results,https://en.wikipedia.org/wiki/List_of_programming_languages
246,H,HLSL,,,,,,,Available in GitHub Innovation Graph when reporting threshold/coverage permits,Not populated: no robust per-language gender table verified in cited published results,https://en.wikipedia.org/wiki/List_of_programming_languages
247,H,Hollywood,,,,,,,Available in GitHub Innovation Graph when reporting threshold/coverage permits,Not populated: no robust per-language gender table verified in cited published results,https://en.wikipedia.org/wiki/List_of_programming_languages
248,H,HolyC,,,,,,,Available in GitHub Innovation Graph when reporting threshold/coverage permits,Not populated: no robust per-language gender table verified in cited published results,https://en.wikipedia.org/wiki/List_of_programming_languages
249,H,Hop,,,,,,,Available in GitHub Innovation Graph when reporting threshold/coverage permits,Not populated: no robust per-language gender table verified in cited published results,https://en.wikipedia.org/wiki/List_of_programming_languages
250,H,Hope,,,,,,,Available in GitHub Innovation Graph when reporting threshold/coverage permits,Not populated: no robust per-language gender table verified in cited published results,https://en.wikipedia.org/wiki/List_of_programming_languages
251,H,Hopscotch,,,,,,,Available in GitHub Innovation Graph when reporting threshold/coverage permits,Not populated: no robust per-language gender table verified in cited published results,https://en.wikipedia.org/wiki/List_of_programming_languages
252,H,Hume,,,,,,,Available in GitHub Innovation Graph when reporting threshold/coverage permits,Not populated: no robust per-language gender table verified in cited published results,https://en.wikipedia.org/wiki/List_of_programming_languages
253,H,HyperTalk,,,,,,,Available in GitHub Innovation Graph when reporting threshold/coverage permits,Not populated: no robust per-language gender table verified in cited published results,https://en.wikipedia.org/wiki/List_of_programming_languages
254,H,Hy,,,,,,,Available in GitHub Innovation Graph when reporting threshold/coverage permits,Not populated: no robust per-language gender table verified in cited published results,https://en.wikipedia.org/wiki/List_of_programming_languages
255,I,IBM Basic assembly language and successors,,,,,,,Available in GitHub Innovation Graph when reporting threshold/coverage permits,Not populated: no robust per-language gender table verified in cited published results,https://en.wikipedia.org/wiki/List_of_programming_languages
256,I,IBM Informix-4GL,,,,,,,Available in GitHub Innovation Graph when reporting threshold/coverage permits,Not populated: no robust per-language gender table verified in cited published results,https://en.wikipedia.org/wiki/List_of_programming_languages
257,I,IBM RPG,,,,,,,Available in GitHub Innovation Graph when reporting threshold/coverage permits,Not populated: no robust per-language gender table verified in cited published results,https://en.wikipedia.org/wiki/List_of_programming_languages
258,I,Icon,,,,,,,Available in GitHub Innovation Graph when reporting threshold/coverage permits,Not populated: no robust per-language gender table verified in cited published results,https://en.wikipedia.org/wiki/List_of_programming_languages
259,I,IDL,,,,,,,Available in GitHub Innovation Graph when reporting threshold/coverage permits,Not populated: no robust per-language gender table verified in cited published results,https://en.wikipedia.org/wiki/List_of_programming_languages
260,I,Idris,,,,,,,Available in GitHub Innovation Graph when reporting threshold/coverage permits,Not populated: no robust per-language gender table verified in cited published results,https://en.wikipedia.org/wiki/List_of_programming_languages
261,I,Inform,,,,,,,Available in GitHub Innovation Graph when reporting threshold/coverage permits,Not populated: no robust per-language gender table verified in cited published results,https://en.wikipedia.org/wiki/List_of_programming_languages
262,I,Instruction List,,,,,,,Available in GitHub Innovation Graph when reporting threshold/coverage permits,Not populated: no robust per-language gender table verified in cited published results,https://en.wikipedia.org/wiki/List_of_programming_languages
263,I,Io,,,,,,,Available in GitHub Innovation Graph when reporting threshold/coverage permits,Not populated: no robust per-language gender table verified in cited published results,https://en.wikipedia.org/wiki/List_of_programming_languages
264,I,ISLISP,,,,,,,Available in GitHub Innovation Graph when reporting threshold/coverage permits,Not populated: no robust per-language gender table verified in cited published results,https://en.wikipedia.org/wiki/List_of_programming_languages
265,J,J,,,,,,,Available in GitHub Innovation Graph when reporting threshold/coverage permits,Not populated: no robust per-language gender table verified in cited published results,https://en.wikipedia.org/wiki/List_of_programming_languages
266,J,J#,,,,,,,Available in GitHub Innovation Graph when reporting threshold/coverage permits,Not populated: no robust per-language gender table verified in cited published results,https://en.wikipedia.org/wiki/List_of_programming_languages
267,J,J++,,,,,,,Available in GitHub Innovation Graph when reporting threshold/coverage permits,Not populated: no robust per-language gender table verified in cited published results,https://en.wikipedia.org/wiki/List_of_programming_languages
268,J,JADE,,,,,,,Available in GitHub Innovation Graph when reporting threshold/coverage permits,Not populated: no robust per-language gender table verified in cited published results,https://en.wikipedia.org/wiki/List_of_programming_languages
269,J,JAL,,,,,,,Available in GitHub Innovation Graph when reporting threshold/coverage permits,Not populated: no robust per-language gender table verified in cited published results,https://en.wikipedia.org/wiki/List_of_programming_languages
270,J,Janus (concurrent constraint),,,,,,,Available in GitHub Innovation Graph when reporting threshold/coverage permits,Not populated: no robust per-language gender table verified in cited published results,https://en.wikipedia.org/wiki/List_of_programming_languages
271,J,Janus (time-reversible),,,,,,,Available in GitHub Innovation Graph when reporting threshold/coverage permits,Not populated: no robust per-language gender table verified in cited published results,https://en.wikipedia.org/wiki/List_of_programming_languages
272,J,JASS,,,,,,,Available in GitHub Innovation Graph when reporting threshold/coverage permits,Not populated: no robust per-language gender table verified in cited published results,https://en.wikipedia.org/wiki/List_of_programming_languages
273,J,Java,4,1100000,7,29.4,4,7.54,Available in GitHub Innovation Graph when reporting threshold/coverage permits,Not populated: no robust per-language gender table verified in cited published results,https://en.wikipedia.org/wiki/List_of_programming_languages
274,J,JavaFX Script,,,,,,,Available in GitHub Innovation Graph when reporting threshold/coverage permits,Not populated: no robust per-language gender table verified in cited published results,https://en.wikipedia.org/wiki/List_of_programming_languages
275,J,JavaScript,1,5700000,1,66.0,6,2.76,Available in GitHub Innovation Graph when reporting threshold/coverage permits,Not populated: no robust per-language gender table verified in cited published results,https://en.wikipedia.org/wiki/List_of_programming_languages
276,J,JCL,,,,,,,Available in GitHub Innovation Graph when reporting threshold/coverage permits,Not populated: no robust per-language gender table verified in cited published results,https://en.wikipedia.org/wiki/List_of_programming_languages
277,J,JEAN,,,,,,,Available in GitHub Innovation Graph when reporting threshold/coverage permits,Not populated: no robust per-language gender table verified in cited published results,https://en.wikipedia.org/wiki/List_of_programming_languages
278,J,Jess,,,,,,,Available in GitHub Innovation Graph when reporting threshold/coverage permits,Not populated: no robust per-language gender table verified in cited published results,https://en.wikipedia.org/wiki/List_of_programming_languages
279,J,Join Java,,,,,,,Available in GitHub Innovation Graph when reporting threshold/coverage permits,Not populated: no robust per-language gender table verified in cited published results,https://en.wikipedia.org/wiki/List_of_programming_languages
280,J,JOSS,,,,,,,Available in GitHub Innovation Graph when reporting threshold/coverage permits,Not populated: no robust per-language gender table verified in cited published results,https://en.wikipedia.org/wiki/List_of_programming_languages
281,J,Joule,,,,,,,Available in GitHub Innovation Graph when reporting threshold/coverage permits,Not populated: no robust per-language gender table verified in cited published results,https://en.wikipedia.org/wiki/List_of_programming_languages
282,J,JOVIAL,,,,,,,Available in GitHub Innovation Graph when reporting threshold/coverage permits,Not populated: no robust per-language gender table verified in cited published results,https://en.wikipedia.org/wiki/List_of_programming_languages
283,J,Joy,,,,,,,Available in GitHub Innovation Graph when reporting threshold/coverage permits,Not populated: no robust per-language gender table verified in cited published results,https://en.wikipedia.org/wiki/List_of_programming_languages
284,J,jq,,,,,,,Available in GitHub Innovation Graph when reporting threshold/coverage permits,Not populated: no robust per-language gender table verified in cited published results,https://en.wikipedia.org/wiki/List_of_programming_languages
285,J,JScript,,,,,,,Available in GitHub Innovation Graph when reporting threshold/coverage permits,Not populated: no robust per-language gender table verified in cited published results,https://en.wikipedia.org/wiki/List_of_programming_languages
286,J,JScript .NET,,,,,,,Available in GitHub Innovation Graph when reporting threshold/coverage permits,Not populated: no robust per-language gender table verified in cited published results,https://en.wikipedia.org/wiki/List_of_programming_languages
287,J,Julia,,,,,,,Available in GitHub Innovation Graph when reporting threshold/coverage permits,Not populated: no robust per-language gender table verified in cited published results,https://en.wikipedia.org/wiki/List_of_programming_languages
288,J,Jython,,,,,,,Available in GitHub Innovation Graph when reporting threshold/coverage permits,Not populated: no robust per-language gender table verified in cited published results,https://en.wikipedia.org/wiki/List_of_programming_languages
289,K,K,,,,,,,Available in GitHub Innovation Graph when reporting threshold/coverage permits,Not populated: no robust per-language gender table verified in cited published results,https://en.wikipedia.org/wiki/List_of_programming_languages
290,K,Kaleidoscope,,,,,,,Available in GitHub Innovation Graph when reporting threshold/coverage permits,Not populated: no robust per-language gender table verified in cited published results,https://en.wikipedia.org/wiki/List_of_programming_languages
291,K,Karel,,,,,,,Available in GitHub Innovation Graph when reporting threshold/coverage permits,Not populated: no robust per-language gender table verified in cited published results,https://en.wikipedia.org/wiki/List_of_programming_languages
292,K,KEE,,,,,,,Available in GitHub Innovation Graph when reporting threshold/coverage permits,Not populated: no robust per-language gender table verified in cited published results,https://en.wikipedia.org/wiki/List_of_programming_languages
293,K,KRC,,,,,,,Available in GitHub Innovation Graph when reporting threshold/coverage permits,Not populated: no robust per-language gender table verified in cited published results,https://en.wikipedia.org/wiki/List_of_programming_languages
294,K,KiXtart,,,,,,,Available in GitHub Innovation Graph when reporting threshold/coverage permits,Not populated: no robust per-language gender table verified in cited published results,https://en.wikipedia.org/wiki/List_of_programming_languages
295,K,Klerer-May System,,,,,,,Available in GitHub Innovation Graph when reporting threshold/coverage permits,Not populated: no robust per-language gender table verified in cited published results,https://en.wikipedia.org/wiki/List_of_programming_languages
296,K,KIF,,,,,,,Available in GitHub Innovation Graph when reporting threshold/coverage permits,Not populated: no robust per-language gender table verified in cited published results,https://en.wikipedia.org/wiki/List_of_programming_languages
297,K,Kodu,,,,,,,Available in GitHub Innovation Graph when reporting threshold/coverage permits,Not populated: no robust per-language gender table verified in cited published results,https://en.wikipedia.org/wiki/List_of_programming_languages
298,K,Kojo,,,,,,,Available in GitHub Innovation Graph when reporting threshold/coverage permits,Not populated: no robust per-language gender table verified in cited published results,https://en.wikipedia.org/wiki/List_of_programming_languages
299,K,Kotlin,9,433600,15,10.8,,,Available in GitHub Innovation Graph when reporting threshold/coverage permits,Not populated: no robust per-language gender table verified in cited published results,https://en.wikipedia.org/wiki/List_of_programming_languages
300,K,KRL,,,,,,,Available in GitHub Innovation Graph when reporting threshold/coverage permits,Not populated: no robust per-language gender table verified in cited published results,https://en.wikipedia.org/wiki/List_of_programming_languages
301,K,KUKA Robot Language,,,,,,,Available in GitHub Innovation Graph when reporting threshold/coverage permits,Not populated: no robust per-language gender table verified in cited published results,https://en.wikipedia.org/wiki/List_of_programming_languages
302,K,KRYPTON,,,,,,,Available in GitHub Innovation Graph when reporting threshold/coverage permits,Not populated: no robust per-language gender table verified in cited published results,https://en.wikipedia.org/wiki/List_of_programming_languages
303,K,KornShell,,,5,48.7,,,Available in GitHub Innovation Graph when reporting threshold/coverage permits,Not populated: no robust per-language gender table verified in cited published results,https://en.wikipedia.org/wiki/List_of_programming_languages
304,K,Kv,,,,,,,Available in GitHub Innovation Graph when reporting threshold/coverage permits,Not populated: no robust per-language gender table verified in cited published results,https://en.wikipedia.org/wiki/List_of_programming_languages
305,L,LabVIEW,,,,,,,Available in GitHub Innovation Graph when reporting threshold/coverage permits,Not populated: no robust per-language gender table verified in cited published results,https://en.wikipedia.org/wiki/List_of_programming_languages
306,L,Ladder,,,,,,,Available in GitHub Innovation Graph when reporting threshold/coverage permits,Not populated: no robust per-language gender table verified in cited published results,https://en.wikipedia.org/wiki/List_of_programming_languages
307,L,Language H,,,,,,,Available in GitHub Innovation Graph when reporting threshold/coverage permits,Not populated: no robust per-language gender table verified in cited published results,https://en.wikipedia.org/wiki/List_of_programming_languages
308,L,LANSA,,,,,,,Available in GitHub Innovation Graph when reporting threshold/coverage permits,Not populated: no robust per-language gender table verified in cited published results,https://en.wikipedia.org/wiki/List_of_programming_languages
309,L,Lasso,,,,,,,Available in GitHub Innovation Graph when reporting threshold/coverage permits,Not populated: no robust per-language gender table verified in cited published results,https://en.wikipedia.org/wiki/List_of_programming_languages
310,L,LC-3,,,,,,,Available in GitHub Innovation Graph when reporting threshold/coverage permits,Not populated: no robust per-language gender table verified in cited published results,https://en.wikipedia.org/wiki/List_of_programming_languages
311,L,Lean,,,,,,,Available in GitHub Innovation Graph when reporting threshold/coverage permits,Not populated: no robust per-language gender table verified in cited published results,https://en.wikipedia.org/wiki/List_of_programming_languages
312,L,Legoscript,,,,,,,Available in GitHub Innovation Graph when reporting threshold/coverage permits,Not populated: no robust per-language gender table verified in cited published results,https://en.wikipedia.org/wiki/List_of_programming_languages
313,L,LIL,,,,,,,Available in GitHub Innovation Graph when reporting threshold/coverage permits,Not populated: no robust per-language gender table verified in cited published results,https://en.wikipedia.org/wiki/List_of_programming_languages
314,L,LilyPond,,,,,,,Available in GitHub Innovation Graph when reporting threshold/coverage permits,Not populated: no robust per-language gender table verified in cited published results,https://en.wikipedia.org/wiki/List_of_programming_languages
315,L,Limbo,,,,,,,Available in GitHub Innovation Graph when reporting threshold/coverage permits,Not populated: no robust per-language gender table verified in cited published results,https://en.wikipedia.org/wiki/List_of_programming_languages
316,L,LINC,,,,,,,Available in GitHub Innovation Graph when reporting threshold/coverage permits,Not populated: no robust per-language gender table verified in cited published results,https://en.wikipedia.org/wiki/List_of_programming_languages
317,L,Lingo,,,,,,,Available in GitHub Innovation Graph when reporting threshold/coverage permits,Not populated: no robust per-language gender table verified in cited published results,https://en.wikipedia.org/wiki/List_of_programming_languages
318,L,LINQ,,,,,,,Available in GitHub Innovation Graph when reporting threshold/coverage permits,Not populated: no robust per-language gender table verified in cited published results,https://en.wikipedia.org/wiki/List_of_programming_languages
319,L,LIS,,,,,,,Available in GitHub Innovation Graph when reporting threshold/coverage permits,Not populated: no robust per-language gender table verified in cited published results,https://en.wikipedia.org/wiki/List_of_programming_languages
320,L,LISA,,,,,,,Available in GitHub Innovation Graph when reporting threshold/coverage permits,Not populated: no robust per-language gender table verified in cited published results,https://en.wikipedia.org/wiki/List_of_programming_languages
321,L,Lisp,,,,,,,Available in GitHub Innovation Graph when reporting threshold/coverage permits,Not populated: no robust per-language gender table verified in cited published results,https://en.wikipedia.org/wiki/List_of_programming_languages
322,L,Lithe,,,,,,,Available in GitHub Innovation Graph when reporting threshold/coverage permits,Not populated: no robust per-language gender table verified in cited published results,https://en.wikipedia.org/wiki/List_of_programming_languages
323,L,Little b,,,,,,,Available in GitHub Innovation Graph when reporting threshold/coverage permits,Not populated: no robust per-language gender table verified in cited published results,https://en.wikipedia.org/wiki/List_of_programming_languages
324,L,LiveCode,,,,,,,Available in GitHub Innovation Graph when reporting threshold/coverage permits,Not populated: no robust per-language gender table verified in cited published results,https://en.wikipedia.org/wiki/List_of_programming_languages
325,L,LiveScript,,,,,,,Available in GitHub Innovation Graph when reporting threshold/coverage permits,Not populated: no robust per-language gender table verified in cited published results,https://en.wikipedia.org/wiki/List_of_programming_languages
326,L,LLL,,,,,,,Available in GitHub Innovation Graph when reporting threshold/coverage permits,Not populated: no robust per-language gender table verified in cited published results,https://en.wikipedia.org/wiki/List_of_programming_languages
327,L,Logo,,,,,,,Available in GitHub Innovation Graph when reporting threshold/coverage permits,Not populated: no robust per-language gender table verified in cited published results,https://en.wikipedia.org/wiki/List_of_programming_languages
328,L,Logtalk,,,,,,,Available in GitHub Innovation Graph when reporting threshold/coverage permits,Not populated: no robust per-language gender table verified in cited published results,https://en.wikipedia.org/wiki/List_of_programming_languages
329,L,LotusScript,,,,,,,Available in GitHub Innovation Graph when reporting threshold/coverage permits,Not populated: no robust per-language gender table verified in cited published results,https://en.wikipedia.org/wiki/List_of_programming_languages
330,L,LPC,,,,,,,Available in GitHub Innovation Graph when reporting threshold/coverage permits,Not populated: no robust per-language gender table verified in cited published results,https://en.wikipedia.org/wiki/List_of_programming_languages
331,L,LSE,,,,,,,Available in GitHub Innovation Graph when reporting threshold/coverage permits,Not populated: no robust per-language gender table verified in cited published results,https://en.wikipedia.org/wiki/List_of_programming_languages
332,L,LSL,,,,,,,Available in GitHub Innovation Graph when reporting threshold/coverage permits,Not populated: no robust per-language gender table verified in cited published results,https://en.wikipedia.org/wiki/List_of_programming_languages
333,L,Lua,,,16,9.2,,,Available in GitHub Innovation Graph when reporting threshold/coverage permits,Not populated: no robust per-language gender table verified in cited published results,https://en.wikipedia.org/wiki/List_of_programming_languages
334,L,Luau,,,,,,,Available in GitHub Innovation Graph when reporting threshold/coverage permits,Not populated: no robust per-language gender table verified in cited published results,https://en.wikipedia.org/wiki/List_of_programming_languages
335,L,Lucid,,,,,,,Available in GitHub Innovation Graph when reporting threshold/coverage permits,Not populated: no robust per-language gender table verified in cited published results,https://en.wikipedia.org/wiki/List_of_programming_languages
336,L,Lustre,,,,,,,Available in GitHub Innovation Graph when reporting threshold/coverage permits,Not populated: no robust per-language gender table verified in cited published results,https://en.wikipedia.org/wiki/List_of_programming_languages
337,L,LYaPAS,,,,,,,Available in GitHub Innovation Graph when reporting threshold/coverage permits,Not populated: no robust per-language gender table verified in cited published results,https://en.wikipedia.org/wiki/List_of_programming_languages
338,L,Lynx,,,,,,,Available in GitHub Innovation Graph when reporting threshold/coverage permits,Not populated: no robust per-language gender table verified in cited published results,https://en.wikipedia.org/wiki/List_of_programming_languages
339,M,M Formula language,,,,,,,Available in GitHub Innovation Graph when reporting threshold/coverage permits,Not populated: no robust per-language gender table verified in cited published results,https://en.wikipedia.org/wiki/List_of_programming_languages
340,M,M4,,,,,,,Available in GitHub Innovation Graph when reporting threshold/coverage permits,Not populated: no robust per-language gender table verified in cited published results,https://en.wikipedia.org/wiki/List_of_programming_languages
341,M,Machine code,,,,,,,Available in GitHub Innovation Graph when reporting threshold/coverage permits,Not populated: no robust per-language gender table verified in cited published results,https://en.wikipedia.org/wiki/List_of_programming_languages
342,M,MAD,,,,,,,Available in GitHub Innovation Graph when reporting threshold/coverage permits,Not populated: no robust per-language gender table verified in cited published results,https://en.wikipedia.org/wiki/List_of_programming_languages
343,M,MAD/I,,,,,,,Available in GitHub Innovation Graph when reporting threshold/coverage permits,Not populated: no robust per-language gender table verified in cited published results,https://en.wikipedia.org/wiki/List_of_programming_languages
344,M,Magik,,,,,,,Available in GitHub Innovation Graph when reporting threshold/coverage permits,Not populated: no robust per-language gender table verified in cited published results,https://en.wikipedia.org/wiki/List_of_programming_languages
345,M,Magma,,,,,,,Available in GitHub Innovation Graph when reporting threshold/coverage permits,Not populated: no robust per-language gender table verified in cited published results,https://en.wikipedia.org/wiki/List_of_programming_languages
346,M,Maple,,,,,,,Available in GitHub Innovation Graph when reporting threshold/coverage permits,Not populated: no robust per-language gender table verified in cited published results,https://en.wikipedia.org/wiki/List_of_programming_languages
347,M,MAPPER,,,,,,,Available in GitHub Innovation Graph when reporting threshold/coverage permits,Not populated: no robust per-language gender table verified in cited published results,https://en.wikipedia.org/wiki/List_of_programming_languages
348,M,MARK-IV,,,,,,,Available in GitHub Innovation Graph when reporting threshold/coverage permits,Not populated: no robust per-language gender table verified in cited published results,https://en.wikipedia.org/wiki/List_of_programming_languages
349,M,Mary,,,,,,,Available in GitHub Innovation Graph when reporting threshold/coverage permits,Not populated: no robust per-language gender table verified in cited published results,https://en.wikipedia.org/wiki/List_of_programming_languages
350,M,MASM,,,17,7.1,,,Available in GitHub Innovation Graph when reporting threshold/coverage permits,Not populated: no robust per-language gender table verified in cited published results,https://en.wikipedia.org/wiki/List_of_programming_languages
351,M,MATLAB,,,,,,,Available in GitHub Innovation Graph when reporting threshold/coverage permits,Not populated: no robust per-language gender table verified in cited published results,https://en.wikipedia.org/wiki/List_of_programming_languages
352,M,MATH-MATIC,,,,,,,Available in GitHub Innovation Graph when reporting threshold/coverage permits,Not populated: no robust per-language gender table verified in cited published results,https://en.wikipedia.org/wiki/List_of_programming_languages
353,M,Maude system,,,,,,,Available in GitHub Innovation Graph when reporting threshold/coverage permits,Not populated: no robust per-language gender table verified in cited published results,https://en.wikipedia.org/wiki/List_of_programming_languages
354,M,Max,,,,,,,Available in GitHub Innovation Graph when reporting threshold/coverage permits,Not populated: no robust per-language gender table verified in cited published results,https://en.wikipedia.org/wiki/List_of_programming_languages
355,M,Maxima,,,,,,,Available in GitHub Innovation Graph when reporting threshold/coverage permits,Not populated: no robust per-language gender table verified in cited published results,https://en.wikipedia.org/wiki/List_of_programming_languages
356,M,MaxScript,,,,,,,Available in GitHub Innovation Graph when reporting threshold/coverage permits,Not populated: no robust per-language gender table verified in cited published results,https://en.wikipedia.org/wiki/List_of_programming_languages
357,M,Maya MEL,,,,,,,Available in GitHub Innovation Graph when reporting threshold/coverage permits,Not populated: no robust per-language gender table verified in cited published results,https://en.wikipedia.org/wiki/List_of_programming_languages
358,M,MDL,,,,,,,Available in GitHub Innovation Graph when reporting threshold/coverage permits,Not populated: no robust per-language gender table verified in cited published results,https://en.wikipedia.org/wiki/List_of_programming_languages
359,M,Mercury,,,,,,,Available in GitHub Innovation Graph when reporting threshold/coverage permits,Not populated: no robust per-language gender table verified in cited published results,https://en.wikipedia.org/wiki/List_of_programming_languages
360,M,Mesa,,,,,,,Available in GitHub Innovation Graph when reporting threshold/coverage permits,Not populated: no robust per-language gender table verified in cited published results,https://en.wikipedia.org/wiki/List_of_programming_languages
361,M,MHEG-5,,,,,,,Available in GitHub Innovation Graph when reporting threshold/coverage permits,Not populated: no robust per-language gender table verified in cited published results,https://en.wikipedia.org/wiki/List_of_programming_languages
362,M,Microcode,,,,,,,Available in GitHub Innovation Graph when reporting threshold/coverage permits,Not populated: no robust per-language gender table verified in cited published results,https://en.wikipedia.org/wiki/List_of_programming_languages
363,M,Microsoft Power Fx,,,,,,,Available in GitHub Innovation Graph when reporting threshold/coverage permits,Not populated: no robust per-language gender table verified in cited published results,https://en.wikipedia.org/wiki/List_of_programming_languages
364,M,MIIS,,,,,,,Available in GitHub Innovation Graph when reporting threshold/coverage permits,Not populated: no robust per-language gender table verified in cited published results,https://en.wikipedia.org/wiki/List_of_programming_languages
365,M,MIMIC,,,,,,,Available in GitHub Innovation Graph when reporting threshold/coverage permits,Not populated: no robust per-language gender table verified in cited published results,https://en.wikipedia.org/wiki/List_of_programming_languages
366,M,Mirah,,,,,,,Available in GitHub Innovation Graph when reporting threshold/coverage permits,Not populated: no robust per-language gender table verified in cited published results,https://en.wikipedia.org/wiki/List_of_programming_languages
367,M,Miranda,,,,,,,Available in GitHub Innovation Graph when reporting threshold/coverage permits,Not populated: no robust per-language gender table verified in cited published results,https://en.wikipedia.org/wiki/List_of_programming_languages
368,M,MIVA Script,,,,,,,Available in GitHub Innovation Graph when reporting threshold/coverage permits,Not populated: no robust per-language gender table verified in cited published results,https://en.wikipedia.org/wiki/List_of_programming_languages
369,M,ML,,,,,,,Available in GitHub Innovation Graph when reporting threshold/coverage permits,Not populated: no robust per-language gender table verified in cited published results,https://en.wikipedia.org/wiki/List_of_programming_languages
370,M,Model 204,,,,,,,Available in GitHub Innovation Graph when reporting threshold/coverage permits,Not populated: no robust per-language gender table verified in cited published results,https://en.wikipedia.org/wiki/List_of_programming_languages
371,M,Modelica,,,,,,,Available in GitHub Innovation Graph when reporting threshold/coverage permits,Not populated: no robust per-language gender table verified in cited published results,https://en.wikipedia.org/wiki/List_of_programming_languages
372,M,Modula,,,,,,,Available in GitHub Innovation Graph when reporting threshold/coverage permits,Not populated: no robust per-language gender table verified in cited published results,https://en.wikipedia.org/wiki/List_of_programming_languages
373,M,Modula-2,,,,,,,Available in GitHub Innovation Graph when reporting threshold/coverage permits,Not populated: no robust per-language gender table verified in cited published results,https://en.wikipedia.org/wiki/List_of_programming_languages
374,M,Modula-3,,,,,,,Available in GitHub Innovation Graph when reporting threshold/coverage permits,Not populated: no robust per-language gender table verified in cited published results,https://en.wikipedia.org/wiki/List_of_programming_languages
375,M,Mohol,,,,,,,Available in GitHub Innovation Graph when reporting threshold/coverage permits,Not populated: no robust per-language gender table verified in cited published results,https://en.wikipedia.org/wiki/List_of_programming_languages
376,M,Mojo,,,,,,,Available in GitHub Innovation Graph when reporting threshold/coverage permits,Not populated: no robust per-language gender table verified in cited published results,https://en.wikipedia.org/wiki/List_of_programming_languages
377,M,MOO,,,,,,,Available in GitHub Innovation Graph when reporting threshold/coverage permits,Not populated: no robust per-language gender table verified in cited published results,https://en.wikipedia.org/wiki/List_of_programming_languages
378,M,Mortran,,,,,,,Available in GitHub Innovation Graph when reporting threshold/coverage permits,Not populated: no robust per-language gender table verified in cited published results,https://en.wikipedia.org/wiki/List_of_programming_languages
379,M,Mouse,,,,,,,Available in GitHub Innovation Graph when reporting threshold/coverage permits,Not populated: no robust per-language gender table verified in cited published results,https://en.wikipedia.org/wiki/List_of_programming_languages
380,M,MPD,,,,,,,Available in GitHub Innovation Graph when reporting threshold/coverage permits,Not populated: no robust per-language gender table verified in cited published results,https://en.wikipedia.org/wiki/List_of_programming_languages
381,M,MSL,,,,,,,Available in GitHub Innovation Graph when reporting threshold/coverage permits,Not populated: no robust per-language gender table verified in cited published results,https://en.wikipedia.org/wiki/List_of_programming_languages
382,M,MUMPS,,,,,,,Available in GitHub Innovation Graph when reporting threshold/coverage permits,Not populated: no robust per-language gender table verified in cited published results,https://en.wikipedia.org/wiki/List_of_programming_languages
383,M,MuPAD,,,,,,,Available in GitHub Innovation Graph when reporting threshold/coverage permits,Not populated: no robust per-language gender table verified in cited published results,https://en.wikipedia.org/wiki/List_of_programming_languages
384,M,Mystic Programming Language,,,,,,,Available in GitHub Innovation Graph when reporting threshold/coverage permits,Not populated: no robust per-language gender table verified in cited published results,https://en.wikipedia.org/wiki/List_of_programming_languages
385,N,Napier88,,,,,,,Available in GitHub Innovation Graph when reporting threshold/coverage permits,Not populated: no robust per-language gender table verified in cited published results,https://en.wikipedia.org/wiki/List_of_programming_languages
386,N,NASM,,,17,7.1,,,Available in GitHub Innovation Graph when reporting threshold/coverage permits,Not populated: no robust per-language gender table verified in cited published results,https://en.wikipedia.org/wiki/List_of_programming_languages
387,N,Neko,,,,,,,Available in GitHub Innovation Graph when reporting threshold/coverage permits,Not populated: no robust per-language gender table verified in cited published results,https://en.wikipedia.org/wiki/List_of_programming_languages
388,N,NELIAC,,,,,,,Available in GitHub Innovation Graph when reporting threshold/coverage permits,Not populated: no robust per-language gender table verified in cited published results,https://en.wikipedia.org/wiki/List_of_programming_languages
389,N,Nemerle,,,,,,,Available in GitHub Innovation Graph when reporting threshold/coverage permits,Not populated: no robust per-language gender table verified in cited published results,https://en.wikipedia.org/wiki/List_of_programming_languages
390,N,NESL,,,,,,,Available in GitHub Innovation Graph when reporting threshold/coverage permits,Not populated: no robust per-language gender table verified in cited published results,https://en.wikipedia.org/wiki/List_of_programming_languages
391,N,Net.Data,,,,,,,Available in GitHub Innovation Graph when reporting threshold/coverage permits,Not populated: no robust per-language gender table verified in cited published results,https://en.wikipedia.org/wiki/List_of_programming_languages
392,N,NetLogo,,,,,,,Available in GitHub Innovation Graph when reporting threshold/coverage permits,Not populated: no robust per-language gender table verified in cited published results,https://en.wikipedia.org/wiki/List_of_programming_languages
393,N,NetRexx,,,,,,,Available in GitHub Innovation Graph when reporting threshold/coverage permits,Not populated: no robust per-language gender table verified in cited published results,https://en.wikipedia.org/wiki/List_of_programming_languages
394,N,NewLISP,,,,,,,Available in GitHub Innovation Graph when reporting threshold/coverage permits,Not populated: no robust per-language gender table verified in cited published results,https://en.wikipedia.org/wiki/List_of_programming_languages
395,N,NEWP,,,,,,,Available in GitHub Innovation Graph when reporting threshold/coverage permits,Not populated: no robust per-language gender table verified in cited published results,https://en.wikipedia.org/wiki/List_of_programming_languages
396,N,Newspeak,,,,,,,Available in GitHub Innovation Graph when reporting threshold/coverage permits,Not populated: no robust per-language gender table verified in cited published results,https://en.wikipedia.org/wiki/List_of_programming_languages
397,N,NewtonScript,,,,,,,Available in GitHub Innovation Graph when reporting threshold/coverage permits,Not populated: no robust per-language gender table verified in cited published results,https://en.wikipedia.org/wiki/List_of_programming_languages
398,N,Nial,,,,,,,Available in GitHub Innovation Graph when reporting threshold/coverage permits,Not populated: no robust per-language gender table verified in cited published results,https://en.wikipedia.org/wiki/List_of_programming_languages
399,N,Nim,,,,,,,Available in GitHub Innovation Graph when reporting threshold/coverage permits,Not populated: no robust per-language gender table verified in cited published results,https://en.wikipedia.org/wiki/List_of_programming_languages
400,N,Nix,,,,,,,Available in GitHub Innovation Graph when reporting threshold/coverage permits,Not populated: no robust per-language gender table verified in cited published results,https://en.wikipedia.org/wiki/List_of_programming_languages
401,N,Nord Programming Language,,,,,,,Available in GitHub Innovation Graph when reporting threshold/coverage permits,Not populated: no robust per-language gender table verified in cited published results,https://en.wikipedia.org/wiki/List_of_programming_languages
402,N,NXC,,,,,,,Available in GitHub Innovation Graph when reporting threshold/coverage permits,Not populated: no robust per-language gender table verified in cited published results,https://en.wikipedia.org/wiki/List_of_programming_languages
403,N,NQC,,,,,,,Available in GitHub Innovation Graph when reporting threshold/coverage permits,Not populated: no robust per-language gender table verified in cited published results,https://en.wikipedia.org/wiki/List_of_programming_languages
404,N,Nu,,,,,,,Available in GitHub Innovation Graph when reporting threshold/coverage permits,Not populated: no robust per-language gender table verified in cited published results,https://en.wikipedia.org/wiki/List_of_programming_languages
405,N,NSIS,,,,,,,Available in GitHub Innovation Graph when reporting threshold/coverage permits,Not populated: no robust per-language gender table verified in cited published results,https://en.wikipedia.org/wiki/List_of_programming_languages
406,N,NWScript,,,,,,,Available in GitHub Innovation Graph when reporting threshold/coverage permits,Not populated: no robust per-language gender table verified in cited published results,https://en.wikipedia.org/wiki/List_of_programming_languages
407,N,NXT-G,,,,,,,Available in GitHub Innovation Graph when reporting threshold/coverage permits,Not populated: no robust per-language gender table verified in cited published results,https://en.wikipedia.org/wiki/List_of_programming_languages
408,O,o:XML,,,,,,,Available in GitHub Innovation Graph when reporting threshold/coverage permits,Not populated: no robust per-language gender table verified in cited published results,https://en.wikipedia.org/wiki/List_of_programming_languages
409,O,Oak,,,,,,,Available in GitHub Innovation Graph when reporting threshold/coverage permits,Not populated: no robust per-language gender table verified in cited published results,https://en.wikipedia.org/wiki/List_of_programming_languages
410,O,Oberon,,,,,,,Available in GitHub Innovation Graph when reporting threshold/coverage permits,Not populated: no robust per-language gender table verified in cited published results,https://en.wikipedia.org/wiki/List_of_programming_languages
411,O,OBJ2,,,,,,,Available in GitHub Innovation Graph when reporting threshold/coverage permits,Not populated: no robust per-language gender table verified in cited published results,https://en.wikipedia.org/wiki/List_of_programming_languages
412,O,Object Lisp,,,,,,,Available in GitHub Innovation Graph when reporting threshold/coverage permits,Not populated: no robust per-language gender table verified in cited published results,https://en.wikipedia.org/wiki/List_of_programming_languages
413,O,ObjectLOGO,,,,,,,Available in GitHub Innovation Graph when reporting threshold/coverage permits,Not populated: no robust per-language gender table verified in cited published results,https://en.wikipedia.org/wiki/List_of_programming_languages
414,O,Object REXX,,,,,,,Available in GitHub Innovation Graph when reporting threshold/coverage permits,Not populated: no robust per-language gender table verified in cited published results,https://en.wikipedia.org/wiki/List_of_programming_languages
415,O,Object Pascal,,,,,13,1.08,Available in GitHub Innovation Graph when reporting threshold/coverage permits,Not populated: no robust per-language gender table verified in cited published results,https://en.wikipedia.org/wiki/List_of_programming_languages
416,O,Objective-C,,,,,19,0.81,Available in GitHub Innovation Graph when reporting threshold/coverage permits,Not populated: no robust per-language gender table verified in cited published results,https://en.wikipedia.org/wiki/List_of_programming_languages
417,O,Obliq,,,,,,,Available in GitHub Innovation Graph when reporting threshold/coverage permits,Not populated: no robust per-language gender table verified in cited published results,https://en.wikipedia.org/wiki/List_of_programming_languages
418,O,OCaml,,,,,,,Available in GitHub Innovation Graph when reporting threshold/coverage permits,Not populated: no robust per-language gender table verified in cited published results,https://en.wikipedia.org/wiki/List_of_programming_languages
419,O,occam,,,,,,,Available in GitHub Innovation Graph when reporting threshold/coverage permits,Not populated: no robust per-language gender table verified in cited published results,https://en.wikipedia.org/wiki/List_of_programming_languages
420,O,occam-π,,,,,,,Available in GitHub Innovation Graph when reporting threshold/coverage permits,Not populated: no robust per-language gender table verified in cited published results,https://en.wikipedia.org/wiki/List_of_programming_languages
421,O,OmniMark,,,,,,,Available in GitHub Innovation Graph when reporting threshold/coverage permits,Not populated: no robust per-language gender table verified in cited published results,https://en.wikipedia.org/wiki/List_of_programming_languages
422,O,Opa,,,,,,,Available in GitHub Innovation Graph when reporting threshold/coverage permits,Not populated: no robust per-language gender table verified in cited published results,https://en.wikipedia.org/wiki/List_of_programming_languages
423,O,Opal,,,,,,,Available in GitHub Innovation Graph when reporting threshold/coverage permits,Not populated: no robust per-language gender table verified in cited published results,https://en.wikipedia.org/wiki/List_of_programming_languages
424,O,Open Programming Language (OPL),,,,,,,Available in GitHub Innovation Graph when reporting threshold/coverage permits,Not populated: no robust per-language gender table verified in cited published results,https://en.wikipedia.org/wiki/List_of_programming_languages
425,O,OpenCL,,,,,,,Available in GitHub Innovation Graph when reporting threshold/coverage permits,Not populated: no robust per-language gender table verified in cited published results,https://en.wikipedia.org/wiki/List_of_programming_languages
426,O,OpenEdge ABL,,,,,,,Available in GitHub Innovation Graph when reporting threshold/coverage permits,Not populated: no robust per-language gender table verified in cited published results,https://en.wikipedia.org/wiki/List_of_programming_languages
427,O,OpenQASM,,,,,,,Available in GitHub Innovation Graph when reporting threshold/coverage permits,Not populated: no robust per-language gender table verified in cited published results,https://en.wikipedia.org/wiki/List_of_programming_languages
428,O,OPS5,,,,,,,Available in GitHub Innovation Graph when reporting threshold/coverage permits,Not populated: no robust per-language gender table verified in cited published results,https://en.wikipedia.org/wiki/List_of_programming_languages
429,O,OptimJ,,,,,,,Available in GitHub Innovation Graph when reporting threshold/coverage permits,Not populated: no robust per-language gender table verified in cited published results,https://en.wikipedia.org/wiki/List_of_programming_languages
430,O,Orc,,,,,,,Available in GitHub Innovation Graph when reporting threshold/coverage permits,Not populated: no robust per-language gender table verified in cited published results,https://en.wikipedia.org/wiki/List_of_programming_languages
431,O,ORCA/Modula-2,,,,,,,Available in GitHub Innovation Graph when reporting threshold/coverage permits,Not populated: no robust per-language gender table verified in cited published results,https://en.wikipedia.org/wiki/List_of_programming_languages
432,O,Oriel,,,,,,,Available in GitHub Innovation Graph when reporting threshold/coverage permits,Not populated: no robust per-language gender table verified in cited published results,https://en.wikipedia.org/wiki/List_of_programming_languages
433,O,Orwell,,,,,,,Available in GitHub Innovation Graph when reporting threshold/coverage permits,Not populated: no robust per-language gender table verified in cited published results,https://en.wikipedia.org/wiki/List_of_programming_languages
434,O,Oxygene,,,,,,,Available in GitHub Innovation Graph when reporting threshold/coverage permits,Not populated: no robust per-language gender table verified in cited published results,https://en.wikipedia.org/wiki/List_of_programming_languages
435,O,Oz,,,,,,,Available in GitHub Innovation Graph when reporting threshold/coverage permits,Not populated: no robust per-language gender table verified in cited published results,https://en.wikipedia.org/wiki/List_of_programming_languages
436,P,P,,,,,,,Available in GitHub Innovation Graph when reporting threshold/coverage permits,Not populated: no robust per-language gender table verified in cited published results,https://en.wikipedia.org/wiki/List_of_programming_languages
437,P,P4,,,,,,,Available in GitHub Innovation Graph when reporting threshold/coverage permits,Not populated: no robust per-language gender table verified in cited published results,https://en.wikipedia.org/wiki/List_of_programming_languages
438,P,P′′,,,,,,,Available in GitHub Innovation Graph when reporting threshold/coverage permits,Not populated: no robust per-language gender table verified in cited published results,https://en.wikipedia.org/wiki/List_of_programming_languages
439,P,ParaSail,,,,,,,Available in GitHub Innovation Graph when reporting threshold/coverage permits,Not populated: no robust per-language gender table verified in cited published results,https://en.wikipedia.org/wiki/List_of_programming_languages
440,P,PARI/GP,,,,,,,Available in GitHub Innovation Graph when reporting threshold/coverage permits,Not populated: no robust per-language gender table verified in cited published results,https://en.wikipedia.org/wiki/List_of_programming_languages
441,P,Pascal,,,,,,,Available in GitHub Innovation Graph when reporting threshold/coverage permits,Not populated: no robust per-language gender table verified in cited published results,https://en.wikipedia.org/wiki/List_of_programming_languages
442,P,Pascal Script,,,,,,,Available in GitHub Innovation Graph when reporting threshold/coverage permits,Not populated: no robust per-language gender table verified in cited published results,https://en.wikipedia.org/wiki/List_of_programming_languages
443,P,PCASTL,,,,,,,Available in GitHub Innovation Graph when reporting threshold/coverage permits,Not populated: no robust per-language gender table verified in cited published results,https://en.wikipedia.org/wiki/List_of_programming_languages
444,P,PCF,,,,,,,Available in GitHub Innovation Graph when reporting threshold/coverage permits,Not populated: no robust per-language gender table verified in cited published results,https://en.wikipedia.org/wiki/List_of_programming_languages
445,P,PDL,,,,,,,Available in GitHub Innovation Graph when reporting threshold/coverage permits,Not populated: no robust per-language gender table verified in cited published results,https://en.wikipedia.org/wiki/List_of_programming_languages
446,P,PEARL,,,,,,,Available in GitHub Innovation Graph when reporting threshold/coverage permits,Not populated: no robust per-language gender table verified in cited published results,https://en.wikipedia.org/wiki/List_of_programming_languages
447,P,PeopleCode,,,,,,,Available in GitHub Innovation Graph when reporting threshold/coverage permits,Not populated: no robust per-language gender table verified in cited published results,https://en.wikipedia.org/wiki/List_of_programming_languages
448,P,Perl,,,,,,,Available in GitHub Innovation Graph when reporting threshold/coverage permits,Not populated: no robust per-language gender table verified in cited published results,https://en.wikipedia.org/wiki/List_of_programming_languages
449,P,Pharo,,,,,,,Available in GitHub Innovation Graph when reporting threshold/coverage permits,Not populated: no robust per-language gender table verified in cited published results,https://en.wikipedia.org/wiki/List_of_programming_languages
450,P,PHP,8,559100,12,18.9,14,1.04,Available in GitHub Innovation Graph when reporting threshold/coverage permits,Not populated: no robust per-language gender table verified in cited published results,https://en.wikipedia.org/wiki/List_of_programming_languages
451,P,Pico,,,,,,,Available in GitHub Innovation Graph when reporting threshold/coverage permits,Not populated: no robust per-language gender table verified in cited published results,https://en.wikipedia.org/wiki/List_of_programming_languages
452,P,Picolisp,,,,,,,Available in GitHub Innovation Graph when reporting threshold/coverage permits,Not populated: no robust per-language gender table verified in cited published results,https://en.wikipedia.org/wiki/List_of_programming_languages
453,P,Pict,,,,,,,Available in GitHub Innovation Graph when reporting threshold/coverage permits,Not populated: no robust per-language gender table verified in cited published results,https://en.wikipedia.org/wiki/List_of_programming_languages
454,P,Pike,,,,,,,Available in GitHub Innovation Graph when reporting threshold/coverage permits,Not populated: no robust per-language gender table verified in cited published results,https://en.wikipedia.org/wiki/List_of_programming_languages
455,P,PILOT,,,,,,,Available in GitHub Innovation Graph when reporting threshold/coverage permits,Not populated: no robust per-language gender table verified in cited published results,https://en.wikipedia.org/wiki/List_of_programming_languages
456,P,Pipelines,,,,,,,Available in GitHub Innovation Graph when reporting threshold/coverage permits,Not populated: no robust per-language gender table verified in cited published results,https://en.wikipedia.org/wiki/List_of_programming_languages
457,P,Pizza,,,,,,,Available in GitHub Innovation Graph when reporting threshold/coverage permits,Not populated: no robust per-language gender table verified in cited published results,https://en.wikipedia.org/wiki/List_of_programming_languages
458,P,PL-11,,,,,,,Available in GitHub Innovation Graph when reporting threshold/coverage permits,Not populated: no robust per-language gender table verified in cited published results,https://en.wikipedia.org/wiki/List_of_programming_languages
459,P,PL/0,,,,,,,Available in GitHub Innovation Graph when reporting threshold/coverage permits,Not populated: no robust per-language gender table verified in cited published results,https://en.wikipedia.org/wiki/List_of_programming_languages
460,P,PL/B,,,,,,,Available in GitHub Innovation Graph when reporting threshold/coverage permits,Not populated: no robust per-language gender table verified in cited published results,https://en.wikipedia.org/wiki/List_of_programming_languages
461,P,PL/C,,,,,,,Available in GitHub Innovation Graph when reporting threshold/coverage permits,Not populated: no robust per-language gender table verified in cited published results,https://en.wikipedia.org/wiki/List_of_programming_languages
462,P,PL/I,,,,,,,Available in GitHub Innovation Graph when reporting threshold/coverage permits,Not populated: no robust per-language gender table verified in cited published results,https://en.wikipedia.org/wiki/List_of_programming_languages
463,P,PL/M,,,,,,,Available in GitHub Innovation Graph when reporting threshold/coverage permits,Not populated: no robust per-language gender table verified in cited published results,https://en.wikipedia.org/wiki/List_of_programming_languages
464,P,PL/P,,,,,,,Available in GitHub Innovation Graph when reporting threshold/coverage permits,Not populated: no robust per-language gender table verified in cited published results,https://en.wikipedia.org/wiki/List_of_programming_languages
465,P,PL/S,,,,,,,Available in GitHub Innovation Graph when reporting threshold/coverage permits,Not populated: no robust per-language gender table verified in cited published results,https://en.wikipedia.org/wiki/List_of_programming_languages
466,P,PL/SQL,,,,,,,Available in GitHub Innovation Graph when reporting threshold/coverage permits,Not populated: no robust per-language gender table verified in cited published results,https://en.wikipedia.org/wiki/List_of_programming_languages
467,P,PL360,,,,,,,Available in GitHub Innovation Graph when reporting threshold/coverage permits,Not populated: no robust per-language gender table verified in cited published results,https://en.wikipedia.org/wiki/List_of_programming_languages
468,P,PLANC,,,,,,,Available in GitHub Innovation Graph when reporting threshold/coverage permits,Not populated: no robust per-language gender table verified in cited published results,https://en.wikipedia.org/wiki/List_of_programming_languages
469,P,Plankalkül,,,,,,,Available in GitHub Innovation Graph when reporting threshold/coverage permits,Not populated: no robust per-language gender table verified in cited published results,https://en.wikipedia.org/wiki/List_of_programming_languages
470,P,Planner,,,,,,,Available in GitHub Innovation Graph when reporting threshold/coverage permits,Not populated: no robust per-language gender table verified in cited published results,https://en.wikipedia.org/wiki/List_of_programming_languages
471,P,PLEX,,,,,,,Available in GitHub Innovation Graph when reporting threshold/coverage permits,Not populated: no robust per-language gender table verified in cited published results,https://en.wikipedia.org/wiki/List_of_programming_languages
472,P,PLEXIL,,,,,,,Available in GitHub Innovation Graph when reporting threshold/coverage permits,Not populated: no robust per-language gender table verified in cited published results,https://en.wikipedia.org/wiki/List_of_programming_languages
473,P,Plus,,,,,,,Available in GitHub Innovation Graph when reporting threshold/coverage permits,Not populated: no robust per-language gender table verified in cited published results,https://en.wikipedia.org/wiki/List_of_programming_languages
474,P,Pony,,,,,,,Available in GitHub Innovation Graph when reporting threshold/coverage permits,Not populated: no robust per-language gender table verified in cited published results,https://en.wikipedia.org/wiki/List_of_programming_languages
475,P,POP-11,,,,,,,Available in GitHub Innovation Graph when reporting threshold/coverage permits,Not populated: no robust per-language gender table verified in cited published results,https://en.wikipedia.org/wiki/List_of_programming_languages
476,P,POP-2,,,,,,,Available in GitHub Innovation Graph when reporting threshold/coverage permits,Not populated: no robust per-language gender table verified in cited published results,https://en.wikipedia.org/wiki/List_of_programming_languages
477,P,PostScript,,,,,,,Available in GitHub Innovation Graph when reporting threshold/coverage permits,Not populated: no robust per-language gender table verified in cited published results,https://en.wikipedia.org/wiki/List_of_programming_languages
478,P,PortablE,,,,,,,Available in GitHub Innovation Graph when reporting threshold/coverage permits,Not populated: no robust per-language gender table verified in cited published results,https://en.wikipedia.org/wiki/List_of_programming_languages
479,P,POV-Ray SDL,,,,,,,Available in GitHub Innovation Graph when reporting threshold/coverage permits,Not populated: no robust per-language gender table verified in cited published results,https://en.wikipedia.org/wiki/List_of_programming_languages
480,P,PowerBuilder,,,,,,,Available in GitHub Innovation Graph when reporting threshold/coverage permits,Not populated: no robust per-language gender table verified in cited published results,https://en.wikipedia.org/wiki/List_of_programming_languages
481,P,Powerhouse,,,,,,,Available in GitHub Innovation Graph when reporting threshold/coverage permits,Not populated: no robust per-language gender table verified in cited published results,https://en.wikipedia.org/wiki/List_of_programming_languages
482,P,PowerShell,,,10,23.2,,,Available in GitHub Innovation Graph when reporting threshold/coverage permits,Not populated: no robust per-language gender table verified in cited published results,https://en.wikipedia.org/wiki/List_of_programming_languages
483,P,Polymorphic Programming Language (PPL),,,,,,,Available in GitHub Innovation Graph when reporting threshold/coverage permits,Not populated: no robust per-language gender table verified in cited published results,https://en.wikipedia.org/wiki/List_of_programming_languages
484,P,Processing,,,,,,,Available in GitHub Innovation Graph when reporting threshold/coverage permits,Not populated: no robust per-language gender table verified in cited published results,https://en.wikipedia.org/wiki/List_of_programming_languages
485,P,Processing.js,,,,,,,Available in GitHub Innovation Graph when reporting threshold/coverage permits,Not populated: no robust per-language gender table verified in cited published results,https://en.wikipedia.org/wiki/List_of_programming_languages
486,P,Prograph,,,,,,,Available in GitHub Innovation Graph when reporting threshold/coverage permits,Not populated: no robust per-language gender table verified in cited published results,https://en.wikipedia.org/wiki/List_of_programming_languages
487,P,Project Verona,,,,,,,Available in GitHub Innovation Graph when reporting threshold/coverage permits,Not populated: no robust per-language gender table verified in cited published results,https://en.wikipedia.org/wiki/List_of_programming_languages
488,P,Prolog,,,,,,,Available in GitHub Innovation Graph when reporting threshold/coverage permits,Not populated: no robust per-language gender table verified in cited published results,https://en.wikipedia.org/wiki/List_of_programming_languages
489,P,PROMAL,,,,,,,Available in GitHub Innovation Graph when reporting threshold/coverage permits,Not populated: no robust per-language gender table verified in cited published results,https://en.wikipedia.org/wiki/List_of_programming_languages
490,P,Promela,,,,,,,Available in GitHub Innovation Graph when reporting threshold/coverage permits,Not populated: no robust per-language gender table verified in cited published results,https://en.wikipedia.org/wiki/List_of_programming_languages
491,P,PROSE modeling language,,,,,,,Available in GitHub Innovation Graph when reporting threshold/coverage permits,Not populated: no robust per-language gender table verified in cited published results,https://en.wikipedia.org/wiki/List_of_programming_languages
492,P,PROTEL,,,,,,,Available in GitHub Innovation Graph when reporting threshold/coverage permits,Not populated: no robust per-language gender table verified in cited published results,https://en.wikipedia.org/wiki/List_of_programming_languages
493,P,Pro*C,,,,,,,Available in GitHub Innovation Graph when reporting threshold/coverage permits,Not populated: no robust per-language gender table verified in cited published results,https://en.wikipedia.org/wiki/List_of_programming_languages
494,P,Pure,,,,,,,Available in GitHub Innovation Graph when reporting threshold/coverage permits,Not populated: no robust per-language gender table verified in cited published results,https://en.wikipedia.org/wiki/List_of_programming_languages
495,P,Pure Data,,,,,,,Available in GitHub Innovation Graph when reporting threshold/coverage permits,Not populated: no robust per-language gender table verified in cited published results,https://en.wikipedia.org/wiki/List_of_programming_languages
496,P,PureScript,,,,,,,Available in GitHub Innovation Graph when reporting threshold/coverage permits,Not populated: no robust per-language gender table verified in cited published results,https://en.wikipedia.org/wiki/List_of_programming_languages
497,P,Python,2,4100000,4,57.9,1,17.76,Available in GitHub Innovation Graph when reporting threshold/coverage permits,Not populated: no robust per-language gender table verified in cited published results,https://en.wikipedia.org/wiki/List_of_programming_languages
498,Q,Q (Kx Systems),,,,,,,Available in GitHub Innovation Graph when reporting threshold/coverage permits,Not populated: no robust per-language gender table verified in cited published results,https://en.wikipedia.org/wiki/List_of_programming_languages
499,Q,Q#,,,,,,,Available in GitHub Innovation Graph when reporting threshold/coverage permits,Not populated: no robust per-language gender table verified in cited published results,https://en.wikipedia.org/wiki/List_of_programming_languages
500,Q,Qalb,,,,,,,Available in GitHub Innovation Graph when reporting threshold/coverage permits,Not populated: no robust per-language gender table verified in cited published results,https://en.wikipedia.org/wiki/List_of_programming_languages
501,Q,.QL,,,,,,,Available in GitHub Innovation Graph when reporting threshold/coverage permits,Not populated: no robust per-language gender table verified in cited published results,https://en.wikipedia.org/wiki/List_of_programming_languages
502,Q,QPL,,,,,,,Available in GitHub Innovation Graph when reporting threshold/coverage permits,Not populated: no robust per-language gender table verified in cited published results,https://en.wikipedia.org/wiki/List_of_programming_languages
503,Q,QtScript,,,,,,,Available in GitHub Innovation Graph when reporting threshold/coverage permits,Not populated: no robust per-language gender table verified in cited published results,https://en.wikipedia.org/wiki/List_of_programming_languages
504,Q,QuakeC,,,,,,,Available in GitHub Innovation Graph when reporting threshold/coverage permits,Not populated: no robust per-language gender table verified in cited published results,https://en.wikipedia.org/wiki/List_of_programming_languages
505,Q,Quantum Computation Language,,,,,,,Available in GitHub Innovation Graph when reporting threshold/coverage permits,Not populated: no robust per-language gender table verified in cited published results,https://en.wikipedia.org/wiki/List_of_programming_languages
506,R,R,,,21,4.9,9,1.69,Available in GitHub Innovation Graph when reporting threshold/coverage permits,Not populated: no robust per-language gender table verified in cited published results,https://en.wikipedia.org/wiki/List_of_programming_languages
507,R,R++,,,,,,,Available in GitHub Innovation Graph when reporting threshold/coverage permits,Not populated: no robust per-language gender table verified in cited published results,https://en.wikipedia.org/wiki/List_of_programming_languages
508,R,Racket,,,,,,,Available in GitHub Innovation Graph when reporting threshold/coverage permits,Not populated: no robust per-language gender table verified in cited published results,https://en.wikipedia.org/wiki/List_of_programming_languages
509,R,Raku,,,,,,,Available in GitHub Innovation Graph when reporting threshold/coverage permits,Not populated: no robust per-language gender table verified in cited published results,https://en.wikipedia.org/wiki/List_of_programming_languages
510,R,RAPID,,,,,,,Available in GitHub Innovation Graph when reporting threshold/coverage permits,Not populated: no robust per-language gender table verified in cited published results,https://en.wikipedia.org/wiki/List_of_programming_languages
511,R,Rapira,,,,,,,Available in GitHub Innovation Graph when reporting threshold/coverage permits,Not populated: no robust per-language gender table verified in cited published results,https://en.wikipedia.org/wiki/List_of_programming_languages
512,R,Ratfiv,,,,,,,Available in GitHub Innovation Graph when reporting threshold/coverage permits,Not populated: no robust per-language gender table verified in cited published results,https://en.wikipedia.org/wiki/List_of_programming_languages
513,R,Ratfor,,,,,,,Available in GitHub Innovation Graph when reporting threshold/coverage permits,Not populated: no robust per-language gender table verified in cited published results,https://en.wikipedia.org/wiki/List_of_programming_languages
514,R,rc,,,,,,,Available in GitHub Innovation Graph when reporting threshold/coverage permits,Not populated: no robust per-language gender table verified in cited published results,https://en.wikipedia.org/wiki/List_of_programming_languages
515,R,Reason,,,,,,,Available in GitHub Innovation Graph when reporting threshold/coverage permits,Not populated: no robust per-language gender table verified in cited published results,https://en.wikipedia.org/wiki/List_of_programming_languages
516,R,REBOL,,,,,,,Available in GitHub Innovation Graph when reporting threshold/coverage permits,Not populated: no robust per-language gender table verified in cited published results,https://en.wikipedia.org/wiki/List_of_programming_languages
517,R,Red,,,,,,,Available in GitHub Innovation Graph when reporting threshold/coverage permits,Not populated: no robust per-language gender table verified in cited published results,https://en.wikipedia.org/wiki/List_of_programming_languages
518,R,Redcode,,,,,,,Available in GitHub Innovation Graph when reporting threshold/coverage permits,Not populated: no robust per-language gender table verified in cited published results,https://en.wikipedia.org/wiki/List_of_programming_languages
519,R,REFAL,,,,,,,Available in GitHub Innovation Graph when reporting threshold/coverage permits,Not populated: no robust per-language gender table verified in cited published results,https://en.wikipedia.org/wiki/List_of_programming_languages
520,R,ReScript,,,,,,,Available in GitHub Innovation Graph when reporting threshold/coverage permits,Not populated: no robust per-language gender table verified in cited published results,https://en.wikipedia.org/wiki/List_of_programming_languages
521,R,REXX,,,,,,,Available in GitHub Innovation Graph when reporting threshold/coverage permits,Not populated: no robust per-language gender table verified in cited published results,https://en.wikipedia.org/wiki/List_of_programming_languages
522,R,Rocq,,,,,,,Available in GitHub Innovation Graph when reporting threshold/coverage permits,Not populated: no robust per-language gender table verified in cited published results,https://en.wikipedia.org/wiki/List_of_programming_languages
523,R,RPG,,,,,,,Available in GitHub Innovation Graph when reporting threshold/coverage permits,Not populated: no robust per-language gender table verified in cited published results,https://en.wikipedia.org/wiki/List_of_programming_languages
524,R,RPL,,,,,,,Available in GitHub Innovation Graph when reporting threshold/coverage permits,Not populated: no robust per-language gender table verified in cited published results,https://en.wikipedia.org/wiki/List_of_programming_languages
525,R,RSL,,,,,,,Available in GitHub Innovation Graph when reporting threshold/coverage permits,Not populated: no robust per-language gender table verified in cited published results,https://en.wikipedia.org/wiki/List_of_programming_languages
526,R,RTL/2,,,,,,,Available in GitHub Innovation Graph when reporting threshold/coverage permits,Not populated: no robust per-language gender table verified in cited published results,https://en.wikipedia.org/wiki/List_of_programming_languages
527,R,Ruby,10,421000,18,6.4,,,Available in GitHub Innovation Graph when reporting threshold/coverage permits,Not populated: no robust per-language gender table verified in cited published results,https://en.wikipedia.org/wiki/List_of_programming_languages
528,R,Rust,,,14,14.8,10,1.34,Available in GitHub Innovation Graph when reporting threshold/coverage permits,Not populated: no robust per-language gender table verified in cited published results,https://en.wikipedia.org/wiki/List_of_programming_languages
529,S,S,,,,,,,Available in GitHub Innovation Graph when reporting threshold/coverage permits,Not populated: no robust per-language gender table verified in cited published results,https://en.wikipedia.org/wiki/List_of_programming_languages
530,S,S-Lang,,,,,,,Available in GitHub Innovation Graph when reporting threshold/coverage permits,Not populated: no robust per-language gender table verified in cited published results,https://en.wikipedia.org/wiki/List_of_programming_languages
531,S,S-PLUS,,,,,,,Available in GitHub Innovation Graph when reporting threshold/coverage permits,Not populated: no robust per-language gender table verified in cited published results,https://en.wikipedia.org/wiki/List_of_programming_languages
532,S,S2,,,,,,,Available in GitHub Innovation Graph when reporting threshold/coverage permits,Not populated: no robust per-language gender table verified in cited published results,https://en.wikipedia.org/wiki/List_of_programming_languages
533,S,S3,,,,,,,Available in GitHub Innovation Graph when reporting threshold/coverage permits,Not populated: no robust per-language gender table verified in cited published results,https://en.wikipedia.org/wiki/List_of_programming_languages
534,S,SA-C,,,,,,,Available in GitHub Innovation Graph when reporting threshold/coverage permits,Not populated: no robust per-language gender table verified in cited published results,https://en.wikipedia.org/wiki/List_of_programming_languages
535,S,SabreTalk,,,,,,,Available in GitHub Innovation Graph when reporting threshold/coverage permits,Not populated: no robust per-language gender table verified in cited published results,https://en.wikipedia.org/wiki/List_of_programming_languages
536,S,SAIL,,,,,,,Available in GitHub Innovation Graph when reporting threshold/coverage permits,Not populated: no robust per-language gender table verified in cited published results,https://en.wikipedia.org/wiki/List_of_programming_languages
537,S,SAKO,,,,,,,Available in GitHub Innovation Graph when reporting threshold/coverage permits,Not populated: no robust per-language gender table verified in cited published results,https://en.wikipedia.org/wiki/List_of_programming_languages
538,S,SAS,,,,,,,Available in GitHub Innovation Graph when reporting threshold/coverage permits,Not populated: no robust per-language gender table verified in cited published results,https://en.wikipedia.org/wiki/List_of_programming_languages
539,S,SASL,,,,,,,Available in GitHub Innovation Graph when reporting threshold/coverage permits,Not populated: no robust per-language gender table verified in cited published results,https://en.wikipedia.org/wiki/List_of_programming_languages
540,S,Sather,,,,,,,Available in GitHub Innovation Graph when reporting threshold/coverage permits,Not populated: no robust per-language gender table verified in cited published results,https://en.wikipedia.org/wiki/List_of_programming_languages
541,S,Sawzall,,,,,,,Available in GitHub Innovation Graph when reporting threshold/coverage permits,Not populated: no robust per-language gender table verified in cited published results,https://en.wikipedia.org/wiki/List_of_programming_languages
542,S,SBL,,,,,,,Available in GitHub Innovation Graph when reporting threshold/coverage permits,Not populated: no robust per-language gender table verified in cited published results,https://en.wikipedia.org/wiki/List_of_programming_languages
543,S,Scala,,,,,,,Available in GitHub Innovation Graph when reporting threshold/coverage permits,Not populated: no robust per-language gender table verified in cited published results,https://en.wikipedia.org/wiki/List_of_programming_languages
544,S,Scheme,,,,,,,Available in GitHub Innovation Graph when reporting threshold/coverage permits,Not populated: no robust per-language gender table verified in cited published results,https://en.wikipedia.org/wiki/List_of_programming_languages
545,S,Scilab,,,,,,,Available in GitHub Innovation Graph when reporting threshold/coverage permits,Not populated: no robust per-language gender table verified in cited published results,https://en.wikipedia.org/wiki/List_of_programming_languages
546,S,Scratch,,,,,15,0.99,Available in GitHub Innovation Graph when reporting threshold/coverage permits,Not populated: no robust per-language gender table verified in cited published results,https://en.wikipedia.org/wiki/List_of_programming_languages
547,S,ScratchJr,,,,,,,Available in GitHub Innovation Graph when reporting threshold/coverage permits,Not populated: no robust per-language gender table verified in cited published results,https://en.wikipedia.org/wiki/List_of_programming_languages
548,S,Script.NET,,,,,,,Available in GitHub Innovation Graph when reporting threshold/coverage permits,Not populated: no robust per-language gender table verified in cited published results,https://en.wikipedia.org/wiki/List_of_programming_languages
549,S,Sed,,,,,,,Available in GitHub Innovation Graph when reporting threshold/coverage permits,Not populated: no robust per-language gender table verified in cited published results,https://en.wikipedia.org/wiki/List_of_programming_languages
550,S,Seed7,,,,,,,Available in GitHub Innovation Graph when reporting threshold/coverage permits,Not populated: no robust per-language gender table verified in cited published results,https://en.wikipedia.org/wiki/List_of_programming_languages
551,S,Self,,,,,,,Available in GitHub Innovation Graph when reporting threshold/coverage permits,Not populated: no robust per-language gender table verified in cited published results,https://en.wikipedia.org/wiki/List_of_programming_languages
552,S,SenseTalk,,,,,,,Available in GitHub Innovation Graph when reporting threshold/coverage permits,Not populated: no robust per-language gender table verified in cited published results,https://en.wikipedia.org/wiki/List_of_programming_languages
553,S,SequenceL,,,,,,,Available in GitHub Innovation Graph when reporting threshold/coverage permits,Not populated: no robust per-language gender table verified in cited published results,https://en.wikipedia.org/wiki/List_of_programming_languages
554,S,Serpent,,,,,,,Available in GitHub Innovation Graph when reporting threshold/coverage permits,Not populated: no robust per-language gender table verified in cited published results,https://en.wikipedia.org/wiki/List_of_programming_languages
555,S,SETL,,,,,,,Available in GitHub Innovation Graph when reporting threshold/coverage permits,Not populated: no robust per-language gender table verified in cited published results,https://en.wikipedia.org/wiki/List_of_programming_languages
556,S,Short Code,,,,,,,Available in GitHub Innovation Graph when reporting threshold/coverage permits,Not populated: no robust per-language gender table verified in cited published results,https://en.wikipedia.org/wiki/List_of_programming_languages
557,S,SIGNAL,,,,,,,Available in GitHub Innovation Graph when reporting threshold/coverage permits,Not populated: no robust per-language gender table verified in cited published results,https://en.wikipedia.org/wiki/List_of_programming_languages
558,S,SiMPLE,,,,,,,Available in GitHub Innovation Graph when reporting threshold/coverage permits,Not populated: no robust per-language gender table verified in cited published results,https://en.wikipedia.org/wiki/List_of_programming_languages
559,S,SIMPOL,,,,,,,Available in GitHub Innovation Graph when reporting threshold/coverage permits,Not populated: no robust per-language gender table verified in cited published results,https://en.wikipedia.org/wiki/List_of_programming_languages
560,S,SIMSCRIPT,,,,,,,Available in GitHub Innovation Graph when reporting threshold/coverage permits,Not populated: no robust per-language gender table verified in cited published results,https://en.wikipedia.org/wiki/List_of_programming_languages
561,S,Simula,,,,,,,Available in GitHub Innovation Graph when reporting threshold/coverage permits,Not populated: no robust per-language gender table verified in cited published results,https://en.wikipedia.org/wiki/List_of_programming_languages
562,S,Simulink,,,,,,,Available in GitHub Innovation Graph when reporting threshold/coverage permits,Not populated: no robust per-language gender table verified in cited published results,https://en.wikipedia.org/wiki/List_of_programming_languages
563,S,SISAL,,,,,,,Available in GitHub Innovation Graph when reporting threshold/coverage permits,Not populated: no robust per-language gender table verified in cited published results,https://en.wikipedia.org/wiki/List_of_programming_languages
564,S,SKILL,,,,,,,Available in GitHub Innovation Graph when reporting threshold/coverage permits,Not populated: no robust per-language gender table verified in cited published results,https://en.wikipedia.org/wiki/List_of_programming_languages
565,S,SLIP,,,,,,,Available in GitHub Innovation Graph when reporting threshold/coverage permits,Not populated: no robust per-language gender table verified in cited published results,https://en.wikipedia.org/wiki/List_of_programming_languages
566,S,SMALL,,,,,,,Available in GitHub Innovation Graph when reporting threshold/coverage permits,Not populated: no robust per-language gender table verified in cited published results,https://en.wikipedia.org/wiki/List_of_programming_languages
567,S,Smalltalk,,,,,,,Available in GitHub Innovation Graph when reporting threshold/coverage permits,Not populated: no robust per-language gender table verified in cited published results,https://en.wikipedia.org/wiki/List_of_programming_languages
568,S,SML,,,,,,,Available in GitHub Innovation Graph when reporting threshold/coverage permits,Not populated: no robust per-language gender table verified in cited published results,https://en.wikipedia.org/wiki/List_of_programming_languages
569,S,Snap!,,,,,,,Available in GitHub Innovation Graph when reporting threshold/coverage permits,Not populated: no robust per-language gender table verified in cited published results,https://en.wikipedia.org/wiki/List_of_programming_languages
570,S,SNOBOL / SPITBOL,,,,,,,Available in GitHub Innovation Graph when reporting threshold/coverage permits,Not populated: no robust per-language gender table verified in cited published results,https://en.wikipedia.org/wiki/List_of_programming_languages
571,S,Snowball,,,,,,,Available in GitHub Innovation Graph when reporting threshold/coverage permits,Not populated: no robust per-language gender table verified in cited published results,https://en.wikipedia.org/wiki/List_of_programming_languages
572,S,SOL,,,,,,,Available in GitHub Innovation Graph when reporting threshold/coverage permits,Not populated: no robust per-language gender table verified in cited published results,https://en.wikipedia.org/wiki/List_of_programming_languages
573,S,Solidity,,,,,,,Available in GitHub Innovation Graph when reporting threshold/coverage permits,Not populated: no robust per-language gender table verified in cited published results,https://en.wikipedia.org/wiki/List_of_programming_languages
574,S,SOPHAEROS,,,,,,,Available in GitHub Innovation Graph when reporting threshold/coverage permits,Not populated: no robust per-language gender table verified in cited published results,https://en.wikipedia.org/wiki/List_of_programming_languages
575,S,Source,,,,,,,Available in GitHub Innovation Graph when reporting threshold/coverage permits,Not populated: no robust per-language gender table verified in cited published results,https://en.wikipedia.org/wiki/List_of_programming_languages
576,S,SPARK,,,,,,,Available in GitHub Innovation Graph when reporting threshold/coverage permits,Not populated: no robust per-language gender table verified in cited published results,https://en.wikipedia.org/wiki/List_of_programming_languages
577,S,Speakeasy,,,,,,,Available in GitHub Innovation Graph when reporting threshold/coverage permits,Not populated: no robust per-language gender table verified in cited published results,https://en.wikipedia.org/wiki/List_of_programming_languages
578,S,Speedcode,,,,,,,Available in GitHub Innovation Graph when reporting threshold/coverage permits,Not populated: no robust per-language gender table verified in cited published results,https://en.wikipedia.org/wiki/List_of_programming_languages
579,S,SPIN,,,,,,,Available in GitHub Innovation Graph when reporting threshold/coverage permits,Not populated: no robust per-language gender table verified in cited published results,https://en.wikipedia.org/wiki/List_of_programming_languages
580,S,SP/k,,,,,,,Available in GitHub Innovation Graph when reporting threshold/coverage permits,Not populated: no robust per-language gender table verified in cited published results,https://en.wikipedia.org/wiki/List_of_programming_languages
581,S,SPL,,,,,,,Available in GitHub Innovation Graph when reporting threshold/coverage permits,Not populated: no robust per-language gender table verified in cited published results,https://en.wikipedia.org/wiki/List_of_programming_languages
582,S,SPS,,,,,,,Available in GitHub Innovation Graph when reporting threshold/coverage permits,Not populated: no robust per-language gender table verified in cited published results,https://en.wikipedia.org/wiki/List_of_programming_languages
583,S,SQL,,,3,58.6,8,2.16,Available in GitHub Innovation Graph when reporting threshold/coverage permits,Not populated: no robust per-language gender table verified in cited published results,https://en.wikipedia.org/wiki/List_of_programming_languages
584,S,SQR,,,,,,,Available in GitHub Innovation Graph when reporting threshold/coverage permits,Not populated: no robust per-language gender table verified in cited published results,https://en.wikipedia.org/wiki/List_of_programming_languages
585,S,Squeak,,,,,,,Available in GitHub Innovation Graph when reporting threshold/coverage permits,Not populated: no robust per-language gender table verified in cited published results,https://en.wikipedia.org/wiki/List_of_programming_languages
586,S,Squirrel,,,,,,,Available in GitHub Innovation Graph when reporting threshold/coverage permits,Not populated: no robust per-language gender table verified in cited published results,https://en.wikipedia.org/wiki/List_of_programming_languages
587,S,SR,,,,,,,Available in GitHub Innovation Graph when reporting threshold/coverage permits,Not populated: no robust per-language gender table verified in cited published results,https://en.wikipedia.org/wiki/List_of_programming_languages
588,S,S/SL,,,,,,,Available in GitHub Innovation Graph when reporting threshold/coverage permits,Not populated: no robust per-language gender table verified in cited published results,https://en.wikipedia.org/wiki/List_of_programming_languages
589,S,Starlogo,,,,,,,Available in GitHub Innovation Graph when reporting threshold/coverage permits,Not populated: no robust per-language gender table verified in cited published results,https://en.wikipedia.org/wiki/List_of_programming_languages
590,S,Stata,,,,,,,Available in GitHub Innovation Graph when reporting threshold/coverage permits,Not populated: no robust per-language gender table verified in cited published results,https://en.wikipedia.org/wiki/List_of_programming_languages
591,S,Stateflow,,,,,,,Available in GitHub Innovation Graph when reporting threshold/coverage permits,Not populated: no robust per-language gender table verified in cited published results,https://en.wikipedia.org/wiki/List_of_programming_languages
592,S,Strand,,,,,,,Available in GitHub Innovation Graph when reporting threshold/coverage permits,Not populated: no robust per-language gender table verified in cited published results,https://en.wikipedia.org/wiki/List_of_programming_languages
593,S,Strongtalk,,,,,,,Available in GitHub Innovation Graph when reporting threshold/coverage permits,Not populated: no robust per-language gender table verified in cited published results,https://en.wikipedia.org/wiki/List_of_programming_languages
594,S,Structured Text,,,,,,,Available in GitHub Innovation Graph when reporting threshold/coverage permits,Not populated: no robust per-language gender table verified in cited published results,https://en.wikipedia.org/wiki/List_of_programming_languages
595,S,Subtext,,,,,,,Available in GitHub Innovation Graph when reporting threshold/coverage permits,Not populated: no robust per-language gender table verified in cited published results,https://en.wikipedia.org/wiki/List_of_programming_languages
596,S,SuperCollider,,,,,,,Available in GitHub Innovation Graph when reporting threshold/coverage permits,Not populated: no robust per-language gender table verified in cited published results,https://en.wikipedia.org/wiki/List_of_programming_languages
597,S,Superplan,,,,,,,Available in GitHub Innovation Graph when reporting threshold/coverage permits,Not populated: no robust per-language gender table verified in cited published results,https://en.wikipedia.org/wiki/List_of_programming_languages
598,S,SuperTalk,,,,,,,Available in GitHub Innovation Graph when reporting threshold/coverage permits,Not populated: no robust per-language gender table verified in cited published results,https://en.wikipedia.org/wiki/List_of_programming_languages
599,S,Swift (Apple),,,20,5.4,18,0.83,Available in GitHub Innovation Graph when reporting threshold/coverage permits,Not populated: no robust per-language gender table verified in cited published results,https://en.wikipedia.org/wiki/List_of_programming_languages
600,S,Swift (parallel scripting),,,,,,,Available in GitHub Innovation Graph when reporting threshold/coverage permits,Not populated: no robust per-language gender table verified in cited published results,https://en.wikipedia.org/wiki/List_of_programming_languages
601,S,SYCL,,,,,,,Available in GitHub Innovation Graph when reporting threshold/coverage permits,Not populated: no robust per-language gender table verified in cited published results,https://en.wikipedia.org/wiki/List_of_programming_languages
602,S,SYMPL,,,,,,,Available in GitHub Innovation Graph when reporting threshold/coverage permits,Not populated: no robust per-language gender table verified in cited published results,https://en.wikipedia.org/wiki/List_of_programming_languages
603,T,T,,,,,,,Available in GitHub Innovation Graph when reporting threshold/coverage permits,Not populated: no robust per-language gender table verified in cited published results,https://en.wikipedia.org/wiki/List_of_programming_languages
604,T,TACL,,,,,,,Available in GitHub Innovation Graph when reporting threshold/coverage permits,Not populated: no robust per-language gender table verified in cited published results,https://en.wikipedia.org/wiki/List_of_programming_languages
605,T,Tcl,,,,,,,Available in GitHub Innovation Graph when reporting threshold/coverage permits,Not populated: no robust per-language gender table verified in cited published results,https://en.wikipedia.org/wiki/List_of_programming_languages
606,T,Tea,,,,,,,Available in GitHub Innovation Graph when reporting threshold/coverage permits,Not populated: no robust per-language gender table verified in cited published results,https://en.wikipedia.org/wiki/List_of_programming_languages
607,T,TELCOMP,,,,,,,Available in GitHub Innovation Graph when reporting threshold/coverage permits,Not populated: no robust per-language gender table verified in cited published results,https://en.wikipedia.org/wiki/List_of_programming_languages
608,T,Tensilica Instruction Extension (TIE),,,,,,,Available in GitHub Innovation Graph when reporting threshold/coverage permits,Not populated: no robust per-language gender table verified in cited published results,https://en.wikipedia.org/wiki/List_of_programming_languages
609,T,TeX,,,,,,,Available in GitHub Innovation Graph when reporting threshold/coverage permits,Not populated: no robust per-language gender table verified in cited published results,https://en.wikipedia.org/wiki/List_of_programming_languages
610,T,TADS,,,,,,,Available in GitHub Innovation Graph when reporting threshold/coverage permits,Not populated: no robust per-language gender table verified in cited published results,https://en.wikipedia.org/wiki/List_of_programming_languages
611,T,TECO,,,,,,,Available in GitHub Innovation Graph when reporting threshold/coverage permits,Not populated: no robust per-language gender table verified in cited published results,https://en.wikipedia.org/wiki/List_of_programming_languages
612,T,TPU,,,,,,,Available in GitHub Innovation Graph when reporting threshold/coverage permits,Not populated: no robust per-language gender table verified in cited published results,https://en.wikipedia.org/wiki/List_of_programming_languages
613,T,TMG,,,,,,,Available in GitHub Innovation Graph when reporting threshold/coverage permits,Not populated: no robust per-language gender table verified in cited published results,https://en.wikipedia.org/wiki/List_of_programming_languages
614,T,Tom,,,,,,,Available in GitHub Innovation Graph when reporting threshold/coverage permits,Not populated: no robust per-language gender table verified in cited published results,https://en.wikipedia.org/wiki/List_of_programming_languages
615,T,Topspeed / Clarion,,,,,,,Available in GitHub Innovation Graph when reporting threshold/coverage permits,Not populated: no robust per-language gender table verified in cited published results,https://en.wikipedia.org/wiki/List_of_programming_languages
616,T,TRAC,,,,,,,Available in GitHub Innovation Graph when reporting threshold/coverage permits,Not populated: no robust per-language gender table verified in cited published results,https://en.wikipedia.org/wiki/List_of_programming_languages
617,T,Transact-SQL,,,,,,,Available in GitHub Innovation Graph when reporting threshold/coverage permits,Not populated: no robust per-language gender table verified in cited published results,https://en.wikipedia.org/wiki/List_of_programming_languages
618,T,Transaction Application Language (TAL),,,,,,,Available in GitHub Innovation Graph when reporting threshold/coverage permits,Not populated: no robust per-language gender table verified in cited published results,https://en.wikipedia.org/wiki/List_of_programming_languages
619,T,Transcript / LiveCode,,,,,,,Available in GitHub Innovation Graph when reporting threshold/coverage permits,Not populated: no robust per-language gender table verified in cited published results,https://en.wikipedia.org/wiki/List_of_programming_languages
620,T,TTCN,,,,,,,Available in GitHub Innovation Graph when reporting threshold/coverage permits,Not populated: no robust per-language gender table verified in cited published results,https://en.wikipedia.org/wiki/List_of_programming_languages
621,T,TTM,,,,,,,Available in GitHub Innovation Graph when reporting threshold/coverage permits,Not populated: no robust per-language gender table verified in cited published results,https://en.wikipedia.org/wiki/List_of_programming_languages
622,T,Turing,,,,,,,Available in GitHub Innovation Graph when reporting threshold/coverage permits,Not populated: no robust per-language gender table verified in cited published results,https://en.wikipedia.org/wiki/List_of_programming_languages
623,T,TUTOR,,,,,,,Available in GitHub Innovation Graph when reporting threshold/coverage permits,Not populated: no robust per-language gender table verified in cited published results,https://en.wikipedia.org/wiki/List_of_programming_languages
624,T,TXL,,,,,,,Available in GitHub Innovation Graph when reporting threshold/coverage permits,Not populated: no robust per-language gender table verified in cited published results,https://en.wikipedia.org/wiki/List_of_programming_languages
625,T,TypeScript,3,2800000,6,43.6,,,Available in GitHub Innovation Graph when reporting threshold/coverage permits,Not populated: no robust per-language gender table verified in cited published results,https://en.wikipedia.org/wiki/List_of_programming_languages
626,T,Tynker,,,,,,,Available in GitHub Innovation Graph when reporting threshold/coverage permits,Not populated: no robust per-language gender table verified in cited published results,https://en.wikipedia.org/wiki/List_of_programming_languages
627,U,Ubercode,,,,,,,Available in GitHub Innovation Graph when reporting threshold/coverage permits,Not populated: no robust per-language gender table verified in cited published results,https://en.wikipedia.org/wiki/List_of_programming_languages
628,U,UCSD Pascal,,,,,,,Available in GitHub Innovation Graph when reporting threshold/coverage permits,Not populated: no robust per-language gender table verified in cited published results,https://en.wikipedia.org/wiki/List_of_programming_languages
629,U,Umple,,,,,,,Available in GitHub Innovation Graph when reporting threshold/coverage permits,Not populated: no robust per-language gender table verified in cited published results,https://en.wikipedia.org/wiki/List_of_programming_languages
630,U,Unicon,,,,,,,Available in GitHub Innovation Graph when reporting threshold/coverage permits,Not populated: no robust per-language gender table verified in cited published results,https://en.wikipedia.org/wiki/List_of_programming_languages
631,U,Uniface,,,,,,,Available in GitHub Innovation Graph when reporting threshold/coverage permits,Not populated: no robust per-language gender table verified in cited published results,https://en.wikipedia.org/wiki/List_of_programming_languages
632,U,UNITY,,,,,,,Available in GitHub Innovation Graph when reporting threshold/coverage permits,Not populated: no robust per-language gender table verified in cited published results,https://en.wikipedia.org/wiki/List_of_programming_languages
633,U,UnrealScript,,,,,,,Available in GitHub Innovation Graph when reporting threshold/coverage permits,Not populated: no robust per-language gender table verified in cited published results,https://en.wikipedia.org/wiki/List_of_programming_languages
634,V,V,,,,,,,Available in GitHub Innovation Graph when reporting threshold/coverage permits,Not populated: no robust per-language gender table verified in cited published results,https://en.wikipedia.org/wiki/List_of_programming_languages
635,V,Vala,,,,,,,Available in GitHub Innovation Graph when reporting threshold/coverage permits,Not populated: no robust per-language gender table verified in cited published results,https://en.wikipedia.org/wiki/List_of_programming_languages
636,V,Verse,,,,,,,Available in GitHub Innovation Graph when reporting threshold/coverage permits,Not populated: no robust per-language gender table verified in cited published results,https://en.wikipedia.org/wiki/List_of_programming_languages
637,V,Vim script,,,,,,,Available in GitHub Innovation Graph when reporting threshold/coverage permits,Not populated: no robust per-language gender table verified in cited published results,https://en.wikipedia.org/wiki/List_of_programming_languages
638,V,Viper,,,,,,,Available in GitHub Innovation Graph when reporting threshold/coverage permits,Not populated: no robust per-language gender table verified in cited published results,https://en.wikipedia.org/wiki/List_of_programming_languages
639,V,Visual DataFlex,,,,,,,Available in GitHub Innovation Graph when reporting threshold/coverage permits,Not populated: no robust per-language gender table verified in cited published results,https://en.wikipedia.org/wiki/List_of_programming_languages
640,V,Visual DialogScript,,,,,,,Available in GitHub Innovation Graph when reporting threshold/coverage permits,Not populated: no robust per-language gender table verified in cited published results,https://en.wikipedia.org/wiki/List_of_programming_languages
641,V,Visual FoxPro,,,,,,,Available in GitHub Innovation Graph when reporting threshold/coverage permits,Not populated: no robust per-language gender table verified in cited published results,https://en.wikipedia.org/wiki/List_of_programming_languages
642,V,Visual J++,,,,,,,Available in GitHub Innovation Graph when reporting threshold/coverage permits,Not populated: no robust per-language gender table verified in cited published results,https://en.wikipedia.org/wiki/List_of_programming_languages
643,V,Visual LISP,,,,,,,Available in GitHub Innovation Graph when reporting threshold/coverage permits,Not populated: no robust per-language gender table verified in cited published results,https://en.wikipedia.org/wiki/List_of_programming_languages
644,V,Visual Objects,,,,,,,Available in GitHub Innovation Graph when reporting threshold/coverage permits,Not populated: no robust per-language gender table verified in cited published results,https://en.wikipedia.org/wiki/List_of_programming_languages
645,V,Visual Prolog,,,,,,,Available in GitHub Innovation Graph when reporting threshold/coverage permits,Not populated: no robust per-language gender table verified in cited published results,https://en.wikipedia.org/wiki/List_of_programming_languages
646,W,WATFIV / WATFOR,,,,,,,Available in GitHub Innovation Graph when reporting threshold/coverage permits,Not populated: no robust per-language gender table verified in cited published results,https://en.wikipedia.org/wiki/List_of_programming_languages
647,W,WebAssembly,,,,,,,Available in GitHub Innovation Graph when reporting threshold/coverage permits,Not populated: no robust per-language gender table verified in cited published results,https://en.wikipedia.org/wiki/List_of_programming_languages
648,W,Whiley,,,,,,,Available in GitHub Innovation Graph when reporting threshold/coverage permits,Not populated: no robust per-language gender table verified in cited published results,https://en.wikipedia.org/wiki/List_of_programming_languages
649,W,Wolfram Language,,,,,,,Available in GitHub Innovation Graph when reporting threshold/coverage permits,Not populated: no robust per-language gender table verified in cited published results,https://en.wikipedia.org/wiki/List_of_programming_languages
650,W,Wyvern,,,,,,,Available in GitHub Innovation Graph when reporting threshold/coverage permits,Not populated: no robust per-language gender table verified in cited published results,https://en.wikipedia.org/wiki/List_of_programming_languages
651,X,X++,,,,,,,Available in GitHub Innovation Graph when reporting threshold/coverage permits,Not populated: no robust per-language gender table verified in cited published results,https://en.wikipedia.org/wiki/List_of_programming_languages
652,X,X10,,,,,,,Available in GitHub Innovation Graph when reporting threshold/coverage permits,Not populated: no robust per-language gender table verified in cited published results,https://en.wikipedia.org/wiki/List_of_programming_languages
653,X,XBL,,,,,,,Available in GitHub Innovation Graph when reporting threshold/coverage permits,Not populated: no robust per-language gender table verified in cited published results,https://en.wikipedia.org/wiki/List_of_programming_languages
654,X,XC,,,,,,,Available in GitHub Innovation Graph when reporting threshold/coverage permits,Not populated: no robust per-language gender table verified in cited published results,https://en.wikipedia.org/wiki/List_of_programming_languages
655,X,XL,,,,,,,Available in GitHub Innovation Graph when reporting threshold/coverage permits,Not populated: no robust per-language gender table verified in cited published results,https://en.wikipedia.org/wiki/List_of_programming_languages
656,X,Xod,,,,,,,Available in GitHub Innovation Graph when reporting threshold/coverage permits,Not populated: no robust per-language gender table verified in cited published results,https://en.wikipedia.org/wiki/List_of_programming_languages
657,X,Xojo,,,,,,,Available in GitHub Innovation Graph when reporting threshold/coverage permits,Not populated: no robust per-language gender table verified in cited published results,https://en.wikipedia.org/wiki/List_of_programming_languages
658,X,XOTcl,,,,,,,Available in GitHub Innovation Graph when reporting threshold/coverage permits,Not populated: no robust per-language gender table verified in cited published results,https://en.wikipedia.org/wiki/List_of_programming_languages
659,X,XPL,,,,,,,Available in GitHub Innovation Graph when reporting threshold/coverage permits,Not populated: no robust per-language gender table verified in cited published results,https://en.wikipedia.org/wiki/List_of_programming_languages
660,X,XPL0,,,,,,,Available in GitHub Innovation Graph when reporting threshold/coverage permits,Not populated: no robust per-language gender table verified in cited published results,https://en.wikipedia.org/wiki/List_of_programming_languages
661,X,XQuery,,,,,,,Available in GitHub Innovation Graph when reporting threshold/coverage permits,Not populated: no robust per-language gender table verified in cited published results,https://en.wikipedia.org/wiki/List_of_programming_languages
662,X,XSB,,,,,,,Available in GitHub Innovation Graph when reporting threshold/coverage permits,Not populated: no robust per-language gender table verified in cited published results,https://en.wikipedia.org/wiki/List_of_programming_languages
663,X,XSLT,,,,,,,Available in GitHub Innovation Graph when reporting threshold/coverage permits,Not populated: no robust per-language gender table verified in cited published results,https://en.wikipedia.org/wiki/List_of_programming_languages
664,X,Xtend,,,,,,,Available in GitHub Innovation Graph when reporting threshold/coverage permits,Not populated: no robust per-language gender table verified in cited published results,https://en.wikipedia.org/wiki/List_of_programming_languages
665,Y,Yorick,,,,,,,Available in GitHub Innovation Graph when reporting threshold/coverage permits,Not populated: no robust per-language gender table verified in cited published results,https://en.wikipedia.org/wiki/List_of_programming_languages
666,Y,YQL,,,,,,,Available in GitHub Innovation Graph when reporting threshold/coverage permits,Not populated: no robust per-language gender table verified in cited published results,https://en.wikipedia.org/wiki/List_of_programming_languages
667,Z,Z++,,,,,,,Available in GitHub Innovation Graph when reporting threshold/coverage permits,Not populated: no robust per-language gender table verified in cited published results,https://en.wikipedia.org/wiki/List_of_programming_languages
668,Z,Z shell,,,5,48.7,,,Available in GitHub Innovation Graph when reporting threshold/coverage permits,Not populated: no robust per-language gender table verified in cited published results,https://en.wikipedia.org/wiki/List_of_programming_languages
669,Z,Zebra / ZPL / ZPL2,,,,,,,Available in GitHub Innovation Graph when reporting threshold/coverage permits,Not populated: no robust per-language gender table verified in cited published results,https://en.wikipedia.org/wiki/List_of_programming_languages
670,Z,ZetaLisp,,,,,,,Available in GitHub Innovation Graph when reporting threshold/coverage permits,Not populated: no robust per-language gender table verified in cited published results,https://en.wikipedia.org/wiki/List_of_programming_languages
671,Z,Zig,,,,,,,Available in GitHub Innovation Graph when reporting threshold/coverage permits,Not populated: no robust per-language gender table verified in cited published results,https://en.wikipedia.org/wiki/List_of_programming_languages
672,Z,Zonnon,,,,,,,Available in GitHub Innovation Graph when reporting threshold/coverage permits,Not populated: no robust per-language gender table verified in cited published results,https://en.wikipedia.org/wiki/List_of_programming_languages
673,Z,ZOPL,,,,,,,Available in GitHub Innovation Graph when reporting threshold/coverage permits,Not populated: no robust per-language gender table verified in cited published results,https://en.wikipedia.org/wiki/List_of_programming_languages
674,Z,ZPL,,,,,,,Available in GitHub Innovation Graph when reporting threshold/coverage permits,Not populated: no robust per-language gender table verified in cited published results,https://en.wikipedia.org/wiki/List_of_programming_languages
