catalog_id,initial,name,category,layer,kind,primary_language,ecosystem,stackoverflow_rank_2025,stackoverflow_used_pct_2025,stateofjs_used_pct_2025,stateofjs_satisfaction_pct_2025,w3techs_all_websites_pct_2026_09_23,w3techs_js_library_market_share_pct_2026_09_23,country_breakdown_status,gender_breakdown_status,notes,catalog_source
1,A,ABP Framework,.NET web,Server / full-stack / client,Framework / web platform,C# / F#,.NET,,,,,,,Not populated: no comparable global framework-by-country table verified for the full catalogue,Not populated: no robust per-framework gender cross-tab verified for the full catalogue,,https://en.wikipedia.org/wiki/Comparison_of_server-side_web_frameworks
2,A,ActFramework,Back-end / full-stack,Server / full-stack,Framework / web platform,Java / Kotlin / Groovy,JVM,,,,,,,Not populated: no comparable global framework-by-country table verified for the full catalogue,Not populated: no robust per-framework gender cross-tab verified for the full catalogue,,https://github.com/akullpp/awesome-java
3,A,ActionHero,Back-end / API,Server,Framework / server technology,JavaScript / TypeScript,JavaScript,,,,,,,Not populated: no comparable global framework-by-country table verified for the full catalogue,Not populated: no robust per-framework gender cross-tab verified for the full catalogue,,https://github.com/sindresorhus/awesome-nodejs
4,A,Actix Web,Rust web,Server / full-stack / client / SSG,Framework / web toolkit,Rust,Rust,,,,,,,Not populated: no comparable global framework-by-country table verified for the full catalogue,Not populated: no robust per-framework gender cross-tab verified for the full catalogue,,https://en.wikipedia.org/wiki/Comparison_of_server-side_web_frameworks
5,A,AdonisJS,Meta / full-stack,Full-stack / SSR / SSG,Meta-framework / full-stack framework,JavaScript / TypeScript,JavaScript,,,,,,,Not populated: no comparable global framework-by-country table verified for the full catalogue,Not populated: no robust per-framework gender cross-tab verified for the full catalogue,,https://2025.stateofjs.com/en-US/libraries/meta-frameworks/
6,A,Aero,Back-end / API,Server,Framework / router / toolkit,Go,Go,,,,,,,Not populated: no comparable global framework-by-country table verified for the full catalogue,Not populated: no robust per-framework gender cross-tab verified for the full catalogue,,https://github.com/avelino/awesome-go
7,A,After.js,Meta / full-stack,Full-stack / SSR / SSG,Meta-framework / full-stack framework,JavaScript / TypeScript,JavaScript,,,,,,,Not populated: no comparable global framework-by-country table verified for the full catalogue,Not populated: no robust per-framework gender cross-tab verified for the full catalogue,,https://2025.stateofjs.com/en-US/libraries/meta-frameworks/
8,A,AIDA/Web,Smalltalk web,Server / full-stack,Framework / web toolkit,Smalltalk,Smalltalk,,,,,,,Not populated: no comparable global framework-by-country table verified for the full catalogue,Not populated: no robust per-framework gender cross-tab verified for the full catalogue,,https://en.wikipedia.org/wiki/Comparison_of_server-side_web_frameworks
9,A,aiohttp.web,Back-end / full-stack,Server / full-stack,Framework / web app toolkit,Python,Python,,,,,,,Not populated: no comparable global framework-by-country table verified for the full catalogue,Not populated: no robust per-framework gender cross-tab verified for the full catalogue,,https://github.com/vinta/awesome-python
10,A,Air,Back-end / API,Server,Framework / router / toolkit,Go,Go,,,,,,,Not populated: no comparable global framework-by-country table verified for the full catalogue,Not populated: no robust per-framework gender cross-tab verified for the full catalogue,,https://github.com/avelino/awesome-go
11,A,Akka HTTP,Scala web,Server / client,Framework / HTTP toolkit,Scala,Scala/JVM,,,,,,,Not populated: no comparable global framework-by-country table verified for the full catalogue,Not populated: no robust per-framework gender cross-tab verified for the full catalogue,,https://github.com/lauris/awesome-scala
12,A,Alpine.js,Front-end application,Client,Framework / UI library,JavaScript / TypeScript,JavaScript,,,,,,,Not populated: no comparable global framework-by-country table verified for the full catalogue,Not populated: no robust per-framework gender cross-tab verified for the full catalogue,,https://en.wikipedia.org/wiki/Comparison_of_JavaScript-based_web_frameworks
13,A,Ambassador,Swift web,Server / SSG,Framework / web toolkit,Swift,Swift,,,,,,,Not populated: no comparable global framework-by-country table verified for the full catalogue,Not populated: no robust per-framework gender cross-tab verified for the full catalogue,,https://github.com/matteocrippa/awesome-swift
14,A,Amber,Crystal web,Server / full-stack / SSG,Framework / web toolkit,Crystal,Crystal,,,,,,,Not populated: no comparable global framework-by-country table verified for the full catalogue,Not populated: no robust per-framework gender cross-tab verified for the full catalogue,,https://github.com/myles/awesome-static-generators
15,A,Ambiorix,R web,Server / data app,Framework / web app toolkit,R,R,,,,,,,Not populated: no comparable global framework-by-country table verified for the full catalogue,Not populated: no robust per-framework gender cross-tab verified for the full catalogue,,https://en.wikipedia.org/wiki/Comparison_of_server-side_web_frameworks
16,A,Amon2,Perl web,Server,Framework / web toolkit,Perl,Perl,,,,,,,Not populated: no comparable global framework-by-country table verified for the full catalogue,Not populated: no robust per-framework gender cross-tab verified for the full catalogue,,https://en.wikipedia.org/wiki/Comparison_of_server-side_web_frameworks
17,A,Ampersand.js,Front-end application,Client,Framework / UI library,JavaScript / TypeScript,JavaScript,,,,,,,Not populated: no comparable global framework-by-country table verified for the full catalogue,Not populated: no robust per-framework gender cross-tab verified for the full catalogue,,https://en.wikipedia.org/wiki/Comparison_of_JavaScript-based_web_frameworks
18,A,Analog,Meta / full-stack,Full-stack / SSR / SSG,Meta-framework / full-stack framework,JavaScript / TypeScript,JavaScript,,,,,,,Not populated: no comparable global framework-by-country table verified for the full catalogue,Not populated: no robust per-framework gender cross-tab verified for the full catalogue,,https://2025.stateofjs.com/en-US/libraries/meta-frameworks/
19,A,Angel,Dart web,Client / server / full-stack,Framework / web toolkit,Dart,Dart,,,,,,,Not populated: no comparable global framework-by-country table verified for the full catalogue,Not populated: no robust per-framework gender cross-tab verified for the full catalogue,,https://github.com/myles/awesome-static-generators
20,A,Angular,Front-end application,Client,Framework / UI library,JavaScript / TypeScript,JavaScript,7,18.2,,48,0.2,0.3,Not populated: no comparable global framework-by-country table verified for the full catalogue,Not populated: no robust per-framework gender cross-tab verified for the full catalogue,,https://en.wikipedia.org/wiki/Comparison_of_JavaScript-based_web_frameworks
21,A,Angular Material,CSS / UI framework,Client UI / styling,CSS framework / component library,CSS / JavaScript / TypeScript,Web UI,,,,,,,Not populated: no comparable global framework-by-country table verified for the full catalogue,Not populated: no robust per-framework gender cross-tab verified for the full catalogue,,https://github.com/troxler/awesome-css-frameworks
22,A,AngularDart,Dart web,Client / server / full-stack,Framework / web toolkit,Dart,Dart,,,,,,,Not populated: no comparable global framework-by-country table verified for the full catalogue,Not populated: no robust per-framework gender cross-tab verified for the full catalogue,,https://github.com/myles/awesome-static-generators
23,A,AngularJS,Front-end application,Client,Framework / UI library,JavaScript / TypeScript,JavaScript,16,7.2,,,,,Not populated: no comparable global framework-by-country table verified for the full catalogue,Not populated: no robust per-framework gender cross-tab verified for the full catalogue,,https://en.wikipedia.org/wiki/Comparison_of_JavaScript-based_web_frameworks
24,A,Ant Design,CSS / UI framework,Client UI / styling,CSS framework / component library,CSS / JavaScript / TypeScript,Web UI,,,,,,,Not populated: no comparable global framework-by-country table verified for the full catalogue,Not populated: no robust per-framework gender cross-tab verified for the full catalogue,,https://github.com/troxler/awesome-css-frameworks
25,A,Apache Click,Back-end / full-stack,Server / full-stack,Framework / web platform,Java / Kotlin / Groovy,JVM,,,,,,,Not populated: no comparable global framework-by-country table verified for the full catalogue,Not populated: no robust per-framework gender cross-tab verified for the full catalogue,,https://github.com/akullpp/awesome-java
26,A,Apache OFBiz,Back-end / full-stack,Server / full-stack,Framework / web platform,Java / Kotlin / Groovy,JVM,,,,,,,Not populated: no comparable global framework-by-country table verified for the full catalogue,Not populated: no robust per-framework gender cross-tab verified for the full catalogue,,https://github.com/akullpp/awesome-java
27,A,Apache Pekko HTTP,Scala web,Server / client,Framework / HTTP toolkit,Scala,Scala/JVM,,,,,,,Not populated: no comparable global framework-by-country table verified for the full catalogue,Not populated: no robust per-framework gender cross-tab verified for the full catalogue,,https://github.com/lauris/awesome-scala
28,A,Apache Sling,Back-end / full-stack,Server / full-stack,Framework / web platform,Java / Kotlin / Groovy,JVM,,,,,,,Not populated: no comparable global framework-by-country table verified for the full catalogue,Not populated: no robust per-framework gender cross-tab verified for the full catalogue,,https://github.com/akullpp/awesome-java
29,A,Apache Struts,Back-end / full-stack,Server / full-stack,Framework / web platform,Java / Kotlin / Groovy,JVM,,,,,,,Not populated: no comparable global framework-by-country table verified for the full catalogue,Not populated: no robust per-framework gender cross-tab verified for the full catalogue,,https://github.com/akullpp/awesome-java
30,A,Apache Tapestry,Back-end / full-stack,Server / full-stack,Framework / web platform,Java / Kotlin / Groovy,JVM,,,,,,,Not populated: no comparable global framework-by-country table verified for the full catalogue,Not populated: no robust per-framework gender cross-tab verified for the full catalogue,,https://github.com/akullpp/awesome-java
31,A,Apache Wicket,Back-end / full-stack,Server / full-stack,Framework / web platform,Java / Kotlin / Groovy,JVM,,,,,,,Not populated: no comparable global framework-by-country table verified for the full catalogue,Not populated: no robust per-framework gender cross-tab verified for the full catalogue,,https://github.com/akullpp/awesome-java
32,A,APIFlask,Back-end / full-stack,Server / full-stack,Framework / web app toolkit,Python,Python,,,,,,,Not populated: no comparable global framework-by-country table verified for the full catalogue,Not populated: no robust per-framework gender cross-tab verified for the full catalogue,,https://github.com/vinta/awesome-python
33,A,ApostropheCMS,Back-end / API,Server,Framework / server technology,JavaScript / TypeScript,JavaScript,,,,,,,Not populated: no comparable global framework-by-country table verified for the full catalogue,Not populated: no robust per-framework gender cross-tab verified for the full catalogue,,https://github.com/sindresorhus/awesome-nodejs
34,A,ApostropheCMS Platform,CMS / web platform,Full-stack content platform,CMS / web platform,Multi-language,CMS,,,,,,,Not populated: no comparable global framework-by-country table verified for the full catalogue,Not populated: no robust per-framework gender cross-tab verified for the full catalogue,Not strictly a framework; retained because major web-technology surveys and real-world stacks include these platforms.,https://survey.stackoverflow.co/2025/technology/
35,A,Aqueduct,Dart web,Client / server / full-stack,Framework / web toolkit,Dart,Dart,,,,,,,Not populated: no comparable global framework-by-country table verified for the full catalogue,Not populated: no robust per-framework gender cross-tab verified for the full catalogue,,https://github.com/myles/awesome-static-generators
36,A,Ash Framework,BEAM web,Server / full-stack,Framework / web toolkit,Elixir / Erlang,BEAM,,,,,,,Not populated: no comparable global framework-by-country table verified for the full catalogue,Not populated: no robust per-framework gender cross-tab verified for the full catalogue,,https://github.com/h4cc/awesome-elixir
37,A,ASP.NET Core,.NET web,Server / full-stack / client,Framework / web platform,C# / F#,.NET,6,19.7,,,,,Not populated: no comparable global framework-by-country table verified for the full catalogue,Not populated: no robust per-framework gender cross-tab verified for the full catalogue,,https://en.wikipedia.org/wiki/Comparison_of_server-side_web_frameworks
38,A,ASP.NET Core Minimal APIs,.NET web,Server / full-stack / client,Framework / web platform,C# / F#,.NET,,,,,,,Not populated: no comparable global framework-by-country table verified for the full catalogue,Not populated: no robust per-framework gender cross-tab verified for the full catalogue,,https://en.wikipedia.org/wiki/Comparison_of_server-side_web_frameworks
39,A,ASP.NET Dynamic Data,.NET web,Server / full-stack / client,Framework / web platform,C# / F#,.NET,,,,,,,Not populated: no comparable global framework-by-country table verified for the full catalogue,Not populated: no robust per-framework gender cross-tab verified for the full catalogue,,https://en.wikipedia.org/wiki/Comparison_of_server-side_web_frameworks
40,A,ASP.NET MVC,.NET web,Server / full-stack / client,Framework / web platform,C# / F#,.NET,,,,,,,Not populated: no comparable global framework-by-country table verified for the full catalogue,Not populated: no robust per-framework gender cross-tab verified for the full catalogue,,https://en.wikipedia.org/wiki/Comparison_of_server-side_web_frameworks
41,A,ASP.NET Web Forms,.NET web,Server / full-stack / client,Framework / web platform,C# / F#,.NET,,,,,,,Not populated: no comparable global framework-by-country table verified for the full catalogue,Not populated: no robust per-framework gender cross-tab verified for the full catalogue,,https://en.wikipedia.org/wiki/Comparison_of_server-side_web_frameworks
42,A,AspNetStatic,.NET web,Server / full-stack / client,Framework / web platform,C# / F#,.NET,,,,,,,Not populated: no comparable global framework-by-country table verified for the full catalogue,Not populated: no robust per-framework gender cross-tab verified for the full catalogue,,https://en.wikipedia.org/wiki/Comparison_of_server-side_web_frameworks
43,A,Assemble,Static site / documentation,Build-time / SSG,Static site generator / content framework,Multi-language,Static web,,,,,,,Not populated: no comparable global framework-by-country table verified for the full catalogue,Not populated: no robust per-framework gender cross-tab verified for the full catalogue,,https://github.com/myles/awesome-static-generators
44,A,Astro,Meta / full-stack,Full-stack / SSR / SSG,Meta-framework / full-stack framework,JavaScript / TypeScript,JavaScript,21,4.5,,94,,,Not populated: no comparable global framework-by-country table verified for the full catalogue,Not populated: no robust per-framework gender cross-tab verified for the full catalogue,,https://2025.stateofjs.com/en-US/libraries/meta-frameworks/
45,A,Athena Framework,Crystal web,Server / full-stack / SSG,Framework / web toolkit,Crystal,Crystal,,,,,,,Not populated: no comparable global framework-by-country table verified for the full catalogue,Not populated: no robust per-framework gender cross-tab verified for the full catalogue,,https://github.com/myles/awesome-static-generators
46,A,Atreugo,Back-end / API,Server,Framework / router / toolkit,Go,Go,,,,,,,Not populated: no comparable global framework-by-country table verified for the full catalogue,Not populated: no robust per-framework gender cross-tab verified for the full catalogue,,https://github.com/avelino/awesome-go
47,A,Aura,Back-end / full-stack,Server / full-stack,Framework / web app toolkit,PHP,PHP,,,,,,,Not populated: no comparable global framework-by-country table verified for the full catalogue,Not populated: no robust per-framework gender cross-tab verified for the full catalogue,,https://github.com/ziadoz/awesome-php
48,A,Aurelia,Front-end application,Client,Framework / UI library,JavaScript / TypeScript,JavaScript,,,,,,,Not populated: no comparable global framework-by-country table verified for the full catalogue,Not populated: no robust per-framework gender cross-tab verified for the full catalogue,,https://en.wikipedia.org/wiki/Comparison_of_JavaScript-based_web_frameworks
49,A,Axum,Rust web,Server / full-stack / client / SSG,Framework / web toolkit,Rust,Rust,,,,,,,Not populated: no comparable global framework-by-country table verified for the full catalogue,Not populated: no robust per-framework gender cross-tab verified for the full catalogue,,https://en.wikipedia.org/wiki/Comparison_of_server-side_web_frameworks
50,B,Backbone.js,Front-end application,Client,Framework / UI library,JavaScript / TypeScript,JavaScript,,,,,,,Not populated: no comparable global framework-by-country table verified for the full catalogue,Not populated: no robust per-framework gender cross-tab verified for the full catalogue,,https://en.wikipedia.org/wiki/Comparison_of_JavaScript-based_web_frameworks
51,B,Banjo,Back-end / API,Server,Framework / router / toolkit,Go,Go,,,,,,,Not populated: no comparable global framework-by-country table verified for the full catalogue,Not populated: no robust per-framework gender cross-tab verified for the full catalogue,,https://github.com/avelino/awesome-go
52,B,Batman.js,Front-end application,Client,Framework / UI library,JavaScript / TypeScript,JavaScript,,,,,,,Not populated: no comparable global framework-by-country table verified for the full catalogue,Not populated: no robust per-framework gender cross-tab verified for the full catalogue,,https://en.wikipedia.org/wiki/Comparison_of_JavaScript-based_web_frameworks
53,B,Beego,Back-end / API,Server,Framework / router / toolkit,Go,Go,,,,,,,Not populated: no comparable global framework-by-country table verified for the full catalogue,Not populated: no robust per-framework gender cross-tab verified for the full catalogue,,https://github.com/avelino/awesome-go
54,B,Beer CSS,CSS / UI framework,Client UI / styling,CSS framework / component library,CSS / JavaScript / TypeScript,Web UI,,,,,,,Not populated: no comparable global framework-by-country table verified for the full catalogue,Not populated: no robust per-framework gender cross-tab verified for the full catalogue,,https://github.com/troxler/awesome-css-frameworks
55,B,Bengal,Static site / documentation,Build-time / SSG,Static site generator / content framework,Multi-language,Static web,,,,,,,Not populated: no comparable global framework-by-country table verified for the full catalogue,Not populated: no robust per-framework gender cross-tab verified for the full catalogue,,https://github.com/myles/awesome-static-generators
56,B,Biff,Clojure web,Server / full-stack / client,Framework / web toolkit,Clojure / ClojureScript,Clojure,,,,,,,Not populated: no comparable global framework-by-country table verified for the full catalogue,Not populated: no robust per-framework gender cross-tab verified for the full catalogue,,https://en.wikipedia.org/wiki/Comparison_of_server-side_web_frameworks
57,B,BlackSheep,Back-end / full-stack,Server / full-stack,Framework / web app toolkit,Python,Python,,,,,,,Not populated: no comparable global framework-by-country table verified for the full catalogue,Not populated: no robust per-framework gender cross-tab verified for the full catalogue,,https://github.com/vinta/awesome-python
58,B,Blade,Back-end / full-stack,Server / full-stack,Framework / web platform,Java / Kotlin / Groovy,JVM,,,,,,,Not populated: no comparable global framework-by-country table verified for the full catalogue,Not populated: no robust per-framework gender cross-tab verified for the full catalogue,,https://github.com/akullpp/awesome-java
59,B,Blazor,.NET web,Server / full-stack / client,Framework / web platform,C# / F#,.NET,18,7.0,,,,,Not populated: no comparable global framework-by-country table verified for the full catalogue,Not populated: no robust per-framework gender cross-tab verified for the full catalogue,,https://en.wikipedia.org/wiki/Comparison_of_server-side_web_frameworks
60,B,Blazorise,.NET web,Server / full-stack / client,Framework / web platform,C# / F#,.NET,,,,,,,Not populated: no comparable global framework-by-country table verified for the full catalogue,Not populated: no robust per-framework gender cross-tab verified for the full catalogue,,https://en.wikipedia.org/wiki/Comparison_of_server-side_web_frameworks
61,B,Blitz.js,Meta / full-stack,Full-stack / SSR / SSG,Meta-framework / full-stack framework,JavaScript / TypeScript,JavaScript,,,,,,,Not populated: no comparable global framework-by-country table verified for the full catalogue,Not populated: no robust per-framework gender cross-tab verified for the full catalogue,,https://2025.stateofjs.com/en-US/libraries/meta-frameworks/
62,B,BlueBream,Back-end / full-stack,Server / full-stack,Framework / web app toolkit,Python,Python,,,,,,,Not populated: no comparable global framework-by-country table verified for the full catalogue,Not populated: no robust per-framework gender cross-tab verified for the full catalogue,,https://github.com/vinta/awesome-python
63,B,Blueprint,CSS / UI framework,Client UI / styling,CSS framework / component library,CSS / JavaScript / TypeScript,Web UI,,,,,,,Not populated: no comparable global framework-by-country table verified for the full catalogue,Not populated: no robust per-framework gender cross-tab verified for the full catalogue,,https://github.com/troxler/awesome-css-frameworks
64,B,Blurry,Static site / documentation,Build-time / SSG,Static site generator / content framework,Multi-language,Static web,,,,,,,Not populated: no comparable global framework-by-country table verified for the full catalogue,Not populated: no robust per-framework gender cross-tab verified for the full catalogue,,https://github.com/myles/awesome-static-generators
65,B,Bokeh Server,Back-end / full-stack,Server / full-stack,Framework / web app toolkit,Python,Python,,,,,,,Not populated: no comparable global framework-by-country table verified for the full catalogue,Not populated: no robust per-framework gender cross-tab verified for the full catalogue,,https://github.com/vinta/awesome-python
66,B,Bolero,.NET web,Server / full-stack / client,Framework / web platform,C# / F#,.NET,,,,,,,Not populated: no comparable global framework-by-country table verified for the full catalogue,Not populated: no robust per-framework gender cross-tab verified for the full catalogue,,https://en.wikipedia.org/wiki/Comparison_of_server-side_web_frameworks
67,B,Bonito.jl,Julia web,Server / full-stack / SSG,Framework / web toolkit,Julia,Julia,,,,,,,Not populated: no comparable global framework-by-country table verified for the full catalogue,Not populated: no robust per-framework gender cross-tab verified for the full catalogue,,https://en.wikipedia.org/wiki/Comparison_of_server-side_web_frameworks
68,B,Bonsai Web,OCaml web,Server / full-stack / client,Framework / web toolkit,OCaml,OCaml,,,,,,,Not populated: no comparable global framework-by-country table verified for the full catalogue,Not populated: no robust per-framework gender cross-tab verified for the full catalogue,,https://en.wikipedia.org/wiki/Comparison_of_server-side_web_frameworks
69,B,Bootstrap,CSS / UI framework,Client UI / styling,CSS framework / component library,CSS / JavaScript / TypeScript,Web UI,,,,,,,Not populated: no comparable global framework-by-country table verified for the full catalogue,Not populated: no robust per-framework gender cross-tab verified for the full catalogue,,https://github.com/troxler/awesome-css-frameworks
70,B,Bottle,Back-end / full-stack,Server / full-stack,Framework / web app toolkit,Python,Python,,,,,,,Not populated: no comparable global framework-by-country table verified for the full catalogue,Not populated: no robust per-framework gender cross-tab verified for the full catalogue,,https://github.com/vinta/awesome-python
71,B,Bridgetown,Static site / documentation,Build-time / SSG,Static site generator / content framework,Multi-language,Static web,,,,,,,Not populated: no comparable global framework-by-country table verified for the full catalogue,Not populated: no robust per-framework gender cross-tab verified for the full catalogue,,https://github.com/myles/awesome-static-generators
72,B,Brochure,R web,Server / data app,Framework / web app toolkit,R,R,,,,,,,Not populated: no comparable global framework-by-country table verified for the full catalogue,Not populated: no robust per-framework gender cross-tab verified for the full catalogue,,https://en.wikipedia.org/wiki/Comparison_of_server-side_web_frameworks
73,B,Brooklyn,Back-end / full-stack,Server / full-stack,Framework / web app toolkit,Ruby,Ruby,,,,,,,Not populated: no comparable global framework-by-country table verified for the full catalogue,Not populated: no robust per-framework gender cross-tab verified for the full catalogue,,https://github.com/markets/awesome-ruby
74,B,Buffalo,Back-end / API,Server,Framework / router / toolkit,Go,Go,,,,,,,Not populated: no comparable global framework-by-country table verified for the full catalogue,Not populated: no robust per-framework gender cross-tab verified for the full catalogue,,https://github.com/avelino/awesome-go
75,B,Bulma,CSS / UI framework,Client UI / styling,CSS framework / component library,CSS / JavaScript / TypeScript,Web UI,,,,,,,Not populated: no comparable global framework-by-country table verified for the full catalogue,Not populated: no robust per-framework gender cross-tab verified for the full catalogue,,https://github.com/troxler/awesome-css-frameworks
76,B,Bun,Runtime / web platform,Server runtime,Runtime,JavaScript / TypeScript,JavaScript,,,,,,,Not populated: no comparable global framework-by-country table verified for the full catalogue,Not populated: no robust per-framework gender cross-tab verified for the full catalogue,Not a web framework; included because major surveys group it with web technologies.,https://survey.stackoverflow.co/2025/technology/
77,C,Cactus,Static site / documentation,Build-time / SSG,Static site generator / content framework,Multi-language,Static web,,,,,,,Not populated: no comparable global framework-by-country table verified for the full catalogue,Not populated: no robust per-framework gender cross-tab verified for the full catalogue,,https://github.com/myles/awesome-static-generators
78,C,CakePHP,Back-end / full-stack,Server / full-stack,Framework / web app toolkit,PHP,PHP,,,,,,,Not populated: no comparable global framework-by-country table verified for the full catalogue,Not populated: no robust per-framework gender cross-tab verified for the full catalogue,,https://github.com/ziadoz/awesome-php
79,C,Camping,Back-end / full-stack,Server / full-stack,Framework / web app toolkit,Ruby,Ruby,,,,,,,Not populated: no comparable global framework-by-country table verified for the full catalogue,Not populated: no robust per-framework gender cross-tab verified for the full catalogue,,https://github.com/markets/awesome-ruby
80,C,CanJS,Front-end application,Client,Framework / UI library,JavaScript / TypeScript,JavaScript,,,,,,,Not populated: no comparable global framework-by-country table verified for the full catalogue,Not populated: no robust per-framework gender cross-tab verified for the full catalogue,,https://en.wikipedia.org/wiki/Comparison_of_JavaScript-based_web_frameworks
81,C,Capri,Meta / full-stack,Full-stack / SSR / SSG,Meta-framework / full-stack framework,JavaScript / TypeScript,JavaScript,,,,,,,Not populated: no comparable global framework-by-country table verified for the full catalogue,Not populated: no robust per-framework gender cross-tab verified for the full catalogue,,https://2025.stateofjs.com/en-US/libraries/meta-frameworks/
82,C,Carbon Design System,CSS / UI framework,Client UI / styling,CSS framework / component library,CSS / JavaScript / TypeScript,Web UI,,,,,,,Not populated: no comparable global framework-by-country table verified for the full catalogue,Not populated: no robust per-framework gender cross-tab verified for the full catalogue,,https://github.com/troxler/awesome-css-frameworks
83,C,Carter,.NET web,Server / full-stack / client,Framework / web platform,C# / F#,.NET,,,,,,,Not populated: no comparable global framework-by-country table verified for the full catalogue,Not populated: no robust per-framework gender cross-tab verified for the full catalogue,,https://en.wikipedia.org/wiki/Comparison_of_server-side_web_frameworks
84,C,Cask,Scala web,Server / client,Framework / HTTP toolkit,Scala,Scala/JVM,,,,,,,Not populated: no comparable global framework-by-country table verified for the full catalogue,Not populated: no robust per-framework gender cross-tab verified for the full catalogue,,https://github.com/lauris/awesome-scala
85,C,Catalyst,Perl web,Server,Framework / web toolkit,Perl,Perl,,,,,,,Not populated: no comparable global framework-by-country table verified for the full catalogue,Not populated: no robust per-framework gender cross-tab verified for the full catalogue,,https://en.wikipedia.org/wiki/Comparison_of_server-side_web_frameworks
86,C,Caveman2,Common Lisp web,Server,Framework / web toolkit,Common Lisp,Common Lisp,,,,,,,Not populated: no comparable global framework-by-country table verified for the full catalogue,Not populated: no robust per-framework gender cross-tab verified for the full catalogue,,https://en.wikipedia.org/wiki/Comparison_of_server-side_web_frameworks
87,C,Chakra UI,CSS / UI framework,Client UI / styling,CSS framework / component library,CSS / JavaScript / TypeScript,Web UI,,,,,,,Not populated: no comparable global framework-by-country table verified for the full catalogue,Not populated: no robust per-framework gender cross-tab verified for the full catalogue,,https://github.com/troxler/awesome-css-frameworks
88,C,CherryPy,Back-end / full-stack,Server / full-stack,Framework / web app toolkit,Python,Python,,,,,,,Not populated: no comparable global framework-by-country table verified for the full catalogue,Not populated: no robust per-framework gender cross-tab verified for the full catalogue,,https://github.com/vinta/awesome-python
89,C,Chi,Back-end / API,Server,Framework / router / toolkit,Go,Go,,,,,,,Not populated: no comparable global framework-by-country table verified for the full catalogue,Not populated: no robust per-framework gender cross-tab verified for the full catalogue,,https://github.com/avelino/awesome-go
90,C,Chicago Boss,BEAM web,Server / full-stack,Framework / web toolkit,Elixir / Erlang,BEAM,,,,,,,Not populated: no comparable global framework-by-country table verified for the full catalogue,Not populated: no robust per-framework gender cross-tab verified for the full catalogue,,https://github.com/h4cc/awesome-elixir
91,C,Chota,CSS / UI framework,Client UI / styling,CSS framework / component library,CSS / JavaScript / TypeScript,Web UI,,,,,,,Not populated: no comparable global framework-by-country table verified for the full catalogue,Not populated: no robust per-framework gender cross-tab verified for the full catalogue,,https://github.com/troxler/awesome-css-frameworks
92,C,CivetWeb,C/C++ web,Server / full-stack,Framework / HTTP toolkit,C / C++,C/C++,,,,,,,Not populated: no comparable global framework-by-country table verified for the full catalogue,Not populated: no robust per-framework gender cross-tab verified for the full catalogue,,https://en.wikipedia.org/wiki/Comparison_of_server-side_web_frameworks
93,C,Clack,Common Lisp web,Server,Framework / web toolkit,Common Lisp,Common Lisp,,,,,,,Not populated: no comparable global framework-by-country table verified for the full catalogue,Not populated: no robust per-framework gender cross-tab verified for the full catalogue,,https://en.wikipedia.org/wiki/Comparison_of_server-side_web_frameworks
94,C,Coast,Clojure web,Server / full-stack / client,Framework / web toolkit,Clojure / ClojureScript,Clojure,,,,,,,Not populated: no comparable global framework-by-country table verified for the full catalogue,Not populated: no robust per-framework gender cross-tab verified for the full catalogue,,https://en.wikipedia.org/wiki/Comparison_of_server-side_web_frameworks
95,C,CodeIgniter,Back-end / full-stack,Server / full-stack,Framework / web app toolkit,PHP,PHP,,,,,,,Not populated: no comparable global framework-by-country table verified for the full catalogue,Not populated: no robust per-framework gender cross-tab verified for the full catalogue,,https://github.com/ziadoz/awesome-php
96,C,ColdBox Platform,CFML web,Server,Framework,CFML,ColdFusion / CFML,,,,,,,Not populated: no comparable global framework-by-country table verified for the full catalogue,Not populated: no robust per-framework gender cross-tab verified for the full catalogue,,https://en.wikipedia.org/wiki/Comparison_of_server-side_web_frameworks
97,C,Compojure,Clojure web,Server / full-stack / client,Framework / web toolkit,Clojure / ClojureScript,Clojure,,,,,,,Not populated: no comparable global framework-by-country table verified for the full catalogue,Not populated: no robust per-framework gender cross-tab verified for the full catalogue,,https://en.wikipedia.org/wiki/Comparison_of_server-side_web_frameworks
98,C,Conduit,Dart web,Client / server / full-stack,Framework / web toolkit,Dart,Dart,,,,,,,Not populated: no comparable global framework-by-country table verified for the full catalogue,Not populated: no robust per-framework gender cross-tab verified for the full catalogue,,https://github.com/myles/awesome-static-generators
99,C,Connexion,Back-end / full-stack,Server / full-stack,Framework / web app toolkit,Python,Python,,,,,,,Not populated: no comparable global framework-by-country table verified for the full catalogue,Not populated: no robust per-framework gender cross-tab verified for the full catalogue,,https://github.com/vinta/awesome-python
100,C,Cowboy,BEAM web,Server / full-stack,Framework / web toolkit,Elixir / Erlang,BEAM,,,,,,,Not populated: no comparable global framework-by-country table verified for the full catalogue,Not populated: no robust per-framework gender cross-tab verified for the full catalogue,,https://github.com/h4cc/awesome-elixir
101,C,CppCMS,C/C++ web,Server / full-stack,Framework / HTTP toolkit,C / C++,C/C++,,,,,,,Not populated: no comparable global framework-by-country table verified for the full catalogue,Not populated: no robust per-framework gender cross-tab verified for the full catalogue,,https://en.wikipedia.org/wiki/Comparison_of_server-side_web_frameworks
102,C,Craft CMS,CMS / web platform,Full-stack content platform,CMS / web platform,Multi-language,CMS,,,,,,,Not populated: no comparable global framework-by-country table verified for the full catalogue,Not populated: no robust per-framework gender cross-tab verified for the full catalogue,Not strictly a framework; retained because major web-technology surveys and real-world stacks include these platforms.,https://survey.stackoverflow.co/2025/technology/
103,C,Cramp,Back-end / full-stack,Server / full-stack,Framework / web app toolkit,Ruby,Ruby,,,,,,,Not populated: no comparable global framework-by-country table verified for the full catalogue,Not populated: no robust per-framework gender cross-tab verified for the full catalogue,,https://github.com/markets/awesome-ruby
104,C,Crow,C/C++ web,Server / full-stack,Framework / HTTP toolkit,C / C++,C/C++,,,,,,,Not populated: no comparable global framework-by-country table verified for the full catalogue,Not populated: no robust per-framework gender cross-tab verified for the full catalogue,,https://en.wikipedia.org/wiki/Comparison_of_server-side_web_frameworks
105,C,CrowCpp,C/C++ web,Server / full-stack,Framework / HTTP toolkit,C / C++,C/C++,,,,,,,Not populated: no comparable global framework-by-country table verified for the full catalogue,Not populated: no robust per-framework gender cross-tab verified for the full catalogue,,https://en.wikipedia.org/wiki/Comparison_of_server-side_web_frameworks
106,C,CSLA .NET,.NET web,Server / full-stack / client,Framework / web platform,C# / F#,.NET,,,,,,,Not populated: no comparable global framework-by-country table verified for the full catalogue,Not populated: no robust per-framework gender cross-tab verified for the full catalogue,,https://en.wikipedia.org/wiki/Comparison_of_server-side_web_frameworks
107,C,Cuba,Back-end / full-stack,Server / full-stack,Framework / web app toolkit,Ruby,Ruby,,,,,,,Not populated: no comparable global framework-by-country table verified for the full catalogue,Not populated: no robust per-framework gender cross-tab verified for the full catalogue,,https://github.com/markets/awesome-ruby
108,C,CUBA Platform,Back-end / full-stack,Server / full-stack,Framework / web platform,Java / Kotlin / Groovy,JVM,,,,,,,Not populated: no comparable global framework-by-country table verified for the full catalogue,Not populated: no robust per-framework gender cross-tab verified for the full catalogue,,https://github.com/akullpp/awesome-java
109,C,Cuttlebelle,Static site / documentation,Build-time / SSG,Static site generator / content framework,Multi-language,Static web,,,,,,,Not populated: no comparable global framework-by-country table verified for the full catalogue,Not populated: no robust per-framework gender cross-tab verified for the full catalogue,,https://github.com/myles/awesome-static-generators
110,C,Cycle.js,Front-end application,Client,Framework / UI library,JavaScript / TypeScript,JavaScript,,,,,,,Not populated: no comparable global framework-by-country table verified for the full catalogue,Not populated: no robust per-framework gender cross-tab verified for the full catalogue,,https://en.wikipedia.org/wiki/Comparison_of_JavaScript-based_web_frameworks
111,D,DaisyUI,CSS / UI framework,Client UI / styling,CSS framework / component library,CSS / JavaScript / TypeScript,Web UI,,,,,,,Not populated: no comparable global framework-by-country table verified for the full catalogue,Not populated: no robust per-framework gender cross-tab verified for the full catalogue,,https://github.com/troxler/awesome-css-frameworks
112,D,Dancer,Perl web,Server,Framework / web toolkit,Perl,Perl,,,,,,,Not populated: no comparable global framework-by-country table verified for the full catalogue,Not populated: no robust per-framework gender cross-tab verified for the full catalogue,,https://en.wikipedia.org/wiki/Comparison_of_server-side_web_frameworks
113,D,Dancer2,Perl web,Server,Framework / web toolkit,Perl,Perl,,,,,,,Not populated: no comparable global framework-by-country table verified for the full catalogue,Not populated: no robust per-framework gender cross-tab verified for the full catalogue,,https://en.wikipedia.org/wiki/Comparison_of_server-side_web_frameworks
114,D,Dart Frog,Dart web,Client / server / full-stack,Framework / web toolkit,Dart,Dart,,,,,,,Not populated: no comparable global framework-by-country table verified for the full catalogue,Not populated: no robust per-framework gender cross-tab verified for the full catalogue,,https://github.com/myles/awesome-static-generators
115,D,Dash,Back-end / full-stack,Server / full-stack,Framework / web app toolkit,Python,Python,,,,,,,Not populated: no comparable global framework-by-country table verified for the full catalogue,Not populated: no robust per-framework gender cross-tab verified for the full catalogue,,https://github.com/vinta/awesome-python
116,D,Deepkit Framework,Back-end / API,Server,Framework / server technology,JavaScript / TypeScript,JavaScript,,,,,,,Not populated: no comparable global framework-by-country table verified for the full catalogue,Not populated: no robust per-framework gender cross-tab verified for the full catalogue,,https://github.com/sindresorhus/awesome-nodejs
117,D,Deno,Runtime / web platform,Server runtime,Runtime,JavaScript / TypeScript,JavaScript,24,4.0,,,,,Not populated: no comparable global framework-by-country table verified for the full catalogue,Not populated: no robust per-framework gender cross-tab verified for the full catalogue,Not a web framework; included because major surveys group it with web technologies.,https://survey.stackoverflow.co/2025/technology/
118,D,Dioxus,Rust web,Server / full-stack / client / SSG,Framework / web toolkit,Rust,Rust,,,,,,,Not populated: no comparable global framework-by-country table verified for the full catalogue,Not populated: no robust per-framework gender cross-tab verified for the full catalogue,,https://en.wikipedia.org/wiki/Comparison_of_server-side_web_frameworks
119,D,Directus,Back-end / API,Server,Framework / server technology,JavaScript / TypeScript,JavaScript,,,,,,,Not populated: no comparable global framework-by-country table verified for the full catalogue,Not populated: no robust per-framework gender cross-tab verified for the full catalogue,,https://github.com/sindresorhus/awesome-nodejs
120,D,Directus CMS,CMS / web platform,Full-stack content platform,CMS / web platform,Multi-language,CMS,,,,,,,Not populated: no comparable global framework-by-country table verified for the full catalogue,Not populated: no robust per-framework gender cross-tab verified for the full catalogue,Not strictly a framework; retained because major web-technology surveys and real-world stacks include these platforms.,https://survey.stackoverflow.co/2025/technology/
121,D,Django,Back-end / full-stack,Server / full-stack,Framework / web app toolkit,Python,Python,14,12.6,,,,,Not populated: no comparable global framework-by-country table verified for the full catalogue,Not populated: no robust per-framework gender cross-tab verified for the full catalogue,,https://github.com/vinta/awesome-python
122,D,Django Ninja,Back-end / full-stack,Server / full-stack,Framework / web app toolkit,Python,Python,,,,,,,Not populated: no comparable global framework-by-country table verified for the full catalogue,Not populated: no robust per-framework gender cross-tab verified for the full catalogue,,https://github.com/vinta/awesome-python
123,D,Django REST Framework,Back-end / full-stack,Server / full-stack,Framework / web app toolkit,Python,Python,,,,,,,Not populated: no comparable global framework-by-country table verified for the full catalogue,Not populated: no robust per-framework gender cross-tab verified for the full catalogue,,https://github.com/vinta/awesome-python
124,D,Doctave,Rust web,Server / full-stack / client / SSG,Framework / web toolkit,Rust,Rust,,,,,,,Not populated: no comparable global framework-by-country table verified for the full catalogue,Not populated: no robust per-framework gender cross-tab verified for the full catalogue,,https://en.wikipedia.org/wiki/Comparison_of_server-side_web_frameworks
125,D,Docusaurus,Static site / documentation,Build-time / SSG,Static site generator / content framework,Multi-language,Static web,,,,69,,,Not populated: no comparable global framework-by-country table verified for the full catalogue,Not populated: no robust per-framework gender cross-tab verified for the full catalogue,,https://github.com/myles/awesome-static-generators
126,D,Dojo Toolkit,Front-end application,Client,Framework / UI library,JavaScript / TypeScript,JavaScript,,,,,,,Not populated: no comparable global framework-by-country table verified for the full catalogue,Not populated: no robust per-framework gender cross-tab verified for the full catalogue,,https://en.wikipedia.org/wiki/Comparison_of_JavaScript-based_web_frameworks
127,D,DotVVM,.NET web,Server / full-stack / client,Framework / web platform,C# / F#,.NET,,,,,,,Not populated: no comparable global framework-by-country table verified for the full catalogue,Not populated: no robust per-framework gender cross-tab verified for the full catalogue,,https://en.wikipedia.org/wiki/Comparison_of_server-side_web_frameworks
128,D,Dream,OCaml web,Server / full-stack / client,Framework / web toolkit,OCaml,OCaml,,,,,,,Not populated: no comparable global framework-by-country table verified for the full catalogue,Not populated: no robust per-framework gender cross-tab verified for the full catalogue,,https://en.wikipedia.org/wiki/Comparison_of_server-side_web_frameworks
129,D,Dream-html,OCaml web,Server / full-stack / client,Framework / web toolkit,OCaml,OCaml,,,,,,,Not populated: no comparable global framework-by-country table verified for the full catalogue,Not populated: no robust per-framework gender cross-tab verified for the full catalogue,,https://en.wikipedia.org/wiki/Comparison_of_server-side_web_frameworks
130,D,Drogon,C/C++ web,Server / full-stack,Framework / HTTP toolkit,C / C++,C/C++,,,,,,,Not populated: no comparable global framework-by-country table verified for the full catalogue,Not populated: no robust per-framework gender cross-tab verified for the full catalogue,,https://en.wikipedia.org/wiki/Comparison_of_server-side_web_frameworks
131,D,Drogon ORM,C/C++ web,Server / full-stack,Framework / HTTP toolkit,C / C++,C/C++,,,,,,,Not populated: no comparable global framework-by-country table verified for the full catalogue,Not populated: no robust per-framework gender cross-tab verified for the full catalogue,,https://en.wikipedia.org/wiki/Comparison_of_server-side_web_frameworks
132,D,Dropshot,Rust web,Server / full-stack / client / SSG,Framework / web toolkit,Rust,Rust,,,,,,,Not populated: no comparable global framework-by-country table verified for the full catalogue,Not populated: no robust per-framework gender cross-tab verified for the full catalogue,,https://en.wikipedia.org/wiki/Comparison_of_server-side_web_frameworks
133,D,Dropwizard,Back-end / full-stack,Server / full-stack,Framework / web platform,Java / Kotlin / Groovy,JVM,,,,,,,Not populated: no comparable global framework-by-country table verified for the full catalogue,Not populated: no robust per-framework gender cross-tab verified for the full catalogue,,https://github.com/akullpp/awesome-java
134,D,Drupal,CMS / web platform,Full-stack content platform,CMS / web platform,Multi-language,CMS,26,2.2,,,,,Not populated: no comparable global framework-by-country table verified for the full catalogue,Not populated: no robust per-framework gender cross-tab verified for the full catalogue,Not strictly a framework; retained because major web-technology surveys and real-world stacks include these platforms.,https://survey.stackoverflow.co/2025/technology/
135,D,Duct,Clojure web,Server / full-stack / client,Framework / web toolkit,Clojure / ClojureScript,Clojure,,,,,,,Not populated: no comparable global framework-by-country table verified for the full catalogue,Not populated: no robust per-framework gender cross-tab verified for the full catalogue,,https://en.wikipedia.org/wiki/Comparison_of_server-side_web_frameworks
136,E,Echo,Back-end / API,Server,Framework / router / toolkit,Go,Go,,,,,,,Not populated: no comparable global framework-by-country table verified for the full catalogue,Not populated: no robust per-framework gender cross-tab verified for the full catalogue,,https://github.com/avelino/awesome-go
137,E,Egg.js,Back-end / API,Server,Framework / server technology,JavaScript / TypeScript,JavaScript,,,,,,,Not populated: no comparable global framework-by-country table verified for the full catalogue,Not populated: no robust per-framework gender cross-tab verified for the full catalogue,,https://github.com/sindresorhus/awesome-nodejs
138,E,Elder.js,Meta / full-stack,Full-stack / SSR / SSG,Meta-framework / full-stack framework,JavaScript / TypeScript,JavaScript,,,,,,,Not populated: no comparable global framework-by-country table verified for the full catalogue,Not populated: no robust per-framework gender cross-tab verified for the full catalogue,,https://2025.stateofjs.com/en-US/libraries/meta-frameworks/
139,E,Electric Clojure,Clojure web,Server / full-stack / client,Framework / web toolkit,Clojure / ClojureScript,Clojure,,,,,,,Not populated: no comparable global framework-by-country table verified for the full catalogue,Not populated: no robust per-framework gender cross-tab verified for the full catalogue,,https://en.wikipedia.org/wiki/Comparison_of_server-side_web_frameworks
140,E,Element Plus,CSS / UI framework,Client UI / styling,CSS framework / component library,CSS / JavaScript / TypeScript,Web UI,,,,,,,Not populated: no comparable global framework-by-country table verified for the full catalogue,Not populated: no robust per-framework gender cross-tab verified for the full catalogue,,https://github.com/troxler/awesome-css-frameworks
141,E,Eleventy,Static site / documentation,Build-time / SSG,Static site generator / content framework,Multi-language,Static web,,,,,,,Not populated: no comparable global framework-by-country table verified for the full catalogue,Not populated: no robust per-framework gender cross-tab verified for the full catalogue,,https://github.com/myles/awesome-static-generators
142,E,Eliom,OCaml web,Server / full-stack / client,Framework / web toolkit,OCaml,OCaml,,,,,,,Not populated: no comparable global framework-by-country table verified for the full catalogue,Not populated: no robust per-framework gender cross-tab verified for the full catalogue,,https://en.wikipedia.org/wiki/Comparison_of_server-side_web_frameworks
143,E,ElysiaJS,Back-end / API,Server,Framework / server technology,JavaScript / TypeScript,JavaScript,,,,,,,Not populated: no comparable global framework-by-country table verified for the full catalogue,Not populated: no robust per-framework gender cross-tab verified for the full catalogue,,https://github.com/sindresorhus/awesome-nodejs
144,E,Embassy,Swift web,Server / SSG,Framework / web toolkit,Swift,Swift,,,,,,,Not populated: no comparable global framework-by-country table verified for the full catalogue,Not populated: no robust per-framework gender cross-tab verified for the full catalogue,,https://github.com/matteocrippa/awesome-swift
145,E,Ember.js,Front-end application,Client,Framework / UI library,JavaScript / TypeScript,JavaScript,,,,,,,Not populated: no comparable global framework-by-country table verified for the full catalogue,Not populated: no robust per-framework gender cross-tab verified for the full catalogue,,https://en.wikipedia.org/wiki/Comparison_of_JavaScript-based_web_frameworks
146,E,Encore.ts,Back-end / API,Server,Framework / server technology,JavaScript / TypeScript,JavaScript,,,,,,,Not populated: no comparable global framework-by-country table verified for the full catalogue,Not populated: no robust per-framework gender cross-tab verified for the full catalogue,,https://github.com/sindresorhus/awesome-nodejs
147,E,Enhance,Meta / full-stack,Full-stack / SSR / SSG,Meta-framework / full-stack framework,JavaScript / TypeScript,JavaScript,,,,,,,Not populated: no comparable global framework-by-country table verified for the full catalogue,Not populated: no robust per-framework gender cross-tab verified for the full catalogue,,https://2025.stateofjs.com/en-US/libraries/meta-frameworks/
148,E,Enyo,Front-end application,Client,Framework / UI library,JavaScript / TypeScript,JavaScript,,,,,,,Not populated: no comparable global framework-by-country table verified for the full catalogue,Not populated: no robust per-framework gender cross-tab verified for the full catalogue,,https://en.wikipedia.org/wiki/Comparison_of_JavaScript-based_web_frameworks
149,E,Eve,Back-end / full-stack,Server / full-stack,Framework / web app toolkit,Python,Python,,,,,,,Not populated: no comparable global framework-by-country table verified for the full catalogue,Not populated: no robust per-framework gender cross-tab verified for the full catalogue,,https://github.com/vinta/awesome-python
150,E,Express,Back-end / API,Server,Framework / server technology,JavaScript / TypeScript,JavaScript,5,19.9,79.9,81,,,Not populated: no comparable global framework-by-country table verified for the full catalogue,Not populated: no robust per-framework gender cross-tab verified for the full catalogue,,https://github.com/sindresorhus/awesome-nodejs
151,E,Ext JS,Front-end application,Client,Framework / UI library,JavaScript / TypeScript,JavaScript,,,,,,,Not populated: no comparable global framework-by-country table verified for the full catalogue,Not populated: no robust per-framework gender cross-tab verified for the full catalogue,,https://en.wikipedia.org/wiki/Comparison_of_JavaScript-based_web_frameworks
152,F,facil.io,C/C++ web,Server / full-stack,Framework / HTTP toolkit,C / C++,C/C++,,,,,,,Not populated: no comparable global framework-by-country table verified for the full catalogue,Not populated: no robust per-framework gender cross-tab verified for the full catalogue,,https://en.wikipedia.org/wiki/Comparison_of_server-side_web_frameworks
153,F,Falco,.NET web,Server / full-stack / client,Framework / web platform,C# / F#,.NET,,,,,,,Not populated: no comparable global framework-by-country table verified for the full catalogue,Not populated: no robust per-framework gender cross-tab verified for the full catalogue,,https://en.wikipedia.org/wiki/Comparison_of_server-side_web_frameworks
154,F,Falcon,Back-end / full-stack,Server / full-stack,Framework / web app toolkit,Python,Python,,,,,,,Not populated: no comparable global framework-by-country table verified for the full catalogue,Not populated: no robust per-framework gender cross-tab verified for the full catalogue,,https://github.com/vinta/awesome-python
155,F,Famous,Front-end application,Client,Framework / UI library,JavaScript / TypeScript,JavaScript,,,,,,,Not populated: no comparable global framework-by-country table verified for the full catalogue,Not populated: no robust per-framework gender cross-tab verified for the full catalogue,,https://en.wikipedia.org/wiki/Comparison_of_JavaScript-based_web_frameworks
156,F,FastAPI,Back-end / full-stack,Server / full-stack,Framework / web app toolkit,Python,Python,9,14.8,,,,,Not populated: no comparable global framework-by-country table verified for the full catalogue,Not populated: no robust per-framework gender cross-tab verified for the full catalogue,,https://github.com/vinta/awesome-python
157,F,FastEndpoints,.NET web,Server / full-stack / client,Framework / web platform,C# / F#,.NET,,,,,,,Not populated: no comparable global framework-by-country table verified for the full catalogue,Not populated: no robust per-framework gender cross-tab verified for the full catalogue,,https://en.wikipedia.org/wiki/Comparison_of_server-side_web_frameworks
158,F,FastHTML,Back-end / full-stack,Server / full-stack,Framework / web app toolkit,Python,Python,,,,,,,Not populated: no comparable global framework-by-country table verified for the full catalogue,Not populated: no robust per-framework gender cross-tab verified for the full catalogue,,https://github.com/vinta/awesome-python
159,F,Fastify,Back-end / API,Server,Framework / server technology,JavaScript / TypeScript,JavaScript,,,,86,,,Not populated: no comparable global framework-by-country table verified for the full catalogue,Not populated: no robust per-framework gender cross-tab verified for the full catalogue,,https://github.com/sindresorhus/awesome-nodejs
160,F,Fastify DX,Back-end / API,Server,Framework / server technology,JavaScript / TypeScript,JavaScript,,,,,,,Not populated: no comparable global framework-by-country table verified for the full catalogue,Not populated: no robust per-framework gender cross-tab verified for the full catalogue,,https://github.com/sindresorhus/awesome-nodejs
161,F,Fat-Free Framework,Back-end / full-stack,Server / full-stack,Framework / web app toolkit,PHP,PHP,,,,,,,Not populated: no comparable global framework-by-country table verified for the full catalogue,Not populated: no robust per-framework gender cross-tab verified for the full catalogue,,https://github.com/ziadoz/awesome-php
162,F,FeathersJS,Meta / full-stack,Full-stack / SSR / SSG,Meta-framework / full-stack framework,JavaScript / TypeScript,JavaScript,,,,,,,Not populated: no comparable global framework-by-country table verified for the full catalogue,Not populated: no robust per-framework gender cross-tab verified for the full catalogue,,https://2025.stateofjs.com/en-US/libraries/meta-frameworks/
163,F,FeathersJS Server,Back-end / API,Server,Framework / server technology,JavaScript / TypeScript,JavaScript,,,,,,,Not populated: no comparable global framework-by-country table verified for the full catalogue,Not populated: no robust per-framework gender cross-tab verified for the full catalogue,,https://github.com/sindresorhus/awesome-nodejs
164,F,Fiber,Back-end / API,Server,Framework / router / toolkit,Go,Go,,,,,,,Not populated: no comparable global framework-by-country table verified for the full catalogue,Not populated: no robust per-framework gender cross-tab verified for the full catalogue,,https://github.com/avelino/awesome-go
165,F,Fiber Next,Back-end / API,Server,Framework / router / toolkit,Go,Go,,,,,,,Not populated: no comparable global framework-by-country table verified for the full catalogue,Not populated: no robust per-framework gender cross-tab verified for the full catalogue,,https://github.com/avelino/awesome-go
166,F,Fiery,R web,Server / data app,Framework / web app toolkit,R,R,,,,,,,Not populated: no comparable global framework-by-country table verified for the full catalogue,Not populated: no robust per-framework gender cross-tab verified for the full catalogue,,https://en.wikipedia.org/wiki/Comparison_of_server-side_web_frameworks
167,F,Finatra,Scala web,Server / client,Framework / HTTP toolkit,Scala,Scala/JVM,,,,,,,Not populated: no comparable global framework-by-country table verified for the full catalogue,Not populated: no robust per-framework gender cross-tab verified for the full catalogue,,https://github.com/lauris/awesome-scala
168,F,Finch,Scala web,Server / client,Framework / HTTP toolkit,Scala,Scala/JVM,,,,,,,Not populated: no comparable global framework-by-country table verified for the full catalogue,Not populated: no robust per-framework gender cross-tab verified for the full catalogue,,https://github.com/lauris/awesome-scala
169,F,Fireball,Back-end / API,Server,Framework / router / toolkit,Go,Go,,,,,,,Not populated: no comparable global framework-by-country table verified for the full catalogue,Not populated: no robust per-framework gender cross-tab verified for the full catalogue,,https://github.com/avelino/awesome-go
170,F,Flamingo,Back-end / API,Server,Framework / router / toolkit,Go,Go,,,,,,,Not populated: no comparable global framework-by-country table verified for the full catalogue,Not populated: no robust per-framework gender cross-tab verified for the full catalogue,,https://github.com/avelino/awesome-go
171,F,Flask,Back-end / full-stack,Server / full-stack,Framework / web app toolkit,Python,Python,11,14.4,,,,,Not populated: no comparable global framework-by-country table verified for the full catalogue,Not populated: no robust per-framework gender cross-tab verified for the full catalogue,,https://github.com/vinta/awesome-python
172,F,Flight,Front-end application,Client,Framework / UI library,JavaScript / TypeScript,JavaScript,,,,,,,Not populated: no comparable global framework-by-country table verified for the full catalogue,Not populated: no robust per-framework gender cross-tab verified for the full catalogue,,https://en.wikipedia.org/wiki/Comparison_of_JavaScript-based_web_frameworks
173,F,Fluent UI,CSS / UI framework,Client UI / styling,CSS framework / component library,CSS / JavaScript / TypeScript,Web UI,,,,,,,Not populated: no comparable global framework-by-country table verified for the full catalogue,Not populated: no robust per-framework gender cross-tab verified for the full catalogue,,https://github.com/troxler/awesome-css-frameworks
174,F,Flutter Web,Dart web,Client / server / full-stack,Framework / web toolkit,Dart,Dart,,,,,,,Not populated: no comparable global framework-by-country table verified for the full catalogue,Not populated: no robust per-framework gender cross-tab verified for the full catalogue,,https://github.com/myles/awesome-static-generators
175,F,FoalTS,Back-end / API,Server,Framework / server technology,JavaScript / TypeScript,JavaScript,,,,,,,Not populated: no comparable global framework-by-country table verified for the full catalogue,Not populated: no robust per-framework gender cross-tab verified for the full catalogue,,https://github.com/sindresorhus/awesome-nodejs
176,F,Fomantic UI,CSS / UI framework,Client UI / styling,CSS framework / component library,CSS / JavaScript / TypeScript,Web UI,,,,,,,Not populated: no comparable global framework-by-country table verified for the full catalogue,Not populated: no robust per-framework gender cross-tab verified for the full catalogue,,https://github.com/troxler/awesome-css-frameworks
177,F,Foundation,CSS / UI framework,Client UI / styling,CSS framework / component library,CSS / JavaScript / TypeScript,Web UI,,,,,,,Not populated: no comparable global framework-by-country table verified for the full catalogue,Not populated: no robust per-framework gender cross-tab verified for the full catalogue,,https://github.com/troxler/awesome-css-frameworks
178,F,Franklin.jl,Julia web,Server / full-stack / SSG,Framework / web toolkit,Julia,Julia,,,,,,,Not populated: no comparable global framework-by-country table verified for the full catalogue,Not populated: no robust per-framework gender cross-tab verified for the full catalogue,,https://en.wikipedia.org/wiki/Comparison_of_server-side_web_frameworks
179,F,Fresh,Meta / full-stack,Full-stack / SSR / SSG,Meta-framework / full-stack framework,JavaScript / TypeScript,JavaScript,,,,,,,Not populated: no comparable global framework-by-country table verified for the full catalogue,Not populated: no robust per-framework gender cross-tab verified for the full catalogue,,https://2025.stateofjs.com/en-US/libraries/meta-frameworks/
180,F,FuelPHP,Back-end / full-stack,Server / full-stack,Framework / web app toolkit,PHP,PHP,,,,,,,Not populated: no comparable global framework-by-country table verified for the full catalogue,Not populated: no robust per-framework gender cross-tab verified for the full catalogue,,https://github.com/ziadoz/awesome-php
181,F,Fulcro,Clojure web,Server / full-stack / client,Framework / web toolkit,Clojure / ClojureScript,Clojure,,,,,,,Not populated: no comparable global framework-by-country table verified for the full catalogue,Not populated: no robust per-framework gender cross-tab verified for the full catalogue,,https://en.wikipedia.org/wiki/Comparison_of_server-side_web_frameworks
182,F,Fullmoon,Lua web,Server / SSG,Framework / web toolkit,Lua,Lua,,,,,,,Not populated: no comparable global framework-by-country table verified for the full catalogue,Not populated: no robust per-framework gender cross-tab verified for the full catalogue,,https://github.com/myles/awesome-static-generators
183,F,Fusebox,CFML web,Server,Framework,CFML,ColdFusion / CFML,,,,,,,Not populated: no comparable global framework-by-country table verified for the full catalogue,Not populated: no robust per-framework gender cross-tab verified for the full catalogue,,https://en.wikipedia.org/wiki/Comparison_of_server-side_web_frameworks
184,F,FW/1,CFML web,Server,Framework,CFML,ColdFusion / CFML,,,,,,,Not populated: no comparable global framework-by-country table verified for the full catalogue,Not populated: no robust per-framework gender cross-tab verified for the full catalogue,,https://en.wikipedia.org/wiki/Comparison_of_server-side_web_frameworks
185,G,Gantry,Perl web,Server,Framework / web toolkit,Perl,Perl,,,,,,,Not populated: no comparable global framework-by-country table verified for the full catalogue,Not populated: no robust per-framework gender cross-tab verified for the full catalogue,,https://en.wikipedia.org/wiki/Comparison_of_server-side_web_frameworks
186,G,Gatsby,Meta / full-stack,Full-stack / SSR / SSG,Meta-framework / full-stack framework,JavaScript / TypeScript,JavaScript,,,,24,,,Not populated: no comparable global framework-by-country table verified for the full catalogue,Not populated: no robust per-framework gender cross-tab verified for the full catalogue,,https://2025.stateofjs.com/en-US/libraries/meta-frameworks/
187,G,Gearbox,Back-end / API,Server,Framework / router / toolkit,Go,Go,,,,,,,Not populated: no comparable global framework-by-country table verified for the full catalogue,Not populated: no robust per-framework gender cross-tab verified for the full catalogue,,https://github.com/avelino/awesome-go
188,G,Gem,Back-end / API,Server,Framework / router / toolkit,Go,Go,,,,,,,Not populated: no comparable global framework-by-country table verified for the full catalogue,Not populated: no robust per-framework gender cross-tab verified for the full catalogue,,https://github.com/avelino/awesome-go
189,G,Genie,Julia web,Server / full-stack / SSG,Framework / web toolkit,Julia,Julia,,,,,,,Not populated: no comparable global framework-by-country table verified for the full catalogue,Not populated: no robust per-framework gender cross-tab verified for the full catalogue,,https://en.wikipedia.org/wiki/Comparison_of_server-side_web_frameworks
190,G,Ghost,CMS / web platform,Full-stack content platform,CMS / web platform,Multi-language,CMS,,,,,,,Not populated: no comparable global framework-by-country table verified for the full catalogue,Not populated: no robust per-framework gender cross-tab verified for the full catalogue,Not strictly a framework; retained because major web-technology surveys and real-world stacks include these platforms.,https://survey.stackoverflow.co/2025/technology/
191,G,Gin,Back-end / API,Server,Framework / router / toolkit,Go,Go,,,,,,,Not populated: no comparable global framework-by-country table verified for the full catalogue,Not populated: no robust per-framework gender cross-tab verified for the full catalogue,,https://github.com/avelino/awesome-go
192,G,Giraffe,.NET web,Server / full-stack / client,Framework / web platform,C# / F#,.NET,,,,,,,Not populated: no comparable global framework-by-country table verified for the full catalogue,Not populated: no robust per-framework gender cross-tab verified for the full catalogue,,https://en.wikipedia.org/wiki/Comparison_of_server-side_web_frameworks
193,G,Go kit,Back-end / API,Server,Framework / router / toolkit,Go,Go,,,,,,,Not populated: no comparable global framework-by-country table verified for the full catalogue,Not populated: no robust per-framework gender cross-tab verified for the full catalogue,,https://github.com/avelino/awesome-go
194,G,go-zero,Back-end / API,Server,Framework / router / toolkit,Go,Go,,,,,,,Not populated: no comparable global framework-by-country table verified for the full catalogue,Not populated: no robust per-framework gender cross-tab verified for the full catalogue,,https://github.com/avelino/awesome-go
195,G,Goa,Back-end / API,Server,Framework / router / toolkit,Go,Go,,,,,,,Not populated: no comparable global framework-by-country table verified for the full catalogue,Not populated: no robust per-framework gender cross-tab verified for the full catalogue,,https://github.com/avelino/awesome-go
196,G,Goa v3,Back-end / API,Server,Framework / router / toolkit,Go,Go,,,,,,,Not populated: no comparable global framework-by-country table verified for the full catalogue,Not populated: no robust per-framework gender cross-tab verified for the full catalogue,,https://github.com/avelino/awesome-go
197,G,Gocraft/web,Back-end / API,Server,Framework / router / toolkit,Go,Go,,,,,,,Not populated: no comparable global framework-by-country table verified for the full catalogue,Not populated: no robust per-framework gender cross-tab verified for the full catalogue,,https://github.com/avelino/awesome-go
198,G,GoFiber,Back-end / API,Server,Framework / router / toolkit,Go,Go,,,,,,,Not populated: no comparable global framework-by-country table verified for the full catalogue,Not populated: no robust per-framework gender cross-tab verified for the full catalogue,,https://github.com/avelino/awesome-go
199,G,GoFrame,Back-end / API,Server,Framework / router / toolkit,Go,Go,,,,,,,Not populated: no comparable global framework-by-country table verified for the full catalogue,Not populated: no robust per-framework gender cross-tab verified for the full catalogue,,https://github.com/avelino/awesome-go
200,G,Goji,Back-end / API,Server,Framework / router / toolkit,Go,Go,,,,,,,Not populated: no comparable global framework-by-country table verified for the full catalogue,Not populated: no robust per-framework gender cross-tab verified for the full catalogue,,https://github.com/avelino/awesome-go
201,G,Goldsmith,Static site / documentation,Build-time / SSG,Static site generator / content framework,Multi-language,Static web,,,,,,,Not populated: no comparable global framework-by-country table verified for the full catalogue,Not populated: no robust per-framework gender cross-tab verified for the full catalogue,,https://github.com/myles/awesome-static-generators
202,G,Google Web Toolkit,Back-end / full-stack,Server / full-stack,Framework / web platform,Java / Kotlin / Groovy,JVM,,,,,,,Not populated: no comparable global framework-by-country table verified for the full catalogue,Not populated: no robust per-framework gender cross-tab verified for the full catalogue,,https://github.com/akullpp/awesome-java
203,G,Gorilla Mux,Back-end / API,Server,Framework / router / toolkit,Go,Go,,,,,,,Not populated: no comparable global framework-by-country table verified for the full catalogue,Not populated: no robust per-framework gender cross-tab verified for the full catalogue,,https://github.com/avelino/awesome-go
204,G,Gorilla Toolkit,Back-end / API,Server,Framework / router / toolkit,Go,Go,,,,,,,Not populated: no comparable global framework-by-country table verified for the full catalogue,Not populated: no robust per-framework gender cross-tab verified for the full catalogue,,https://github.com/avelino/awesome-go
205,G,Gotham,Rust web,Server / full-stack / client / SSG,Framework / web toolkit,Rust,Rust,,,,,,,Not populated: no comparable global framework-by-country table verified for the full catalogue,Not populated: no robust per-framework gender cross-tab verified for the full catalogue,,https://en.wikipedia.org/wiki/Comparison_of_server-side_web_frameworks
206,G,Goweb,Back-end / API,Server,Framework / router / toolkit,Go,Go,,,,,,,Not populated: no comparable global framework-by-country table verified for the full catalogue,Not populated: no robust per-framework gender cross-tab verified for the full catalogue,,https://github.com/avelino/awesome-go
207,G,Goyave,Back-end / API,Server,Framework / router / toolkit,Go,Go,,,,,,,Not populated: no comparable global framework-by-country table verified for the full catalogue,Not populated: no robust per-framework gender cross-tab verified for the full catalogue,,https://github.com/avelino/awesome-go
208,G,Gradio,Back-end / full-stack,Server / full-stack,Framework / web app toolkit,Python,Python,,,,,,,Not populated: no comparable global framework-by-country table verified for the full catalogue,Not populated: no robust per-framework gender cross-tab verified for the full catalogue,,https://github.com/vinta/awesome-python
209,G,Grails,Back-end / full-stack,Server / full-stack,Framework / web platform,Java / Kotlin / Groovy,JVM,,,,,,,Not populated: no comparable global framework-by-country table verified for the full catalogue,Not populated: no robust per-framework gender cross-tab verified for the full catalogue,,https://github.com/akullpp/awesome-java
210,G,Grape,Back-end / full-stack,Server / full-stack,Framework / web app toolkit,Ruby,Ruby,,,,,,,Not populated: no comparable global framework-by-country table verified for the full catalogue,Not populated: no robust per-framework gender cross-tab verified for the full catalogue,,https://github.com/markets/awesome-ruby
211,G,Grip,Crystal web,Server / full-stack / SSG,Framework / web toolkit,Crystal,Crystal,,,,,,,Not populated: no comparable global framework-by-country table verified for the full catalogue,Not populated: no robust per-framework gender cross-tab verified for the full catalogue,,https://github.com/myles/awesome-static-generators
212,G,Grommet,CSS / UI framework,Client UI / styling,CSS framework / component library,CSS / JavaScript / TypeScript,Web UI,,,,,,,Not populated: no comparable global framework-by-country table verified for the full catalogue,Not populated: no robust per-framework gender cross-tab verified for the full catalogue,,https://github.com/troxler/awesome-css-frameworks
213,G,GuildenStern,Nim web,Server / client,Framework / web toolkit,Nim,Nim,,,,,,,Not populated: no comparable global framework-by-country table verified for the full catalogue,Not populated: no robust per-framework gender cross-tab verified for the full catalogue,,https://en.wikipedia.org/wiki/Comparison_of_server-side_web_frameworks
214,H,h3,Back-end / API,Server,Framework / server technology,JavaScript / TypeScript,JavaScript,,,,,,,Not populated: no comparable global framework-by-country table verified for the full catalogue,Not populated: no robust per-framework gender cross-tab verified for the full catalogue,,https://github.com/sindresorhus/awesome-nodejs
215,H,Hakyll,Haskell web,Server / full-stack / SSG,Framework / web toolkit,Haskell,Haskell,,,,,,,Not populated: no comparable global framework-by-country table verified for the full catalogue,Not populated: no robust per-framework gender cross-tab verified for the full catalogue,,https://github.com/krispo/awesome-haskell
216,H,Hanami,Back-end / full-stack,Server / full-stack,Framework / web app toolkit,Ruby,Ruby,,,,,,,Not populated: no comparable global framework-by-country table verified for the full catalogue,Not populated: no robust per-framework gender cross-tab verified for the full catalogue,,https://github.com/markets/awesome-ruby
217,H,Hapi,Back-end / API,Server,Framework / server technology,JavaScript / TypeScript,JavaScript,,,,,,,Not populated: no comparable global framework-by-country table verified for the full catalogue,Not populated: no robust per-framework gender cross-tab verified for the full catalogue,,https://github.com/sindresorhus/awesome-nodejs
218,H,Happstack,Haskell web,Server / full-stack / SSG,Framework / web toolkit,Haskell,Haskell,,,,,,,Not populated: no comparable global framework-by-country table verified for the full catalogue,Not populated: no robust per-framework gender cross-tab verified for the full catalogue,,https://github.com/krispo/awesome-haskell
219,H,HappyX,Nim web,Server / client,Framework / web toolkit,Nim,Nim,,,,,,,Not populated: no comparable global framework-by-country table verified for the full catalogue,Not populated: no robust per-framework gender cross-tab verified for the full catalogue,,https://en.wikipedia.org/wiki/Comparison_of_server-side_web_frameworks
220,H,Harp,Static site / documentation,Build-time / SSG,Static site generator / content framework,Multi-language,Static web,,,,,,,Not populated: no comparable global framework-by-country table verified for the full catalogue,Not populated: no robust per-framework gender cross-tab verified for the full catalogue,,https://github.com/myles/awesome-static-generators
221,H,Helidon,Back-end / full-stack,Server / full-stack,Framework / web platform,Java / Kotlin / Groovy,JVM,,,,,,,Not populated: no comparable global framework-by-country table verified for the full catalogue,Not populated: no robust per-framework gender cross-tab verified for the full catalogue,,https://github.com/akullpp/awesome-java
222,H,Hertz,Back-end / API,Server,Framework / router / toolkit,Go,Go,,,,,,,Not populated: no comparable global framework-by-country table verified for the full catalogue,Not populated: no robust per-framework gender cross-tab verified for the full catalogue,,https://github.com/avelino/awesome-go
223,H,Hexo,Static site / documentation,Build-time / SSG,Static site generator / content framework,Multi-language,Static web,,,,,,,Not populated: no comparable global framework-by-country table verified for the full catalogue,Not populated: no robust per-framework gender cross-tab verified for the full catalogue,,https://github.com/myles/awesome-static-generators
224,H,Hobbit,Back-end / full-stack,Server / full-stack,Framework / web app toolkit,Ruby,Ruby,,,,,,,Not populated: no comparable global framework-by-country table verified for the full catalogue,Not populated: no robust per-framework gender cross-tab verified for the full catalogue,,https://github.com/markets/awesome-ruby
225,H,Hologram,BEAM web,Server / full-stack,Framework / web toolkit,Elixir / Erlang,BEAM,,,,,,,Not populated: no comparable global framework-by-country table verified for the full catalogue,Not populated: no robust per-framework gender cross-tab verified for the full catalogue,,https://github.com/h4cc/awesome-elixir
226,H,Hono,Back-end / API,Server,Framework / server technology,JavaScript / TypeScript,JavaScript,,,,95,,,Not populated: no comparable global framework-by-country table verified for the full catalogue,Not populated: no robust per-framework gender cross-tab verified for the full catalogue,,https://github.com/sindresorhus/awesome-nodejs
227,H,Hoplon,Clojure web,Server / full-stack / client,Framework / web toolkit,Clojure / ClojureScript,Clojure,,,,,,,Not populated: no comparable global framework-by-country table verified for the full catalogue,Not populated: no robust per-framework gender cross-tab verified for the full catalogue,,https://en.wikipedia.org/wiki/Comparison_of_server-side_web_frameworks
228,H,Hotwire,Front-end application,Client,Framework / UI library,JavaScript / TypeScript,JavaScript,,,,,,,Not populated: no comparable global framework-by-country table verified for the full catalogue,Not populated: no robust per-framework gender cross-tab verified for the full catalogue,,https://en.wikipedia.org/wiki/Comparison_of_JavaScript-based_web_frameworks
229,H,HTMX,Front-end application,Client,Framework / UI library,JavaScript / TypeScript,JavaScript,,,,,,,Not populated: no comparable global framework-by-country table verified for the full catalogue,Not populated: no robust per-framework gender cross-tab verified for the full catalogue,,https://en.wikipedia.org/wiki/Comparison_of_JavaScript-based_web_frameworks
230,H,http4k,Back-end / full-stack,Server / full-stack,Framework / web platform,Java / Kotlin / Groovy,JVM,,,,,,,Not populated: no comparable global framework-by-country table verified for the full catalogue,Not populated: no robust per-framework gender cross-tab verified for the full catalogue,,https://github.com/akullpp/awesome-java
231,H,http4s,Scala web,Server / client,Framework / HTTP toolkit,Scala,Scala/JVM,,,,,,,Not populated: no comparable global framework-by-country table verified for the full catalogue,Not populated: no robust per-framework gender cross-tab verified for the full catalogue,,https://github.com/lauris/awesome-scala
232,H,httprouter,Back-end / API,Server,Framework / router / toolkit,Go,Go,,,,,,,Not populated: no comparable global framework-by-country table verified for the full catalogue,Not populated: no robust per-framework gender cross-tab verified for the full catalogue,,https://github.com/avelino/awesome-go
233,H,Hug,Back-end / full-stack,Server / full-stack,Framework / web app toolkit,Python,Python,,,,,,,Not populated: no comparable global framework-by-country table verified for the full catalogue,Not populated: no robust per-framework gender cross-tab verified for the full catalogue,,https://github.com/vinta/awesome-python
234,H,Hugo,Static site / documentation,Build-time / SSG,Static site generator / content framework,Multi-language,Static web,,,,,,,Not populated: no comparable global framework-by-country table verified for the full catalogue,Not populated: no robust per-framework gender cross-tab verified for the full catalogue,,https://github.com/myles/awesome-static-generators
235,H,Hummingbird,Swift web,Server / SSG,Framework / web toolkit,Swift,Swift,,,,,,,Not populated: no comparable global framework-by-country table verified for the full catalogue,Not populated: no robust per-framework gender cross-tab verified for the full catalogue,,https://github.com/matteocrippa/awesome-swift
236,H,Hunchentoot,Common Lisp web,Server,Framework / web toolkit,Common Lisp,Common Lisp,,,,,,,Not populated: no comparable global framework-by-country table verified for the full catalogue,Not populated: no robust per-framework gender cross-tab verified for the full catalogue,,https://en.wikipedia.org/wiki/Comparison_of_server-side_web_frameworks
237,H,Hwaro,Crystal web,Server / full-stack / SSG,Framework / web toolkit,Crystal,Crystal,,,,,,,Not populated: no comparable global framework-by-country table verified for the full catalogue,Not populated: no robust per-framework gender cross-tab verified for the full catalogue,,https://github.com/myles/awesome-static-generators
238,H,Hyde,Static site / documentation,Build-time / SSG,Static site generator / content framework,Multi-language,Static web,,,,,,,Not populated: no comparable global framework-by-country table verified for the full catalogue,Not populated: no robust per-framework gender cross-tab verified for the full catalogue,,https://github.com/myles/awesome-static-generators
239,H,HydePHP,Static site / documentation,Build-time / SSG,Static site generator / content framework,Multi-language,Static web,,,,,,,Not populated: no comparable global framework-by-country table verified for the full catalogue,Not populated: no robust per-framework gender cross-tab verified for the full catalogue,,https://github.com/myles/awesome-static-generators
240,H,Hyperapp,Front-end application,Client,Framework / UI library,JavaScript / TypeScript,JavaScript,,,,,,,Not populated: no comparable global framework-by-country table verified for the full catalogue,Not populated: no robust per-framework gender cross-tab verified for the full catalogue,,https://en.wikipedia.org/wiki/Comparison_of_JavaScript-based_web_frameworks
241,H,HyperExpress,Back-end / API,Server,Framework / server technology,JavaScript / TypeScript,JavaScript,,,,,,,Not populated: no comparable global framework-by-country table verified for the full catalogue,Not populated: no robust per-framework gender cross-tab verified for the full catalogue,,https://github.com/sindresorhus/awesome-nodejs
242,H,Hyperf,Back-end / full-stack,Server / full-stack,Framework / web app toolkit,PHP,PHP,,,,,,,Not populated: no comparable global framework-by-country table verified for the full catalogue,Not populated: no robust per-framework gender cross-tab verified for the full catalogue,,https://github.com/ziadoz/awesome-php
243,H,Hyperstack,Back-end / full-stack,Server / full-stack,Framework / web app toolkit,Ruby,Ruby,,,,,,,Not populated: no comparable global framework-by-country table verified for the full catalogue,Not populated: no robust per-framework gender cross-tab verified for the full catalogue,,https://github.com/markets/awesome-ruby
244,I,Ignite,Swift web,Server / SSG,Framework / web toolkit,Swift,Swift,,,,,,,Not populated: no comparable global framework-by-country table verified for the full catalogue,Not populated: no robust per-framework gender cross-tab verified for the full catalogue,,https://github.com/matteocrippa/awesome-swift
245,I,IHP,Haskell web,Server / full-stack / SSG,Framework / web toolkit,Haskell,Haskell,,,,,,,Not populated: no comparable global framework-by-country table verified for the full catalogue,Not populated: no robust per-framework gender cross-tab verified for the full catalogue,,https://github.com/krispo/awesome-haskell
246,I,Immutant,Clojure web,Server / full-stack / client,Framework / web toolkit,Clojure / ClojureScript,Clojure,,,,,,,Not populated: no comparable global framework-by-country table verified for the full catalogue,Not populated: no robust per-framework gender cross-tab verified for the full catalogue,,https://en.wikipedia.org/wiki/Comparison_of_server-side_web_frameworks
247,I,Inertia.js,Meta / full-stack,Full-stack / SSR / SSG,Meta-framework / full-stack framework,JavaScript / TypeScript,JavaScript,,,,,,,Not populated: no comparable global framework-by-country table verified for the full catalogue,Not populated: no robust per-framework gender cross-tab verified for the full catalogue,,https://2025.stateofjs.com/en-US/libraries/meta-frameworks/
248,I,Inferno,Front-end application,Client,Framework / UI library,JavaScript / TypeScript,JavaScript,,,,,,,Not populated: no comparable global framework-by-country table verified for the full catalogue,Not populated: no robust per-framework gender cross-tab verified for the full catalogue,,https://en.wikipedia.org/wiki/Comparison_of_JavaScript-based_web_frameworks
249,I,inuitcss,CSS / UI framework,Client UI / styling,CSS framework / component library,CSS / JavaScript / TypeScript,Web UI,,,,,,,Not populated: no comparable global framework-by-country table verified for the full catalogue,Not populated: no robust per-framework gender cross-tab verified for the full catalogue,,https://github.com/troxler/awesome-css-frameworks
250,I,Iris,Back-end / API,Server,Framework / router / toolkit,Go,Go,,,,,,,Not populated: no comparable global framework-by-country table verified for the full catalogue,Not populated: no robust per-framework gender cross-tab verified for the full catalogue,,https://github.com/avelino/awesome-go
251,J,Jaguar,Dart web,Client / server / full-stack,Framework / web toolkit,Dart,Dart,,,,,,,Not populated: no comparable global framework-by-country table verified for the full catalogue,Not populated: no robust per-framework gender cross-tab verified for the full catalogue,,https://github.com/myles/awesome-static-generators
252,J,Jakarta Faces,Back-end / full-stack,Server / full-stack,Framework / web platform,Java / Kotlin / Groovy,JVM,,,,,,,Not populated: no comparable global framework-by-country table verified for the full catalogue,Not populated: no robust per-framework gender cross-tab verified for the full catalogue,,https://github.com/akullpp/awesome-java
253,J,Jaspr,Dart web,Client / server / full-stack,Framework / web toolkit,Dart,Dart,,,,,,,Not populated: no comparable global framework-by-country table verified for the full catalogue,Not populated: no robust per-framework gender cross-tab verified for the full catalogue,,https://github.com/myles/awesome-static-generators
254,J,Javalin,Back-end / full-stack,Server / full-stack,Framework / web platform,Java / Kotlin / Groovy,JVM,,,,,,,Not populated: no comparable global framework-by-country table verified for the full catalogue,Not populated: no robust per-framework gender cross-tab verified for the full catalogue,,https://github.com/akullpp/awesome-java
255,J,JBake,Back-end / full-stack,Server / full-stack,Framework / web platform,Java / Kotlin / Groovy,JVM,,,,,,,Not populated: no comparable global framework-by-country table verified for the full catalogue,Not populated: no robust per-framework gender cross-tab verified for the full catalogue,,https://github.com/akullpp/awesome-java
256,J,JBake SSG,Static site / documentation,Build-time / SSG,Static site generator / content framework,Multi-language,Static web,,,,,,,Not populated: no comparable global framework-by-country table verified for the full catalogue,Not populated: no robust per-framework gender cross-tab verified for the full catalogue,,https://github.com/myles/awesome-static-generators
257,J,JBoss Seam,Back-end / full-stack,Server / full-stack,Framework / web platform,Java / Kotlin / Groovy,JVM,,,,,,,Not populated: no comparable global framework-by-country table verified for the full catalogue,Not populated: no robust per-framework gender cross-tab verified for the full catalogue,,https://github.com/akullpp/awesome-java
258,J,Jekyll,Static site / documentation,Build-time / SSG,Static site generator / content framework,Multi-language,Static web,,,,,,,Not populated: no comparable global framework-by-country table verified for the full catalogue,Not populated: no robust per-framework gender cross-tab verified for the full catalogue,,https://github.com/myles/awesome-static-generators
259,J,Jersey,Back-end / full-stack,Server / full-stack,Framework / web platform,Java / Kotlin / Groovy,JVM,,,,,,,Not populated: no comparable global framework-by-country table verified for the full catalogue,Not populated: no robust per-framework gender cross-tab verified for the full catalogue,,https://github.com/akullpp/awesome-java
260,J,Jester,Nim web,Server / client,Framework / web toolkit,Nim,Nim,,,,,,,Not populated: no comparable global framework-by-country table verified for the full catalogue,Not populated: no robust per-framework gender cross-tab verified for the full catalogue,,https://en.wikipedia.org/wiki/Comparison_of_server-side_web_frameworks
261,J,Jifty,Perl web,Server,Framework / web toolkit,Perl,Perl,,,,,,,Not populated: no comparable global framework-by-country table verified for the full catalogue,Not populated: no robust per-framework gender cross-tab verified for the full catalogue,,https://en.wikipedia.org/wiki/Comparison_of_server-side_web_frameworks
262,J,Jooby,Back-end / full-stack,Server / full-stack,Framework / web platform,Java / Kotlin / Groovy,JVM,,,,,,,Not populated: no comparable global framework-by-country table verified for the full catalogue,Not populated: no robust per-framework gender cross-tab verified for the full catalogue,,https://github.com/akullpp/awesome-java
263,J,Joomla,CMS / web platform,Full-stack content platform,CMS / web platform,Multi-language,CMS,,,,,,,Not populated: no comparable global framework-by-country table verified for the full catalogue,Not populated: no robust per-framework gender cross-tab verified for the full catalogue,Not strictly a framework; retained because major web-technology surveys and real-world stacks include these platforms.,https://survey.stackoverflow.co/2025/technology/
264,K,Karax,Nim web,Server / client,Framework / web toolkit,Nim,Nim,,,,,,,Not populated: no comparable global framework-by-country table verified for the full catalogue,Not populated: no robust per-framework gender cross-tab verified for the full catalogue,,https://en.wikipedia.org/wiki/Comparison_of_server-side_web_frameworks
265,K,Kelp,Perl web,Server,Framework / web toolkit,Perl,Perl,,,,,,,Not populated: no comparable global framework-by-country table verified for the full catalogue,Not populated: no robust per-framework gender cross-tab verified for the full catalogue,,https://en.wikipedia.org/wiki/Comparison_of_server-side_web_frameworks
266,K,Kemal,Crystal web,Server / full-stack / SSG,Framework / web toolkit,Crystal,Crystal,,,,,,,Not populated: no comparable global framework-by-country table verified for the full catalogue,Not populated: no robust per-framework gender cross-tab verified for the full catalogue,,https://github.com/myles/awesome-static-generators
267,K,Keystone CMS,CMS / web platform,Full-stack content platform,CMS / web platform,Multi-language,CMS,,,,,,,Not populated: no comparable global framework-by-country table verified for the full catalogue,Not populated: no robust per-framework gender cross-tab verified for the full catalogue,Not strictly a framework; retained because major web-technology surveys and real-world stacks include these platforms.,https://survey.stackoverflow.co/2025/technology/
268,K,KeystoneJS,Back-end / API,Server,Framework / server technology,JavaScript / TypeScript,JavaScript,,,,,,,Not populated: no comparable global framework-by-country table verified for the full catalogue,Not populated: no robust per-framework gender cross-tab verified for the full catalogue,,https://github.com/sindresorhus/awesome-nodejs
269,K,Kit (Clojure),Clojure web,Server / full-stack / client,Framework / web toolkit,Clojure / ClojureScript,Clojure,,,,,,,Not populated: no comparable global framework-by-country table verified for the full catalogue,Not populated: no robust per-framework gender cross-tab verified for the full catalogue,,https://en.wikipedia.org/wiki/Comparison_of_server-side_web_frameworks
270,K,Kitto,BEAM web,Server / full-stack,Framework / web toolkit,Elixir / Erlang,BEAM,,,,,,,Not populated: no comparable global framework-by-country table verified for the full catalogue,Not populated: no robust per-framework gender cross-tab verified for the full catalogue,,https://github.com/h4cc/awesome-elixir
271,K,Kitura,Swift web,Server / SSG,Framework / web toolkit,Swift,Swift,,,,,,,Not populated: no comparable global framework-by-country table verified for the full catalogue,Not populated: no robust per-framework gender cross-tab verified for the full catalogue,,https://github.com/matteocrippa/awesome-swift
272,K,Klein,Back-end / full-stack,Server / full-stack,Framework / web app toolkit,Python,Python,,,,,,,Not populated: no comparable global framework-by-country table verified for the full catalogue,Not populated: no robust per-framework gender cross-tab verified for the full catalogue,,https://github.com/vinta/awesome-python
273,K,Knockout,Front-end application,Client,Framework / UI library,JavaScript / TypeScript,JavaScript,,,,,,,Not populated: no comparable global framework-by-country table verified for the full catalogue,Not populated: no robust per-framework gender cross-tab verified for the full catalogue,,https://en.wikipedia.org/wiki/Comparison_of_JavaScript-based_web_frameworks
274,K,Koa,Back-end / API,Server,Framework / server technology,JavaScript / TypeScript,JavaScript,,,,64,,,Not populated: no comparable global framework-by-country table verified for the full catalogue,Not populated: no robust per-framework gender cross-tab verified for the full catalogue,,https://github.com/sindresorhus/awesome-nodejs
275,K,Kohana,Back-end / full-stack,Server / full-stack,Framework / web app toolkit,PHP,PHP,,,,,,,Not populated: no comparable global framework-by-country table verified for the full catalogue,Not populated: no robust per-framework gender cross-tab verified for the full catalogue,,https://github.com/ziadoz/awesome-php
276,K,Kore,C/C++ web,Server / full-stack,Framework / HTTP toolkit,C / C++,C/C++,,,,,,,Not populated: no comparable global framework-by-country table verified for the full catalogue,Not populated: no robust per-framework gender cross-tab verified for the full catalogue,,https://en.wikipedia.org/wiki/Comparison_of_server-side_web_frameworks
277,K,Koyo,Racket web,Server / full-stack,Framework / web toolkit,Racket,Racket,,,,,,,Not populated: no comparable global framework-by-country table verified for the full catalogue,Not populated: no robust per-framework gender cross-tab verified for the full catalogue,,https://en.wikipedia.org/wiki/Comparison_of_server-side_web_frameworks
278,K,Kratos,Back-end / API,Server,Framework / router / toolkit,Go,Go,,,,,,,Not populated: no comparable global framework-by-country table verified for the full catalogue,Not populated: no robust per-framework gender cross-tab verified for the full catalogue,,https://github.com/avelino/awesome-go
279,K,Ktor,Back-end / full-stack,Server / full-stack,Framework / web platform,Java / Kotlin / Groovy,JVM,,,,,,,Not populated: no comparable global framework-by-country table verified for the full catalogue,Not populated: no robust per-framework gender cross-tab verified for the full catalogue,,https://github.com/akullpp/awesome-java
280,L,Laminas,Back-end / full-stack,Server / full-stack,Framework / web app toolkit,PHP,PHP,,,,,,,Not populated: no comparable global framework-by-country table verified for the full catalogue,Not populated: no robust per-framework gender cross-tab verified for the full catalogue,,https://github.com/ziadoz/awesome-php
281,L,Lapis,Lua web,Server / SSG,Framework / web toolkit,Lua,Lua,,,,,,,Not populated: no comparable global framework-by-country table verified for the full catalogue,Not populated: no robust per-framework gender cross-tab verified for the full catalogue,,https://github.com/myles/awesome-static-generators
282,L,Laravel,Back-end / full-stack,Server / full-stack,Framework / web app toolkit,PHP,PHP,15,8.9,,,,,Not populated: no comparable global framework-by-country table verified for the full catalogue,Not populated: no robust per-framework gender cross-tab verified for the full catalogue,,https://github.com/ziadoz/awesome-php
283,L,Laravel Filament,Back-end / full-stack,Server / full-stack,Framework / web app toolkit,PHP,PHP,,,,,,,Not populated: no comparable global framework-by-country table verified for the full catalogue,Not populated: no robust per-framework gender cross-tab verified for the full catalogue,,https://github.com/ziadoz/awesome-php
284,L,Laravel Livewire,Back-end / full-stack,Server / full-stack,Framework / web app toolkit,PHP,PHP,,,,,,,Not populated: no comparable global framework-by-country table verified for the full catalogue,Not populated: no robust per-framework gender cross-tab verified for the full catalogue,,https://github.com/ziadoz/awesome-php
285,L,Laravel Octane,Back-end / full-stack,Server / full-stack,Framework / web app toolkit,PHP,PHP,,,,,,,Not populated: no comparable global framework-by-country table verified for the full catalogue,Not populated: no robust per-framework gender cross-tab verified for the full catalogue,,https://github.com/ziadoz/awesome-php
286,L,Leptos,Rust web,Server / full-stack / client / SSG,Framework / web toolkit,Rust,Rust,,,,,,,Not populated: no comparable global framework-by-country table verified for the full catalogue,Not populated: no robust per-framework gender cross-tab verified for the full catalogue,,https://en.wikipedia.org/wiki/Comparison_of_server-side_web_frameworks
287,L,libonion,C/C++ web,Server / full-stack,Framework / HTTP toolkit,C / C++,C/C++,,,,,,,Not populated: no comparable global framework-by-country table verified for the full catalogue,Not populated: no robust per-framework gender cross-tab verified for the full catalogue,,https://en.wikipedia.org/wiki/Comparison_of_server-side_web_frameworks
288,L,Lift,Scala web,Server / client,Framework / HTTP toolkit,Scala,Scala/JVM,,,,,,,Not populated: no comparable global framework-by-country table verified for the full catalogue,Not populated: no robust per-framework gender cross-tab verified for the full catalogue,,https://github.com/lauris/awesome-scala
289,L,Light-4J,Back-end / full-stack,Server / full-stack,Framework / web platform,Java / Kotlin / Groovy,JVM,,,,,,,Not populated: no comparable global framework-by-country table verified for the full catalogue,Not populated: no robust per-framework gender cross-tab verified for the full catalogue,,https://github.com/akullpp/awesome-java
290,L,Lightning,Swift web,Server / SSG,Framework / web toolkit,Swift,Swift,,,,,,,Not populated: no comparable global framework-by-country table verified for the full catalogue,Not populated: no robust per-framework gender cross-tab verified for the full catalogue,,https://github.com/matteocrippa/awesome-swift
291,L,Lit,Front-end application,Client,Framework / UI library,JavaScript / TypeScript,JavaScript,,,,,,,Not populated: no comparable global framework-by-country table verified for the full catalogue,Not populated: no robust per-framework gender cross-tab verified for the full catalogue,,https://en.wikipedia.org/wiki/Comparison_of_JavaScript-based_web_frameworks
292,L,Litestar,Back-end / full-stack,Server / full-stack,Framework / web app toolkit,Python,Python,,,,,,,Not populated: no comparable global framework-by-country table verified for the full catalogue,Not populated: no robust per-framework gender cross-tab verified for the full catalogue,,https://github.com/vinta/awesome-python
293,L,Loco,Rust web,Server / full-stack / client / SSG,Framework / web toolkit,Rust,Rust,,,,,,,Not populated: no comparable global framework-by-country table verified for the full catalogue,Not populated: no robust per-framework gender cross-tab verified for the full catalogue,,https://en.wikipedia.org/wiki/Comparison_of_server-side_web_frameworks
294,L,LoopBack,Back-end / API,Server,Framework / server technology,JavaScript / TypeScript,JavaScript,,,,,,,Not populated: no comparable global framework-by-country table verified for the full catalogue,Not populated: no robust per-framework gender cross-tab verified for the full catalogue,,https://github.com/sindresorhus/awesome-nodejs
295,L,Lor Framework,Lua web,Server / SSG,Framework / web toolkit,Lua,Lua,,,,,,,Not populated: no comparable global framework-by-country table verified for the full catalogue,Not populated: no robust per-framework gender cross-tab verified for the full catalogue,,https://github.com/myles/awesome-static-generators
296,L,Lucky,Crystal web,Server / full-stack / SSG,Framework / web toolkit,Crystal,Crystal,,,,,,,Not populated: no comparable global framework-by-country table verified for the full catalogue,Not populated: no robust per-framework gender cross-tab verified for the full catalogue,,https://github.com/myles/awesome-static-generators
297,L,Lume,Static site / documentation,Build-time / SSG,Static site generator / content framework,Multi-language,Static web,,,,,,,Not populated: no comparable global framework-by-country table verified for the full catalogue,Not populated: no robust per-framework gender cross-tab verified for the full catalogue,,https://github.com/myles/awesome-static-generators
298,L,Lumen,Back-end / full-stack,Server / full-stack,Framework / web app toolkit,PHP,PHP,,,,,,,Not populated: no comparable global framework-by-country table verified for the full catalogue,Not populated: no robust per-framework gender cross-tab verified for the full catalogue,,https://github.com/ziadoz/awesome-php
299,L,Luminus,Clojure web,Server / full-stack / client,Framework / web toolkit,Clojure / ClojureScript,Clojure,,,,,,,Not populated: no comparable global framework-by-country table verified for the full catalogue,Not populated: no robust per-framework gender cross-tab verified for the full catalogue,,https://en.wikipedia.org/wiki/Comparison_of_server-side_web_frameworks
300,M,Macaron,Back-end / API,Server,Framework / router / toolkit,Go,Go,,,,,,,Not populated: no comparable global framework-by-country table verified for the full catalogue,Not populated: no robust per-framework gender cross-tab verified for the full catalogue,,https://github.com/avelino/awesome-go
301,M,Mantine,CSS / UI framework,Client UI / styling,CSS framework / component library,CSS / JavaScript / TypeScript,Web UI,,,,,,,Not populated: no comparable global framework-by-country table verified for the full catalogue,Not populated: no robust per-framework gender cross-tab verified for the full catalogue,,https://github.com/troxler/awesome-css-frameworks
302,M,Marko,Front-end application,Client,Framework / UI library,JavaScript / TypeScript,JavaScript,,,,,,,Not populated: no comparable global framework-by-country table verified for the full catalogue,Not populated: no robust per-framework gender cross-tab verified for the full catalogue,,https://en.wikipedia.org/wiki/Comparison_of_JavaScript-based_web_frameworks
303,M,Marko Run,Meta / full-stack,Full-stack / SSR / SSG,Meta-framework / full-stack framework,JavaScript / TypeScript,JavaScript,,,,,,,Not populated: no comparable global framework-by-country table verified for the full catalogue,Not populated: no robust per-framework gender cross-tab verified for the full catalogue,,https://2025.stateofjs.com/en-US/libraries/meta-frameworks/
304,M,Martini,Back-end / API,Server,Framework / router / toolkit,Go,Go,,,,,,,Not populated: no comparable global framework-by-country table verified for the full catalogue,Not populated: no robust per-framework gender cross-tab verified for the full catalogue,,https://github.com/avelino/awesome-go
305,M,Maru,BEAM web,Server / full-stack,Framework / web toolkit,Elixir / Erlang,BEAM,,,,,,,Not populated: no comparable global framework-by-country table verified for the full catalogue,Not populated: no robust per-framework gender cross-tab verified for the full catalogue,,https://github.com/h4cc/awesome-elixir
306,M,Masonite,Back-end / full-stack,Server / full-stack,Framework / web app toolkit,Python,Python,,,,,,,Not populated: no comparable global framework-by-country table verified for the full catalogue,Not populated: no robust per-framework gender cross-tab verified for the full catalogue,,https://github.com/vinta/awesome-python
307,M,Material Components Web,CSS / UI framework,Client UI / styling,CSS framework / component library,CSS / JavaScript / TypeScript,Web UI,,,,,,,Not populated: no comparable global framework-by-country table verified for the full catalogue,Not populated: no robust per-framework gender cross-tab verified for the full catalogue,,https://github.com/troxler/awesome-css-frameworks
308,M,Material UI,CSS / UI framework,Client UI / styling,CSS framework / component library,CSS / JavaScript / TypeScript,Web UI,,,,,,,Not populated: no comparable global framework-by-country table verified for the full catalogue,Not populated: no robust per-framework gender cross-tab verified for the full catalogue,,https://github.com/troxler/awesome-css-frameworks
309,M,Materialize,CSS / UI framework,Client UI / styling,CSS framework / component library,CSS / JavaScript / TypeScript,Web UI,,,,,,,Not populated: no comparable global framework-by-country table verified for the full catalogue,Not populated: no robust per-framework gender cross-tab verified for the full catalogue,,https://github.com/troxler/awesome-css-frameworks
310,M,Maypole,Perl web,Server,Framework / web toolkit,Perl,Perl,,,,,,,Not populated: no comparable global framework-by-country table verified for the full catalogue,Not populated: no robust per-framework gender cross-tab verified for the full catalogue,,https://en.wikipedia.org/wiki/Comparison_of_server-side_web_frameworks
311,M,Mazurka,BEAM web,Server / full-stack,Framework / web toolkit,Elixir / Erlang,BEAM,,,,,,,Not populated: no comparable global framework-by-country table verified for the full catalogue,Not populated: no robust per-framework gender cross-tab verified for the full catalogue,,https://github.com/h4cc/awesome-elixir
312,M,mdBook,Rust web,Server / full-stack / client / SSG,Framework / web toolkit,Rust,Rust,,,,,,,Not populated: no comparable global framework-by-country table verified for the full catalogue,Not populated: no robust per-framework gender cross-tab verified for the full catalogue,,https://en.wikipedia.org/wiki/Comparison_of_server-side_web_frameworks
313,M,Medusa,Back-end / API,Server,Framework / server technology,JavaScript / TypeScript,JavaScript,,,,,,,Not populated: no comparable global framework-by-country table verified for the full catalogue,Not populated: no robust per-framework gender cross-tab verified for the full catalogue,,https://github.com/sindresorhus/awesome-nodejs
314,M,Metalsmith,Static site / documentation,Build-time / SSG,Static site generator / content framework,Multi-language,Static web,,,,,,,Not populated: no comparable global framework-by-country table verified for the full catalogue,Not populated: no robust per-framework gender cross-tab verified for the full catalogue,,https://github.com/myles/awesome-static-generators
315,M,Meteor,Meta / full-stack,Full-stack / SSR / SSG,Meta-framework / full-stack framework,JavaScript / TypeScript,JavaScript,,,,,,,Not populated: no comparable global framework-by-country table verified for the full catalogue,Not populated: no robust per-framework gender cross-tab verified for the full catalogue,,https://2025.stateofjs.com/en-US/libraries/meta-frameworks/
316,M,Mezzio,Back-end / full-stack,Server / full-stack,Framework / web app toolkit,PHP,PHP,,,,,,,Not populated: no comparable global framework-by-country table verified for the full catalogue,Not populated: no robust per-framework gender cross-tab verified for the full catalogue,,https://github.com/ziadoz/awesome-php
317,M,Micro,Back-end / API,Server,Framework / server technology,JavaScript / TypeScript,JavaScript,,,,,,,Not populated: no comparable global framework-by-country table verified for the full catalogue,Not populated: no robust per-framework gender cross-tab verified for the full catalogue,,https://github.com/sindresorhus/awesome-nodejs
318,M,Micronaut,Back-end / full-stack,Server / full-stack,Framework / web platform,Java / Kotlin / Groovy,JVM,,,,,,,Not populated: no comparable global framework-by-country table verified for the full catalogue,Not populated: no robust per-framework gender cross-tab verified for the full catalogue,,https://github.com/akullpp/awesome-java
319,M,Micronaut HTTP Server,Back-end / full-stack,Server / full-stack,Framework / web platform,Java / Kotlin / Groovy,JVM,,,,,,,Not populated: no comparable global framework-by-country table verified for the full catalogue,Not populated: no robust per-framework gender cross-tab verified for the full catalogue,,https://github.com/akullpp/awesome-java
320,M,Middleman,Static site / documentation,Build-time / SSG,Static site generator / content framework,Multi-language,Static web,,,,,,,Not populated: no comparable global framework-by-country table verified for the full catalogue,Not populated: no robust per-framework gender cross-tab verified for the full catalogue,,https://github.com/myles/awesome-static-generators
321,M,Middy,Back-end / API,Server,Framework / server technology,JavaScript / TypeScript,JavaScript,,,,,,,Not populated: no comparable global framework-by-country table verified for the full catalogue,Not populated: no robust per-framework gender cross-tab verified for the full catalogue,,https://github.com/sindresorhus/awesome-nodejs
322,M,MidwayJS,Back-end / API,Server,Framework / server technology,JavaScript / TypeScript,JavaScript,,,,,,,Not populated: no comparable global framework-by-country table verified for the full catalogue,Not populated: no robust per-framework gender cross-tab verified for the full catalogue,,https://github.com/sindresorhus/awesome-nodejs
323,M,Mighttpd2,Haskell web,Server / full-stack / SSG,Framework / web toolkit,Haskell,Haskell,,,,,,,Not populated: no comparable global framework-by-country table verified for the full catalogue,Not populated: no robust per-framework gender cross-tab verified for the full catalogue,,https://github.com/krispo/awesome-haskell
324,M,Million.js,Front-end application,Client,Framework / UI library,JavaScript / TypeScript,JavaScript,,,,,,,Not populated: no comparable global framework-by-country table verified for the full catalogue,Not populated: no robust per-framework gender cross-tab verified for the full catalogue,,https://en.wikipedia.org/wiki/Comparison_of_JavaScript-based_web_frameworks
325,M,Miso,Haskell web,Server / full-stack / SSG,Framework / web toolkit,Haskell,Haskell,,,,,,,Not populated: no comparable global framework-by-country table verified for the full catalogue,Not populated: no robust per-framework gender cross-tab verified for the full catalogue,,https://github.com/krispo/awesome-haskell
326,M,Mithril,Front-end application,Client,Framework / UI library,JavaScript / TypeScript,JavaScript,,,,,,,Not populated: no comparable global framework-by-country table verified for the full catalogue,Not populated: no robust per-framework gender cross-tab verified for the full catalogue,,https://en.wikipedia.org/wiki/Comparison_of_JavaScript-based_web_frameworks
327,M,MkDocs,Static site / documentation,Build-time / SSG,Static site generator / content framework,Multi-language,Static web,,,,,,,Not populated: no comparable global framework-by-country table verified for the full catalogue,Not populated: no robust per-framework gender cross-tab verified for the full catalogue,,https://github.com/myles/awesome-static-generators
328,M,Modern.js,Meta / full-stack,Full-stack / SSR / SSG,Meta-framework / full-stack framework,JavaScript / TypeScript,JavaScript,,,,,,,Not populated: no comparable global framework-by-country table verified for the full catalogue,Not populated: no robust per-framework gender cross-tab verified for the full catalogue,,https://2025.stateofjs.com/en-US/libraries/meta-frameworks/
329,M,Mojolicious,Perl web,Server,Framework / web toolkit,Perl,Perl,,,,,,,Not populated: no comparable global framework-by-country table verified for the full catalogue,Not populated: no robust per-framework gender cross-tab verified for the full catalogue,,https://en.wikipedia.org/wiki/Comparison_of_server-side_web_frameworks
330,M,Moleculer,Back-end / API,Server,Framework / server technology,JavaScript / TypeScript,JavaScript,,,,,,,Not populated: no comparable global framework-by-country table verified for the full catalogue,Not populated: no robust per-framework gender cross-tab verified for the full catalogue,,https://github.com/sindresorhus/awesome-nodejs
331,M,MonoRail,.NET web,Server / full-stack / client,Framework / web platform,C# / F#,.NET,,,,,,,Not populated: no comparable global framework-by-country table verified for the full catalogue,Not populated: no robust per-framework gender cross-tab verified for the full catalogue,,https://en.wikipedia.org/wiki/Comparison_of_server-side_web_frameworks
332,M,Moon,Front-end application,Client,Framework / UI library,JavaScript / TypeScript,JavaScript,,,,,,,Not populated: no comparable global framework-by-country table verified for the full catalogue,Not populated: no robust per-framework gender cross-tab verified for the full catalogue,,https://en.wikipedia.org/wiki/Comparison_of_JavaScript-based_web_frameworks
333,M,Moonstalk,Lua web,Server / SSG,Framework / web toolkit,Lua,Lua,,,,,,,Not populated: no comparable global framework-by-country table verified for the full catalogue,Not populated: no robust per-framework gender cross-tab verified for the full catalogue,,https://github.com/myles/awesome-static-generators
334,M,Morepath,Back-end / full-stack,Server / full-stack,Framework / web app toolkit,Python,Python,,,,,,,Not populated: no comparable global framework-by-country table verified for the full catalogue,Not populated: no robust per-framework gender cross-tab verified for the full catalogue,,https://github.com/vinta/awesome-python
335,M,MudBlazor,.NET web,Server / full-stack / client,Framework / web platform,C# / F#,.NET,,,,,,,Not populated: no comparable global framework-by-country table verified for the full catalogue,Not populated: no robust per-framework gender cross-tab verified for the full catalogue,,https://en.wikipedia.org/wiki/Comparison_of_server-side_web_frameworks
336,M,Mummy,Nim web,Server / client,Framework / web toolkit,Nim,Nim,,,,,,,Not populated: no comparable global framework-by-country table verified for the full catalogue,Not populated: no robust per-framework gender cross-tab verified for the full catalogue,,https://en.wikipedia.org/wiki/Comparison_of_server-side_web_frameworks
337,M,Mux.jl,Julia web,Server / full-stack / SSG,Framework / web toolkit,Julia,Julia,,,,,,,Not populated: no comparable global framework-by-country table verified for the full catalogue,Not populated: no robust per-framework gender cross-tab verified for the full catalogue,,https://en.wikipedia.org/wiki/Comparison_of_server-side_web_frameworks
338,M,MVP.css,CSS / UI framework,Client UI / styling,CSS framework / component library,CSS / JavaScript / TypeScript,Web UI,,,,,,,Not populated: no comparable global framework-by-country table verified for the full catalogue,Not populated: no robust per-framework gender cross-tab verified for the full catalogue,,https://github.com/troxler/awesome-css-frameworks
339,N,N2O,BEAM web,Server / full-stack,Framework / web toolkit,Elixir / Erlang,BEAM,,,,,,,Not populated: no comparable global framework-by-country table verified for the full catalogue,Not populated: no robust per-framework gender cross-tab verified for the full catalogue,,https://github.com/h4cc/awesome-elixir
340,N,Naive UI,CSS / UI framework,Client UI / styling,CSS framework / component library,CSS / JavaScript / TypeScript,Web UI,,,,,,,Not populated: no comparable global framework-by-country table verified for the full catalogue,Not populated: no robust per-framework gender cross-tab verified for the full catalogue,,https://github.com/troxler/awesome-css-frameworks
341,N,Nancy (Ruby),Back-end / full-stack,Server / full-stack,Framework / web app toolkit,Ruby,Ruby,,,,,,,Not populated: no comparable global framework-by-country table verified for the full catalogue,Not populated: no robust per-framework gender cross-tab verified for the full catalogue,,https://github.com/markets/awesome-ruby
342,N,NancyFX,.NET web,Server / full-stack / client,Framework / web platform,C# / F#,.NET,,,,,,,Not populated: no comparable global framework-by-country table verified for the full catalogue,Not populated: no robust per-framework gender cross-tab verified for the full catalogue,,https://en.wikipedia.org/wiki/Comparison_of_server-side_web_frameworks
343,N,Nanoc,Static site / documentation,Build-time / SSG,Static site generator / content framework,Multi-language,Static web,,,,,,,Not populated: no comparable global framework-by-country table verified for the full catalogue,Not populated: no robust per-framework gender cross-tab verified for the full catalogue,,https://github.com/myles/awesome-static-generators
344,N,Negroni,Back-end / API,Server,Framework / router / toolkit,Go,Go,,,,,,,Not populated: no comparable global framework-by-country table verified for the full catalogue,Not populated: no robust per-framework gender cross-tab verified for the full catalogue,,https://github.com/avelino/awesome-go
345,N,NES.css,CSS / UI framework,Client UI / styling,CSS framework / component library,CSS / JavaScript / TypeScript,Web UI,,,,,,,Not populated: no comparable global framework-by-country table verified for the full catalogue,Not populated: no robust per-framework gender cross-tab verified for the full catalogue,,https://github.com/troxler/awesome-css-frameworks
346,N,NestJS,Back-end / API,Server,Framework / server technology,JavaScript / TypeScript,JavaScript,19,6.7,,73,,,Not populated: no comparable global framework-by-country table verified for the full catalogue,Not populated: no robust per-framework gender cross-tab verified for the full catalogue,,https://github.com/sindresorhus/awesome-nodejs
347,N,Nette,Back-end / full-stack,Server / full-stack,Framework / web app toolkit,PHP,PHP,,,,,,,Not populated: no comparable global framework-by-country table verified for the full catalogue,Not populated: no robust per-framework gender cross-tab verified for the full catalogue,,https://github.com/ziadoz/awesome-php
348,N,Next.js,Meta / full-stack,Full-stack / SSR / SSG,Meta-framework / full-stack framework,JavaScript / TypeScript,JavaScript,4,20.8,58.6,55,,,Not populated: no comparable global framework-by-country table verified for the full catalogue,Not populated: no robust per-framework gender cross-tab verified for the full catalogue,,https://2025.stateofjs.com/en-US/libraries/meta-frameworks/
349,N,Nextra,Meta / full-stack,Full-stack / SSR / SSG,Meta-framework / full-stack framework,JavaScript / TypeScript,JavaScript,,,,,,,Not populated: no comparable global framework-by-country table verified for the full catalogue,Not populated: no robust per-framework gender cross-tab verified for the full catalogue,,https://2025.stateofjs.com/en-US/libraries/meta-frameworks/
350,N,NiceGUI,Back-end / full-stack,Server / full-stack,Framework / web app toolkit,Python,Python,,,,,,,Not populated: no comparable global framework-by-country table verified for the full catalogue,Not populated: no robust per-framework gender cross-tab verified for the full catalogue,,https://github.com/vinta/awesome-python
351,N,Nickel,Rust web,Server / full-stack / client / SSG,Framework / web toolkit,Rust,Rust,,,,,,,Not populated: no comparable global framework-by-country table verified for the full catalogue,Not populated: no robust per-framework gender cross-tab verified for the full catalogue,,https://en.wikipedia.org/wiki/Comparison_of_server-side_web_frameworks
352,N,Nikola,Static site / documentation,Build-time / SSG,Static site generator / content framework,Multi-language,Static web,,,,,,,Not populated: no comparable global framework-by-country table verified for the full catalogue,Not populated: no robust per-framework gender cross-tab verified for the full catalogue,,https://github.com/myles/awesome-static-generators
353,N,Ningle,Common Lisp web,Server,Framework / web toolkit,Common Lisp,Common Lisp,,,,,,,Not populated: no comparable global framework-by-country table verified for the full catalogue,Not populated: no robust per-framework gender cross-tab verified for the full catalogue,,https://en.wikipedia.org/wiki/Comparison_of_server-side_web_frameworks
354,N,Ninja Framework,Back-end / full-stack,Server / full-stack,Framework / web platform,Java / Kotlin / Groovy,JVM,,,,,,,Not populated: no comparable global framework-by-country table verified for the full catalogue,Not populated: no robust per-framework gender cross-tab verified for the full catalogue,,https://github.com/akullpp/awesome-java
355,N,Nitro,Back-end / API,Server,Framework / server technology,JavaScript / TypeScript,JavaScript,,,,,,,Not populated: no comparable global framework-by-country table verified for the full catalogue,Not populated: no robust per-framework gender cross-tab verified for the full catalogue,,https://github.com/sindresorhus/awesome-nodejs
356,N,Nitro (Elixir),BEAM web,Server / full-stack,Framework / web toolkit,Elixir / Erlang,BEAM,,,,,,,Not populated: no comparable global framework-by-country table verified for the full catalogue,Not populated: no robust per-framework gender cross-tab verified for the full catalogue,,https://github.com/h4cc/awesome-elixir
357,N,Nitrogen,BEAM web,Server / full-stack,Framework / web toolkit,Elixir / Erlang,BEAM,,,,,,,Not populated: no comparable global framework-by-country table verified for the full catalogue,Not populated: no robust per-framework gender cross-tab verified for the full catalogue,,https://github.com/h4cc/awesome-elixir
358,N,Node.js,Runtime / web platform,Server runtime,Runtime,JavaScript / TypeScript,JavaScript,1,48.7,,,,,Not populated: no comparable global framework-by-country table verified for the full catalogue,Not populated: no robust per-framework gender cross-tab verified for the full catalogue,Not a web framework; included because major surveys group it with web technologies.,https://survey.stackoverflow.co/2025/technology/
359,N,Noir,Clojure web,Server / full-stack / client,Framework / web toolkit,Clojure / ClojureScript,Clojure,,,,,,,Not populated: no comparable global framework-by-country table verified for the full catalogue,Not populated: no robust per-framework gender cross-tab verified for the full catalogue,,https://en.wikipedia.org/wiki/Comparison_of_server-side_web_frameworks
360,N,Ntex,Rust web,Server / full-stack / client / SSG,Framework / web toolkit,Rust,Rust,,,,,,,Not populated: no comparable global framework-by-country table verified for the full catalogue,Not populated: no robust per-framework gender cross-tab verified for the full catalogue,,https://en.wikipedia.org/wiki/Comparison_of_server-side_web_frameworks
361,N,Nue,Meta / full-stack,Full-stack / SSR / SSG,Meta-framework / full-stack framework,JavaScript / TypeScript,JavaScript,,,,,,,Not populated: no comparable global framework-by-country table verified for the full catalogue,Not populated: no robust per-framework gender cross-tab verified for the full catalogue,,https://2025.stateofjs.com/en-US/libraries/meta-frameworks/
362,N,Nuxt,Meta / full-stack,Full-stack / SSR / SSG,Meta-framework / full-stack framework,JavaScript / TypeScript,JavaScript,22,4.0,,80,,,Not populated: no comparable global framework-by-country table verified for the full catalogue,Not populated: no robust per-framework gender cross-tab verified for the full catalogue,,https://2025.stateofjs.com/en-US/libraries/meta-frameworks/
363,N,NYNY,Back-end / full-stack,Server / full-stack,Framework / web app toolkit,Ruby,Ruby,,,,,,,Not populated: no comparable global framework-by-country table verified for the full catalogue,Not populated: no robust per-framework gender cross-tab verified for the full catalogue,,https://github.com/markets/awesome-ruby
364,O,Oak,Back-end / API,Server,Framework / server technology,JavaScript / TypeScript,JavaScript,,,,,,,Not populated: no comparable global framework-by-country table verified for the full catalogue,Not populated: no robust per-framework gender cross-tab verified for the full catalogue,,https://github.com/sindresorhus/awesome-nodejs
365,O,Oat++,C/C++ web,Server / full-stack,Framework / HTTP toolkit,C / C++,C/C++,,,,,,,Not populated: no comparable global framework-by-country table verified for the full catalogue,Not populated: no robust per-framework gender cross-tab verified for the full catalogue,,https://en.wikipedia.org/wiki/Comparison_of_server-side_web_frameworks
366,O,Obelisk,Haskell web,Server / full-stack / SSG,Framework / web toolkit,Haskell,Haskell,,,,,,,Not populated: no comparable global framework-by-country table verified for the full catalogue,Not populated: no robust per-framework gender cross-tab verified for the full catalogue,,https://github.com/krispo/awesome-haskell
367,O,Ocsigen Server,OCaml web,Server / full-stack / client,Framework / web toolkit,OCaml,OCaml,,,,,,,Not populated: no comparable global framework-by-country table verified for the full catalogue,Not populated: no robust per-framework gender cross-tab verified for the full catalogue,,https://en.wikipedia.org/wiki/Comparison_of_server-side_web_frameworks
368,O,October CMS,CMS / web platform,Full-stack content platform,CMS / web platform,Multi-language,CMS,,,,,,,Not populated: no comparable global framework-by-country table verified for the full catalogue,Not populated: no robust per-framework gender cross-tab verified for the full catalogue,Not strictly a framework; retained because major web-technology surveys and real-world stacks include these platforms.,https://survey.stackoverflow.co/2025/technology/
369,O,Octopress,Static site / documentation,Build-time / SSG,Static site generator / content framework,Multi-language,Static web,,,,,,,Not populated: no comparable global framework-by-country table verified for the full catalogue,Not populated: no robust per-framework gender cross-tab verified for the full catalogue,,https://github.com/myles/awesome-static-generators
370,O,OfficeFloor,Back-end / full-stack,Server / full-stack,Framework / web platform,Java / Kotlin / Groovy,JVM,,,,,,,Not populated: no comparable global framework-by-country table verified for the full catalogue,Not populated: no robust per-framework gender cross-tab verified for the full catalogue,,https://github.com/akullpp/awesome-java
371,O,One,Meta / full-stack,Full-stack / SSR / SSG,Meta-framework / full-stack framework,JavaScript / TypeScript,JavaScript,,,,,,,Not populated: no comparable global framework-by-country table verified for the full catalogue,Not populated: no robust per-framework gender cross-tab verified for the full catalogue,,https://2025.stateofjs.com/en-US/libraries/meta-frameworks/
372,O,Onion,C/C++ web,Server / full-stack,Framework / HTTP toolkit,C / C++,C/C++,,,,,,,Not populated: no comparable global framework-by-country table verified for the full catalogue,Not populated: no robust per-framework gender cross-tab verified for the full catalogue,,https://en.wikipedia.org/wiki/Comparison_of_server-side_web_frameworks
373,O,Open Props,CSS / UI framework,Client UI / styling,CSS framework / component library,CSS / JavaScript / TypeScript,Web UI,,,,,,,Not populated: no comparable global framework-by-country table verified for the full catalogue,Not populated: no robust per-framework gender cross-tab verified for the full catalogue,,https://github.com/troxler/awesome-css-frameworks
374,O,OpenResty,Lua web,Server / SSG,Framework / web toolkit,Lua,Lua,,,,,,,Not populated: no comparable global framework-by-country table verified for the full catalogue,Not populated: no robust per-framework gender cross-tab verified for the full catalogue,,https://github.com/myles/awesome-static-generators
375,O,Opium,OCaml web,Server / full-stack / client,Framework / web toolkit,OCaml,OCaml,,,,,,,Not populated: no comparable global framework-by-country table verified for the full catalogue,Not populated: no robust per-framework gender cross-tab verified for the full catalogue,,https://en.wikipedia.org/wiki/Comparison_of_server-side_web_frameworks
376,O,Orbit,Lua web,Server / SSG,Framework / web toolkit,Lua,Lua,,,,,,,Not populated: no comparable global framework-by-country table verified for the full catalogue,Not populated: no robust per-framework gender cross-tab verified for the full catalogue,,https://github.com/myles/awesome-static-generators
377,O,Orchard CMS,CMS / web platform,Full-stack content platform,CMS / web platform,Multi-language,CMS,,,,,,,Not populated: no comparable global framework-by-country table verified for the full catalogue,Not populated: no robust per-framework gender cross-tab verified for the full catalogue,Not strictly a framework; retained because major web-technology surveys and real-world stacks include these platforms.,https://survey.stackoverflow.co/2025/technology/
378,O,Orchard Core,.NET web,Server / full-stack / client,Framework / web platform,C# / F#,.NET,,,,,,,Not populated: no comparable global framework-by-country table verified for the full catalogue,Not populated: no robust per-framework gender cross-tab verified for the full catalogue,,https://en.wikipedia.org/wiki/Comparison_of_server-side_web_frameworks
379,O,Orchid,Back-end / full-stack,Server / full-stack,Framework / web platform,Java / Kotlin / Groovy,JVM,,,,,,,Not populated: no comparable global framework-by-country table verified for the full catalogue,Not populated: no robust per-framework gender cross-tab verified for the full catalogue,,https://github.com/akullpp/awesome-java
380,O,Orchid SSG,Static site / documentation,Build-time / SSG,Static site generator / content framework,Multi-language,Static web,,,,,,,Not populated: no comparable global framework-by-country table verified for the full catalogue,Not populated: no robust per-framework gender cross-tab verified for the full catalogue,,https://github.com/myles/awesome-static-generators
381,O,oRPC,Back-end / API,Server,Framework / server technology,JavaScript / TypeScript,JavaScript,,,,,,,Not populated: no comparable global framework-by-country table verified for the full catalogue,Not populated: no robust per-framework gender cross-tab verified for the full catalogue,,https://github.com/sindresorhus/awesome-nodejs
382,O,Oxygen.jl,Julia web,Server / full-stack / SSG,Framework / web toolkit,Julia,Julia,,,,,,,Not populated: no comparable global framework-by-country table verified for the full catalogue,Not populated: no robust per-framework gender cross-tab verified for the full catalogue,,https://en.wikipedia.org/wiki/Comparison_of_server-side_web_frameworks
383,P,Padrino,Back-end / full-stack,Server / full-stack,Framework / web app toolkit,Ruby,Ruby,,,,,,,Not populated: no comparable global framework-by-country table verified for the full catalogue,Not populated: no robust per-framework gender cross-tab verified for the full catalogue,,https://github.com/markets/awesome-ruby
384,P,Pakyow,Back-end / full-stack,Server / full-stack,Framework / web app toolkit,Ruby,Ruby,,,,,,,Not populated: no comparable global framework-by-country table verified for the full catalogue,Not populated: no robust per-framework gender cross-tab verified for the full catalogue,,https://github.com/markets/awesome-ruby
385,P,Panel,Back-end / full-stack,Server / full-stack,Framework / web app toolkit,Python,Python,,,,,,,Not populated: no comparable global framework-by-country table verified for the full catalogue,Not populated: no robust per-framework gender cross-tab verified for the full catalogue,,https://github.com/vinta/awesome-python
386,P,PatternFly,CSS / UI framework,Client UI / styling,CSS framework / component library,CSS / JavaScript / TypeScript,Web UI,,,,,,,Not populated: no comparable global framework-by-country table verified for the full catalogue,Not populated: no robust per-framework gender cross-tab verified for the full catalogue,,https://github.com/troxler/awesome-css-frameworks
387,P,Pavex,Rust web,Server / full-stack / client / SSG,Framework / web toolkit,Rust,Rust,,,,,,,Not populated: no comparable global framework-by-country table verified for the full catalogue,Not populated: no robust per-framework gender cross-tab verified for the full catalogue,,https://en.wikipedia.org/wiki/Comparison_of_server-side_web_frameworks
388,P,Payload CMS,Back-end / API,Server,Framework / server technology,JavaScript / TypeScript,JavaScript,,,,,,,Not populated: no comparable global framework-by-country table verified for the full catalogue,Not populated: no robust per-framework gender cross-tab verified for the full catalogue,,https://github.com/sindresorhus/awesome-nodejs
389,P,Payload CMS Platform,CMS / web platform,Full-stack content platform,CMS / web platform,Multi-language,CMS,,,,,,,Not populated: no comparable global framework-by-country table verified for the full catalogue,Not populated: no robust per-framework gender cross-tab verified for the full catalogue,Not strictly a framework; retained because major web-technology surveys and real-world stacks include these platforms.,https://survey.stackoverflow.co/2025/technology/
390,P,Pecan,Back-end / full-stack,Server / full-stack,Framework / web app toolkit,Python,Python,,,,,,,Not populated: no comparable global framework-by-country table verified for the full catalogue,Not populated: no robust per-framework gender cross-tab verified for the full catalogue,,https://github.com/vinta/awesome-python
391,P,Pedestal,Clojure web,Server / full-stack / client,Framework / web toolkit,Clojure / ClojureScript,Clojure,,,,,,,Not populated: no comparable global framework-by-country table verified for the full catalogue,Not populated: no robust per-framework gender cross-tab verified for the full catalogue,,https://en.wikipedia.org/wiki/Comparison_of_server-side_web_frameworks
392,P,Pelican,Static site / documentation,Build-time / SSG,Static site generator / content framework,Multi-language,Static web,,,,,,,Not populated: no comparable global framework-by-country table verified for the full catalogue,Not populated: no robust per-framework gender cross-tab verified for the full catalogue,,https://github.com/myles/awesome-static-generators
393,P,Perfect,Swift web,Server / SSG,Framework / web toolkit,Swift,Swift,,,,,,,Not populated: no comparable global framework-by-country table verified for the full catalogue,Not populated: no robust per-framework gender cross-tab verified for the full catalogue,,https://github.com/matteocrippa/awesome-swift
394,P,Perseus,Rust web,Server / full-stack / client / SSG,Framework / web toolkit,Rust,Rust,,,,,,,Not populated: no comparable global framework-by-country table verified for the full catalogue,Not populated: no robust per-framework gender cross-tab verified for the full catalogue,,https://en.wikipedia.org/wiki/Comparison_of_server-side_web_frameworks
395,P,Phalcon,Back-end / full-stack,Server / full-stack,Framework / web app toolkit,PHP,PHP,,,,,,,Not populated: no comparable global framework-by-country table verified for the full catalogue,Not populated: no robust per-framework gender cross-tab verified for the full catalogue,,https://github.com/ziadoz/awesome-php
396,P,Phoenix,BEAM web,Server / full-stack,Framework / web toolkit,Elixir / Erlang,BEAM,25,2.4,,,,,Not populated: no comparable global framework-by-country table verified for the full catalogue,Not populated: no robust per-framework gender cross-tab verified for the full catalogue,,https://github.com/h4cc/awesome-elixir
397,P,Phoenix LiveView,BEAM web,Server / full-stack,Framework / web toolkit,Elixir / Erlang,BEAM,,,,,,,Not populated: no comparable global framework-by-country table verified for the full catalogue,Not populated: no robust per-framework gender cross-tab verified for the full catalogue,,https://github.com/h4cc/awesome-elixir
398,P,PHPixie,Back-end / full-stack,Server / full-stack,Framework / web app toolkit,PHP,PHP,,,,,,,Not populated: no comparable global framework-by-country table verified for the full catalogue,Not populated: no robust per-framework gender cross-tab verified for the full catalogue,,https://github.com/ziadoz/awesome-php
399,P,Picnic CSS,CSS / UI framework,Client UI / styling,CSS framework / component library,CSS / JavaScript / TypeScript,Web UI,,,,,,,Not populated: no comparable global framework-by-country table verified for the full catalogue,Not populated: no robust per-framework gender cross-tab verified for the full catalogue,,https://github.com/troxler/awesome-css-frameworks
400,P,Pico.css,CSS / UI framework,Client UI / styling,CSS framework / component library,CSS / JavaScript / TypeScript,Web UI,,,,,,,Not populated: no comparable global framework-by-country table verified for the full catalogue,Not populated: no robust per-framework gender cross-tab verified for the full catalogue,,https://github.com/troxler/awesome-css-frameworks
401,P,Pistache,C/C++ web,Server / full-stack,Framework / HTTP toolkit,C / C++,C/C++,,,,,,,Not populated: no comparable global framework-by-country table verified for the full catalogue,Not populated: no robust per-framework gender cross-tab verified for the full catalogue,,https://en.wikipedia.org/wiki/Comparison_of_server-side_web_frameworks
402,P,Placid,BEAM web,Server / full-stack,Framework / web toolkit,Elixir / Erlang,BEAM,,,,,,,Not populated: no comparable global framework-by-country table verified for the full catalogue,Not populated: no robust per-framework gender cross-tab verified for the full catalogue,,https://github.com/h4cc/awesome-elixir
403,P,Play Framework,Back-end / full-stack,Server / full-stack,Framework / web platform,Java / Kotlin / Groovy,JVM,,,,,,,Not populated: no comparable global framework-by-country table verified for the full catalogue,Not populated: no robust per-framework gender cross-tab verified for the full catalogue,,https://github.com/akullpp/awesome-java
404,P,Play Framework (Scala),Scala web,Server / client,Framework / HTTP toolkit,Scala,Scala/JVM,,,,,,,Not populated: no comparable global framework-by-country table verified for the full catalogue,Not populated: no robust per-framework gender cross-tab verified for the full catalogue,,https://github.com/lauris/awesome-scala
405,P,Plezi,Back-end / full-stack,Server / full-stack,Framework / web app toolkit,Ruby,Ruby,,,,,,,Not populated: no comparable global framework-by-country table verified for the full catalogue,Not populated: no robust per-framework gender cross-tab verified for the full catalogue,,https://github.com/markets/awesome-ruby
406,P,Plone,CMS / web platform,Full-stack content platform,CMS / web platform,Multi-language,CMS,,,,,,,Not populated: no comparable global framework-by-country table verified for the full catalogue,Not populated: no robust per-framework gender cross-tab verified for the full catalogue,Not strictly a framework; retained because major web-technology surveys and real-world stacks include these platforms.,https://survey.stackoverflow.co/2025/technology/
407,P,Plug,BEAM web,Server / full-stack,Framework / web toolkit,Elixir / Erlang,BEAM,,,,,,,Not populated: no comparable global framework-by-country table verified for the full catalogue,Not populated: no robust per-framework gender cross-tab verified for the full catalogue,,https://github.com/h4cc/awesome-elixir
408,P,Plug REST,BEAM web,Server / full-stack,Framework / web toolkit,Elixir / Erlang,BEAM,,,,,,,Not populated: no comparable global framework-by-country table verified for the full catalogue,Not populated: no robust per-framework gender cross-tab verified for the full catalogue,,https://github.com/h4cc/awesome-elixir
409,P,Plumber,R web,Server / data app,Framework / web app toolkit,R,R,,,,,,,Not populated: no comparable global framework-by-country table verified for the full catalogue,Not populated: no robust per-framework gender cross-tab verified for the full catalogue,,https://en.wikipedia.org/wiki/Comparison_of_server-side_web_frameworks
410,P,Poem,Rust web,Server / full-stack / client / SSG,Framework / web toolkit,Rust,Rust,,,,,,,Not populated: no comparable global framework-by-country table verified for the full catalogue,Not populated: no robust per-framework gender cross-tab verified for the full catalogue,,https://en.wikipedia.org/wiki/Comparison_of_server-side_web_frameworks
411,P,Poem OpenAPI,Rust web,Server / full-stack / client / SSG,Framework / web toolkit,Rust,Rust,,,,,,,Not populated: no comparable global framework-by-country table verified for the full catalogue,Not populated: no robust per-framework gender cross-tab verified for the full catalogue,,https://en.wikipedia.org/wiki/Comparison_of_server-side_web_frameworks
412,P,Polka,Back-end / API,Server,Framework / server technology,JavaScript / TypeScript,JavaScript,,,,,,,Not populated: no comparable global framework-by-country table verified for the full catalogue,Not populated: no robust per-framework gender cross-tab verified for the full catalogue,,https://github.com/sindresorhus/awesome-nodejs
413,P,Polymer,Front-end application,Client,Framework / UI library,JavaScript / TypeScript,JavaScript,,,,,,,Not populated: no comparable global framework-by-country table verified for the full catalogue,Not populated: no robust per-framework gender cross-tab verified for the full catalogue,,https://en.wikipedia.org/wiki/Comparison_of_JavaScript-based_web_frameworks
414,P,PRADO,Back-end / full-stack,Server / full-stack,Framework / web app toolkit,PHP,PHP,,,,,,,Not populated: no comparable global framework-by-country table verified for the full catalogue,Not populated: no robust per-framework gender cross-tab verified for the full catalogue,,https://github.com/ziadoz/awesome-php
415,P,Preact,Front-end application,Client,Framework / UI library,JavaScript / TypeScript,JavaScript,,,,81,,,Not populated: no comparable global framework-by-country table verified for the full catalogue,Not populated: no robust per-framework gender cross-tab verified for the full catalogue,,https://en.wikipedia.org/wiki/Comparison_of_JavaScript-based_web_frameworks
416,P,PrimeFaces,Back-end / full-stack,Server / full-stack,Framework / web platform,Java / Kotlin / Groovy,JVM,,,,,,,Not populated: no comparable global framework-by-country table verified for the full catalogue,Not populated: no robust per-framework gender cross-tab verified for the full catalogue,,https://github.com/akullpp/awesome-java
417,P,PrimeNG,CSS / UI framework,Client UI / styling,CSS framework / component library,CSS / JavaScript / TypeScript,Web UI,,,,,,,Not populated: no comparable global framework-by-country table verified for the full catalogue,Not populated: no robust per-framework gender cross-tab verified for the full catalogue,,https://github.com/troxler/awesome-css-frameworks
418,P,Primer CSS,CSS / UI framework,Client UI / styling,CSS framework / component library,CSS / JavaScript / TypeScript,Web UI,,,,,,,Not populated: no comparable global framework-by-country table verified for the full catalogue,Not populated: no robust per-framework gender cross-tab verified for the full catalogue,,https://github.com/troxler/awesome-css-frameworks
419,P,PrimeVue,CSS / UI framework,Client UI / styling,CSS framework / component library,CSS / JavaScript / TypeScript,Web UI,,,,,,,Not populated: no comparable global framework-by-country table verified for the full catalogue,Not populated: no robust per-framework gender cross-tab verified for the full catalogue,,https://github.com/troxler/awesome-css-frameworks
420,P,Primus,Back-end / API,Server,Framework / server technology,JavaScript / TypeScript,JavaScript,,,,,,,Not populated: no comparable global framework-by-country table verified for the full catalogue,Not populated: no robust per-framework gender cross-tab verified for the full catalogue,,https://github.com/sindresorhus/awesome-nodejs
421,P,ProcessWire,CMS / web platform,Full-stack content platform,CMS / web platform,Multi-language,CMS,,,,,,,Not populated: no comparable global framework-by-country table verified for the full catalogue,Not populated: no robust per-framework gender cross-tab verified for the full catalogue,Not strictly a framework; retained because major web-technology surveys and real-world stacks include these platforms.,https://survey.stackoverflow.co/2025/technology/
422,P,Prologue,Nim web,Server / client,Framework / web toolkit,Nim,Nim,,,,,,,Not populated: no comparable global framework-by-country table verified for the full catalogue,Not populated: no robust per-framework gender cross-tab verified for the full catalogue,,https://en.wikipedia.org/wiki/Comparison_of_server-side_web_frameworks
423,P,Publish,Swift web,Server / SSG,Framework / web toolkit,Swift,Swift,,,,,,,Not populated: no comparable global framework-by-country table verified for the full catalogue,Not populated: no robust per-framework gender cross-tab verified for the full catalogue,,https://github.com/matteocrippa/awesome-swift
424,P,Pure.css,CSS / UI framework,Client UI / styling,CSS framework / component library,CSS / JavaScript / TypeScript,Web UI,,,,,,,Not populated: no comparable global framework-by-country table verified for the full catalogue,Not populated: no robust per-framework gender cross-tab verified for the full catalogue,,https://github.com/troxler/awesome-css-frameworks
425,P,Pyramid,Back-end / full-stack,Server / full-stack,Framework / web app toolkit,Python,Python,,,,,,,Not populated: no comparable global framework-by-country table verified for the full catalogue,Not populated: no robust per-framework gender cross-tab verified for the full catalogue,,https://github.com/vinta/awesome-python
426,Q,qooxdoo,Front-end application,Client,Framework / UI library,JavaScript / TypeScript,JavaScript,,,,,,,Not populated: no comparable global framework-by-country table verified for the full catalogue,Not populated: no robust per-framework gender cross-tab verified for the full catalogue,,https://en.wikipedia.org/wiki/Comparison_of_JavaScript-based_web_frameworks
427,Q,Quarkus,Back-end / full-stack,Server / full-stack,Framework / web platform,Java / Kotlin / Groovy,JVM,,,,,,,Not populated: no comparable global framework-by-country table verified for the full catalogue,Not populated: no robust per-framework gender cross-tab verified for the full catalogue,,https://github.com/akullpp/awesome-java
428,Q,Quarkus REST,Back-end / full-stack,Server / full-stack,Framework / web platform,Java / Kotlin / Groovy,JVM,,,,,,,Not populated: no comparable global framework-by-country table verified for the full catalogue,Not populated: no robust per-framework gender cross-tab verified for the full catalogue,,https://github.com/akullpp/awesome-java
429,Q,Quart,Back-end / full-stack,Server / full-stack,Framework / web app toolkit,Python,Python,,,,,,,Not populated: no comparable global framework-by-country table verified for the full catalogue,Not populated: no robust per-framework gender cross-tab verified for the full catalogue,,https://github.com/vinta/awesome-python
430,Q,Quarto,Static site / documentation,Build-time / SSG,Static site generator / content framework,Multi-language,Static web,,,,,,,Not populated: no comparable global framework-by-country table verified for the full catalogue,Not populated: no robust per-framework gender cross-tab verified for the full catalogue,,https://github.com/myles/awesome-static-generators
431,Q,Quasar Framework,CSS / UI framework,Client UI / styling,CSS framework / component library,CSS / JavaScript / TypeScript,Web UI,,,,,,,Not populated: no comparable global framework-by-country table verified for the full catalogue,Not populated: no robust per-framework gender cross-tab verified for the full catalogue,,https://github.com/troxler/awesome-css-frameworks
432,Q,Qwik,Front-end application,Client,Framework / UI library,JavaScript / TypeScript,JavaScript,,,,,,,Not populated: no comparable global framework-by-country table verified for the full catalogue,Not populated: no robust per-framework gender cross-tab verified for the full catalogue,,https://en.wikipedia.org/wiki/Comparison_of_JavaScript-based_web_frameworks
433,Q,Qwik City,Meta / full-stack,Full-stack / SSR / SSG,Meta-framework / full-stack framework,JavaScript / TypeScript,JavaScript,,,,,,,Not populated: no comparable global framework-by-country table verified for the full catalogue,Not populated: no robust per-framework gender cross-tab verified for the full catalogue,,https://2025.stateofjs.com/en-US/libraries/meta-frameworks/
434,R,Rack::App,Back-end / full-stack,Server / full-stack,Framework / web app toolkit,Ruby,Ruby,,,,,,,Not populated: no comparable global framework-by-country table verified for the full catalogue,Not populated: no robust per-framework gender cross-tab verified for the full catalogue,,https://github.com/markets/awesome-ruby
435,R,Racket Web Server,Racket web,Server / full-stack,Framework / web toolkit,Racket,Racket,,,,,,,Not populated: no comparable global framework-by-country table verified for the full catalogue,Not populated: no robust per-framework gender cross-tab verified for the full catalogue,,https://en.wikipedia.org/wiki/Comparison_of_server-side_web_frameworks
436,R,Ractive.js,Front-end application,Client,Framework / UI library,JavaScript / TypeScript,JavaScript,,,,,,,Not populated: no comparable global framework-by-country table verified for the full catalogue,Not populated: no robust per-framework gender cross-tab verified for the full catalogue,,https://en.wikipedia.org/wiki/Comparison_of_JavaScript-based_web_frameworks
437,R,Radix UI,CSS / UI framework,Client UI / styling,CSS framework / component library,CSS / JavaScript / TypeScript,Web UI,,,,,,,Not populated: no comparable global framework-by-country table verified for the full catalogue,Not populated: no robust per-framework gender cross-tab verified for the full catalogue,,https://github.com/troxler/awesome-css-frameworks
438,R,Rakkas,Meta / full-stack,Full-stack / SSR / SSG,Meta-framework / full-stack framework,JavaScript / TypeScript,JavaScript,,,,,,,Not populated: no comparable global framework-by-country table verified for the full catalogue,Not populated: no robust per-framework gender cross-tab verified for the full catalogue,,https://2025.stateofjs.com/en-US/libraries/meta-frameworks/
439,R,Ramaze,Back-end / full-stack,Server / full-stack,Framework / web app toolkit,Ruby,Ruby,,,,,,,Not populated: no comparable global framework-by-country table verified for the full catalogue,Not populated: no robust per-framework gender cross-tab verified for the full catalogue,,https://github.com/markets/awesome-ruby
440,R,Rapidoid,Back-end / full-stack,Server / full-stack,Framework / web platform,Java / Kotlin / Groovy,JVM,,,,,,,Not populated: no comparable global framework-by-country table verified for the full catalogue,Not populated: no robust per-framework gender cross-tab verified for the full catalogue,,https://github.com/akullpp/awesome-java
441,R,Ratpack,Back-end / full-stack,Server / full-stack,Framework / web platform,Java / Kotlin / Groovy,JVM,,,,,,,Not populated: no comparable global framework-by-country table verified for the full catalogue,Not populated: no robust per-framework gender cross-tab verified for the full catalogue,,https://github.com/akullpp/awesome-java
442,R,Razor Pages,.NET web,Server / full-stack / client,Framework / web platform,C# / F#,.NET,,,,,,,Not populated: no comparable global framework-by-country table verified for the full catalogue,Not populated: no robust per-framework gender cross-tab verified for the full catalogue,,https://en.wikipedia.org/wiki/Comparison_of_server-side_web_frameworks
443,R,Razzle,Meta / full-stack,Full-stack / SSR / SSG,Meta-framework / full-stack framework,JavaScript / TypeScript,JavaScript,,,,,,,Not populated: no comparable global framework-by-country table verified for the full catalogue,Not populated: no robust per-framework gender cross-tab verified for the full catalogue,,https://2025.stateofjs.com/en-US/libraries/meta-frameworks/
444,R,React,Front-end application,Client,Framework / UI library,JavaScript / TypeScript,JavaScript,2,44.7,83.6,72,6.0,7.9,Not populated: no comparable global framework-by-country table verified for the full catalogue,Not populated: no robust per-framework gender cross-tab verified for the full catalogue,,https://en.wikipedia.org/wiki/Comparison_of_JavaScript-based_web_frameworks
445,R,React Admin,Meta / full-stack,Full-stack / SSR / SSG,Meta-framework / full-stack framework,JavaScript / TypeScript,JavaScript,,,,,,,Not populated: no comparable global framework-by-country table verified for the full catalogue,Not populated: no robust per-framework gender cross-tab verified for the full catalogue,,https://2025.stateofjs.com/en-US/libraries/meta-frameworks/
446,R,React Router Framework,Meta / full-stack,Full-stack / SSR / SSG,Meta-framework / full-stack framework,JavaScript / TypeScript,JavaScript,,,,,,,Not populated: no comparable global framework-by-country table verified for the full catalogue,Not populated: no robust per-framework gender cross-tab verified for the full catalogue,,https://2025.stateofjs.com/en-US/libraries/meta-frameworks/
447,R,React Static,Meta / full-stack,Full-stack / SSR / SSG,Meta-framework / full-stack framework,JavaScript / TypeScript,JavaScript,,,,,,,Not populated: no comparable global framework-by-country table verified for the full catalogue,Not populated: no robust per-framework gender cross-tab verified for the full catalogue,,https://2025.stateofjs.com/en-US/libraries/meta-frameworks/
448,R,React-like Omi,Front-end application,Client,Framework / UI library,JavaScript / TypeScript,JavaScript,,,,,,,Not populated: no comparable global framework-by-country table verified for the full catalogue,Not populated: no robust per-framework gender cross-tab verified for the full catalogue,,https://en.wikipedia.org/wiki/Comparison_of_JavaScript-based_web_frameworks
449,R,RedwoodJS,Meta / full-stack,Full-stack / SSR / SSG,Meta-framework / full-stack framework,JavaScript / TypeScript,JavaScript,,,,,,,Not populated: no comparable global framework-by-country table verified for the full catalogue,Not populated: no robust per-framework gender cross-tab verified for the full catalogue,,https://2025.stateofjs.com/en-US/libraries/meta-frameworks/
450,R,RedwoodSDK,Meta / full-stack,Full-stack / SSR / SSG,Meta-framework / full-stack framework,JavaScript / TypeScript,JavaScript,,,,,,,Not populated: no comparable global framework-by-country table verified for the full catalogue,Not populated: no robust per-framework gender cross-tab verified for the full catalogue,,https://2025.stateofjs.com/en-US/libraries/meta-frameworks/
451,R,Refine,Meta / full-stack,Full-stack / SSR / SSG,Meta-framework / full-stack framework,JavaScript / TypeScript,JavaScript,,,,,,,Not populated: no comparable global framework-by-country table verified for the full catalogue,Not populated: no robust per-framework gender cross-tab verified for the full catalogue,,https://2025.stateofjs.com/en-US/libraries/meta-frameworks/
452,R,Reflex,Back-end / full-stack,Server / full-stack,Framework / web app toolkit,Python,Python,,,,,,,Not populated: no comparable global framework-by-country table verified for the full catalogue,Not populated: no robust per-framework gender cross-tab verified for the full catalogue,,https://github.com/vinta/awesome-python
453,R,Reitit,Clojure web,Server / full-stack / client,Framework / web toolkit,Clojure / ClojureScript,Clojure,,,,,,,Not populated: no comparable global framework-by-country table verified for the full catalogue,Not populated: no robust per-framework gender cross-tab verified for the full catalogue,,https://en.wikipedia.org/wiki/Comparison_of_server-side_web_frameworks
454,R,Remix,Meta / full-stack,Full-stack / SSR / SSG,Meta-framework / full-stack framework,JavaScript / TypeScript,JavaScript,,,,68,,,Not populated: no comparable global framework-by-country table verified for the full catalogue,Not populated: no robust per-framework gender cross-tab verified for the full catalogue,,https://2025.stateofjs.com/en-US/libraries/meta-frameworks/
455,R,Responder,Back-end / full-stack,Server / full-stack,Framework / web app toolkit,Python,Python,,,,,,,Not populated: no comparable global framework-by-country table verified for the full catalogue,Not populated: no robust per-framework gender cross-tab verified for the full catalogue,,https://github.com/vinta/awesome-python
456,R,Restbed,C/C++ web,Server / full-stack,Framework / HTTP toolkit,C / C++,C/C++,,,,,,,Not populated: no comparable global framework-by-country table verified for the full catalogue,Not populated: no robust per-framework gender cross-tab verified for the full catalogue,,https://en.wikipedia.org/wiki/Comparison_of_server-side_web_frameworks
457,R,Restify,Back-end / API,Server,Framework / server technology,JavaScript / TypeScript,JavaScript,,,,,,,Not populated: no comparable global framework-by-country table verified for the full catalogue,Not populated: no robust per-framework gender cross-tab verified for the full catalogue,,https://github.com/sindresorhus/awesome-nodejs
458,R,Restlet,Back-end / full-stack,Server / full-stack,Framework / web platform,Java / Kotlin / Groovy,JVM,,,,,,,Not populated: no comparable global framework-by-country table verified for the full catalogue,Not populated: no robust per-framework gender cross-tab verified for the full catalogue,,https://github.com/akullpp/awesome-java
459,R,RestRserve,R web,Server / data app,Framework / web app toolkit,R,R,,,,,,,Not populated: no comparable global framework-by-country table verified for the full catalogue,Not populated: no robust per-framework gender cross-tab verified for the full catalogue,,https://en.wikipedia.org/wiki/Comparison_of_server-side_web_frameworks
460,R,Revel,Back-end / API,Server,Framework / router / toolkit,Go,Go,,,,,,,Not populated: no comparable global framework-by-country table verified for the full catalogue,Not populated: no robust per-framework gender cross-tab verified for the full catalogue,,https://github.com/avelino/awesome-go
461,R,Ring,Clojure web,Server / full-stack / client,Framework / web toolkit,Clojure / ClojureScript,Clojure,,,,,,,Not populated: no comparable global framework-by-country table verified for the full catalogue,Not populated: no robust per-framework gender cross-tab verified for the full catalogue,,https://en.wikipedia.org/wiki/Comparison_of_server-side_web_frameworks
462,R,Riot.js,Front-end application,Client,Framework / UI library,JavaScript / TypeScript,JavaScript,,,,,,,Not populated: no comparable global framework-by-country table verified for the full catalogue,Not populated: no robust per-framework gender cross-tab verified for the full catalogue,,https://en.wikipedia.org/wiki/Comparison_of_JavaScript-based_web_frameworks
463,R,RoadRunner,Back-end / full-stack,Server / full-stack,Framework / web app toolkit,PHP,PHP,,,,,,,Not populated: no comparable global framework-by-country table verified for the full catalogue,Not populated: no robust per-framework gender cross-tab verified for the full catalogue,,https://github.com/ziadoz/awesome-php
464,R,Robyn,Back-end / full-stack,Server / full-stack,Framework / web app toolkit,Python,Python,,,,,,,Not populated: no comparable global framework-by-country table verified for the full catalogue,Not populated: no robust per-framework gender cross-tab verified for the full catalogue,,https://github.com/vinta/awesome-python
465,R,Rocket,Rust web,Server / full-stack / client / SSG,Framework / web toolkit,Rust,Rust,,,,,,,Not populated: no comparable global framework-by-country table verified for the full catalogue,Not populated: no robust per-framework gender cross-tab verified for the full catalogue,,https://en.wikipedia.org/wiki/Comparison_of_server-side_web_frameworks
466,R,Roda,Back-end / full-stack,Server / full-stack,Framework / web app toolkit,Ruby,Ruby,,,,,,,Not populated: no comparable global framework-by-country table verified for the full catalogue,Not populated: no robust per-framework gender cross-tab verified for the full catalogue,,https://github.com/markets/awesome-ruby
467,R,Rouille,Rust web,Server / full-stack / client / SSG,Framework / web toolkit,Rust,Rust,,,,,,,Not populated: no comparable global framework-by-country table verified for the full catalogue,Not populated: no robust per-framework gender cross-tab verified for the full catalogue,,https://en.wikipedia.org/wiki/Comparison_of_server-side_web_frameworks
468,R,Ruby on Rails,Back-end / full-stack,Server / full-stack,Framework / web app toolkit,Ruby,Ruby,20,5.9,,,,,Not populated: no comparable global framework-by-country table verified for the full catalogue,Not populated: no robust per-framework gender cross-tab verified for the full catalogue,,https://github.com/markets/awesome-ruby
469,R,Rweb,Rust web,Server / full-stack / client / SSG,Framework / web toolkit,Rust,Rust,,,,,,,Not populated: no comparable global framework-by-country table verified for the full catalogue,Not populated: no robust per-framework gender cross-tab verified for the full catalogue,,https://en.wikipedia.org/wiki/Comparison_of_server-side_web_frameworks
470,S,Sailor,Lua web,Server / SSG,Framework / web toolkit,Lua,Lua,,,,,,,Not populated: no comparable global framework-by-country table verified for the full catalogue,Not populated: no robust per-framework gender cross-tab verified for the full catalogue,,https://github.com/myles/awesome-static-generators
471,S,Sails.js,Meta / full-stack,Full-stack / SSR / SSG,Meta-framework / full-stack framework,JavaScript / TypeScript,JavaScript,,,,,,,Not populated: no comparable global framework-by-country table verified for the full catalogue,Not populated: no robust per-framework gender cross-tab verified for the full catalogue,,https://2025.stateofjs.com/en-US/libraries/meta-frameworks/
472,S,Sakura,CSS / UI framework,Client UI / styling,CSS framework / component library,CSS / JavaScript / TypeScript,Web UI,,,,,,,Not populated: no comparable global framework-by-country table verified for the full catalogue,Not populated: no robust per-framework gender cross-tab verified for the full catalogue,,https://github.com/troxler/awesome-css-frameworks
473,S,Salvia,Haskell web,Server / full-stack / SSG,Framework / web toolkit,Haskell,Haskell,,,,,,,Not populated: no comparable global framework-by-country table verified for the full catalogue,Not populated: no robust per-framework gender cross-tab verified for the full catalogue,,https://github.com/krispo/awesome-haskell
474,S,Salvo,Rust web,Server / full-stack / client / SSG,Framework / web toolkit,Rust,Rust,,,,,,,Not populated: no comparable global framework-by-country table verified for the full catalogue,Not populated: no robust per-framework gender cross-tab verified for the full catalogue,,https://en.wikipedia.org/wiki/Comparison_of_server-side_web_frameworks
475,S,Sanic,Back-end / full-stack,Server / full-stack,Framework / web app toolkit,Python,Python,,,,,,,Not populated: no comparable global framework-by-country table verified for the full catalogue,Not populated: no robust per-framework gender cross-tab verified for the full catalogue,,https://github.com/vinta/awesome-python
476,S,Saturn,.NET web,Server / full-stack / client,Framework / web platform,C# / F#,.NET,,,,,,,Not populated: no comparable global framework-by-country table verified for the full catalogue,Not populated: no robust per-framework gender cross-tab verified for the full catalogue,,https://en.wikipedia.org/wiki/Comparison_of_server-side_web_frameworks
477,S,Scala.js React,Scala web,Server / client,Framework / HTTP toolkit,Scala,Scala/JVM,,,,,,,Not populated: no comparable global framework-by-country table verified for the full catalogue,Not populated: no robust per-framework gender cross-tab verified for the full catalogue,,https://github.com/lauris/awesome-scala
478,S,Scalatra,Scala web,Server / client,Framework / HTTP toolkit,Scala,Scala/JVM,,,,,,,Not populated: no comparable global framework-by-country table verified for the full catalogue,Not populated: no robust per-framework gender cross-tab verified for the full catalogue,,https://github.com/lauris/awesome-scala
479,S,Scorched,Back-end / full-stack,Server / full-stack,Framework / web app toolkit,Ruby,Ruby,,,,,,,Not populated: no comparable global framework-by-country table verified for the full catalogue,Not populated: no robust per-framework gender cross-tab verified for the full catalogue,,https://github.com/markets/awesome-ruby
480,S,Scotty,Haskell web,Server / full-stack / SSG,Framework / web toolkit,Haskell,Haskell,,,,,,,Not populated: no comparable global framework-by-country table verified for the full catalogue,Not populated: no robust per-framework gender cross-tab verified for the full catalogue,,https://github.com/krispo/awesome-haskell
481,S,Scully,Meta / full-stack,Full-stack / SSR / SSG,Meta-framework / full-stack framework,JavaScript / TypeScript,JavaScript,,,,,,,Not populated: no comparable global framework-by-country table verified for the full catalogue,Not populated: no robust per-framework gender cross-tab verified for the full catalogue,,https://2025.stateofjs.com/en-US/libraries/meta-frameworks/
482,S,Sculpin,Static site / documentation,Build-time / SSG,Static site generator / content framework,Multi-language,Static web,,,,,,,Not populated: no comparable global framework-by-country table verified for the full catalogue,Not populated: no robust per-framework gender cross-tab verified for the full catalogue,,https://github.com/myles/awesome-static-generators
483,S,Seaside,Smalltalk web,Server / full-stack,Framework / web toolkit,Smalltalk,Smalltalk,,,,,,,Not populated: no comparable global framework-by-country table verified for the full catalogue,Not populated: no robust per-framework gender cross-tab verified for the full catalogue,,https://en.wikipedia.org/wiki/Comparison_of_server-side_web_frameworks
484,S,Seed,Rust web,Server / full-stack / client / SSG,Framework / web toolkit,Rust,Rust,,,,,,,Not populated: no comparable global framework-by-country table verified for the full catalogue,Not populated: no robust per-framework gender cross-tab verified for the full catalogue,,https://en.wikipedia.org/wiki/Comparison_of_server-side_web_frameworks
485,S,Seemple,Front-end application,Client,Framework / UI library,JavaScript / TypeScript,JavaScript,,,,,,,Not populated: no comparable global framework-by-country table verified for the full catalogue,Not populated: no robust per-framework gender cross-tab verified for the full catalogue,,https://en.wikipedia.org/wiki/Comparison_of_JavaScript-based_web_frameworks
486,S,Semantic UI,CSS / UI framework,Client UI / styling,CSS framework / component library,CSS / JavaScript / TypeScript,Web UI,,,,,,,Not populated: no comparable global framework-by-country table verified for the full catalogue,Not populated: no robust per-framework gender cross-tab verified for the full catalogue,,https://github.com/troxler/awesome-css-frameworks
487,S,Seneca,Back-end / API,Server,Framework / server technology,JavaScript / TypeScript,JavaScript,,,,,,,Not populated: no comparable global framework-by-country table verified for the full catalogue,Not populated: no robust per-framework gender cross-tab verified for the full catalogue,,https://github.com/sindresorhus/awesome-nodejs
488,S,Servant,Haskell web,Server / full-stack / SSG,Framework / web toolkit,Haskell,Haskell,,,,,,,Not populated: no comparable global framework-by-country table verified for the full catalogue,Not populated: no robust per-framework gender cross-tab verified for the full catalogue,,https://github.com/krispo/awesome-haskell
489,S,Serverless Framework,Back-end / API,Server,Framework / server technology,JavaScript / TypeScript,JavaScript,,,,,,,Not populated: no comparable global framework-by-country table verified for the full catalogue,Not populated: no robust per-framework gender cross-tab verified for the full catalogue,,https://github.com/sindresorhus/awesome-nodejs
490,S,Serverpod,Dart web,Client / server / full-stack,Framework / web toolkit,Dart,Dart,,,,,,,Not populated: no comparable global framework-by-country table verified for the full catalogue,Not populated: no robust per-framework gender cross-tab verified for the full catalogue,,https://github.com/myles/awesome-static-generators
491,S,ServiceStack,.NET web,Server / full-stack / client,Framework / web platform,C# / F#,.NET,,,,,,,Not populated: no comparable global framework-by-country table verified for the full catalogue,Not populated: no robust per-framework gender cross-tab verified for the full catalogue,,https://en.wikipedia.org/wiki/Comparison_of_server-side_web_frameworks
492,S,shadcn/ui,CSS / UI framework,Client UI / styling,CSS framework / component library,CSS / JavaScript / TypeScript,Web UI,,,,,,,Not populated: no comparable global framework-by-country table verified for the full catalogue,Not populated: no robust per-framework gender cross-tab verified for the full catalogue,,https://github.com/troxler/awesome-css-frameworks
493,S,Sharaf,Scala web,Server / client,Framework / HTTP toolkit,Scala,Scala/JVM,,,,,,,Not populated: no comparable global framework-by-country table verified for the full catalogue,Not populated: no robust per-framework gender cross-tab verified for the full catalogue,,https://github.com/lauris/awesome-scala
494,S,Shelf,Dart web,Client / server / full-stack,Framework / web toolkit,Dart,Dart,,,,,,,Not populated: no comparable global framework-by-country table verified for the full catalogue,Not populated: no robust per-framework gender cross-tab verified for the full catalogue,,https://github.com/myles/awesome-static-generators
495,S,Shiny,R web,Server / data app,Framework / web app toolkit,R,R,,,,,,,Not populated: no comparable global framework-by-country table verified for the full catalogue,Not populated: no robust per-framework gender cross-tab verified for the full catalogue,,https://en.wikipedia.org/wiki/Comparison_of_server-side_web_frameworks
496,S,Shiny for Python,Back-end / full-stack,Server / full-stack,Framework / web app toolkit,Python,Python,,,,,,,Not populated: no comparable global framework-by-country table verified for the full catalogue,Not populated: no robust per-framework gender cross-tab verified for the full catalogue,,https://github.com/vinta/awesome-python
497,S,Shoelace,CSS / UI framework,Client UI / styling,CSS framework / component library,CSS / JavaScript / TypeScript,Web UI,,,,,,,Not populated: no comparable global framework-by-country table verified for the full catalogue,Not populated: no robust per-framework gender cross-tab verified for the full catalogue,,https://github.com/troxler/awesome-css-frameworks
498,S,Silex,Back-end / full-stack,Server / full-stack,Framework / web app toolkit,PHP,PHP,,,,,,,Not populated: no comparable global framework-by-country table verified for the full catalogue,Not populated: no robust per-framework gender cross-tab verified for the full catalogue,,https://github.com/ziadoz/awesome-php
499,S,Silicon,C/C++ web,Server / full-stack,Framework / HTTP toolkit,C / C++,C/C++,,,,,,,Not populated: no comparable global framework-by-country table verified for the full catalogue,Not populated: no robust per-framework gender cross-tab verified for the full catalogue,,https://en.wikipedia.org/wiki/Comparison_of_server-side_web_frameworks
500,S,Silssig,Dart web,Client / server / full-stack,Framework / web toolkit,Dart,Dart,,,,,,,Not populated: no comparable global framework-by-country table verified for the full catalogue,Not populated: no robust per-framework gender cross-tab verified for the full catalogue,,https://github.com/myles/awesome-static-generators
501,S,Simple.css,CSS / UI framework,Client UI / styling,CSS framework / component library,CSS / JavaScript / TypeScript,Web UI,,,,,,,Not populated: no comparable global framework-by-country table verified for the full catalogue,Not populated: no robust per-framework gender cross-tab verified for the full catalogue,,https://github.com/troxler/awesome-css-frameworks
502,S,Sinatra,Back-end / full-stack,Server / full-stack,Framework / web app toolkit,Ruby,Ruby,,,,,,,Not populated: no comparable global framework-by-country table verified for the full catalogue,Not populated: no robust per-framework gender cross-tab verified for the full catalogue,,https://github.com/markets/awesome-ruby
503,S,Sitefox,Clojure web,Server / full-stack / client,Framework / web toolkit,Clojure / ClojureScript,Clojure,,,,,,,Not populated: no comparable global framework-by-country table verified for the full catalogue,Not populated: no robust per-framework gender cross-tab verified for the full catalogue,,https://en.wikipedia.org/wiki/Comparison_of_server-side_web_frameworks
504,S,Sitegen,Lua web,Server / SSG,Framework / web toolkit,Lua,Lua,,,,,,,Not populated: no comparable global framework-by-country table verified for the full catalogue,Not populated: no robust per-framework gender cross-tab verified for the full catalogue,,https://github.com/myles/awesome-static-generators
505,S,SkateJS,Front-end application,Client,Framework / UI library,JavaScript / TypeScript,JavaScript,,,,,,,Not populated: no comparable global framework-by-country table verified for the full catalogue,Not populated: no robust per-framework gender cross-tab verified for the full catalogue,,https://en.wikipedia.org/wiki/Comparison_of_JavaScript-based_web_frameworks
506,S,Skinny Framework,Scala web,Server / client,Framework / HTTP toolkit,Scala,Scala/JVM,,,,,,,Not populated: no comparable global framework-by-country table verified for the full catalogue,Not populated: no robust per-framework gender cross-tab verified for the full catalogue,,https://github.com/lauris/awesome-scala
507,S,Slim,Back-end / full-stack,Server / full-stack,Framework / web app toolkit,PHP,PHP,,,,,,,Not populated: no comparable global framework-by-country table verified for the full catalogue,Not populated: no robust per-framework gender cross-tab verified for the full catalogue,,https://github.com/ziadoz/awesome-php
508,S,Smoke Framework,Swift web,Server / SSG,Framework / web toolkit,Swift,Swift,,,,,,,Not populated: no comparable global framework-by-country table verified for the full catalogue,Not populated: no robust per-framework gender cross-tab verified for the full catalogue,,https://github.com/matteocrippa/awesome-swift
509,S,Snap,Haskell web,Server / full-stack / SSG,Framework / web toolkit,Haskell,Haskell,,,,,,,Not populated: no comparable global framework-by-country table verified for the full catalogue,Not populated: no robust per-framework gender cross-tab verified for the full catalogue,,https://github.com/krispo/awesome-haskell
510,S,SocketCluster,Back-end / API,Server,Framework / server technology,JavaScript / TypeScript,JavaScript,,,,,,,Not populated: no comparable global framework-by-country table verified for the full catalogue,Not populated: no robust per-framework gender cross-tab verified for the full catalogue,,https://github.com/sindresorhus/awesome-nodejs
511,S,SolidJS,Front-end application,Client,Framework / UI library,JavaScript / TypeScript,JavaScript,,,,89,,,Not populated: no comparable global framework-by-country table verified for the full catalogue,Not populated: no robust per-framework gender cross-tab verified for the full catalogue,,https://en.wikipedia.org/wiki/Comparison_of_JavaScript-based_web_frameworks
512,S,SolidStart,Meta / full-stack,Full-stack / SSR / SSG,Meta-framework / full-stack framework,JavaScript / TypeScript,JavaScript,,,,,,,Not populated: no comparable global framework-by-country table verified for the full catalogue,Not populated: no robust per-framework gender cross-tab verified for the full catalogue,,https://2025.stateofjs.com/en-US/libraries/meta-frameworks/
513,S,Soupault,Static site / documentation,Build-time / SSG,Static site generator / content framework,Multi-language,Static web,,,,,,,Not populated: no comparable global framework-by-country table verified for the full catalogue,Not populated: no robust per-framework gender cross-tab verified for the full catalogue,,https://github.com/myles/awesome-static-generators
514,S,Spark Java,Back-end / full-stack,Server / full-stack,Framework / web platform,Java / Kotlin / Groovy,JVM,,,,,,,Not populated: no comparable global framework-by-country table verified for the full catalogue,Not populated: no robust per-framework gender cross-tab verified for the full catalogue,,https://github.com/akullpp/awesome-java
515,S,Spectrum Web Components,CSS / UI framework,Client UI / styling,CSS framework / component library,CSS / JavaScript / TypeScript,Web UI,,,,,,,Not populated: no comparable global framework-by-country table verified for the full catalogue,Not populated: no robust per-framework gender cross-tab verified for the full catalogue,,https://github.com/troxler/awesome-css-frameworks
516,S,Sphinx,Static site / documentation,Build-time / SSG,Static site generator / content framework,Multi-language,Static web,,,,,,,Not populated: no comparable global framework-by-country table verified for the full catalogue,Not populated: no robust per-framework gender cross-tab verified for the full catalogue,,https://github.com/myles/awesome-static-generators
517,S,Spider-Gazelle,Crystal web,Server / full-stack / SSG,Framework / web toolkit,Crystal,Crystal,,,,,,,Not populated: no comparable global framework-by-country table verified for the full catalogue,Not populated: no robust per-framework gender cross-tab verified for the full catalogue,,https://github.com/myles/awesome-static-generators
518,S,Spine.js,Front-end application,Client,Framework / UI library,JavaScript / TypeScript,JavaScript,,,,,,,Not populated: no comparable global framework-by-country table verified for the full catalogue,Not populated: no robust per-framework gender cross-tab verified for the full catalogue,,https://en.wikipedia.org/wiki/Comparison_of_JavaScript-based_web_frameworks
519,S,Spiral,Back-end / full-stack,Server / full-stack,Framework / web app toolkit,PHP,PHP,,,,,,,Not populated: no comparable global framework-by-country table verified for the full catalogue,Not populated: no robust per-framework gender cross-tab verified for the full catalogue,,https://github.com/ziadoz/awesome-php
520,S,Spock,Haskell web,Server / full-stack / SSG,Framework / web toolkit,Haskell,Haskell,,,,,,,Not populated: no comparable global framework-by-country table verified for the full catalogue,Not populated: no robust per-framework gender cross-tab verified for the full catalogue,,https://github.com/krispo/awesome-haskell
521,S,Spring Boot,Back-end / full-stack,Server / full-stack,Framework / web platform,Java / Kotlin / Groovy,JVM,10,14.7,,,,,Not populated: no comparable global framework-by-country table verified for the full catalogue,Not populated: no robust per-framework gender cross-tab verified for the full catalogue,,https://github.com/akullpp/awesome-java
522,S,Spring Cloud Gateway,Back-end / full-stack,Server / full-stack,Framework / web platform,Java / Kotlin / Groovy,JVM,,,,,,,Not populated: no comparable global framework-by-country table verified for the full catalogue,Not populated: no robust per-framework gender cross-tab verified for the full catalogue,,https://github.com/akullpp/awesome-java
523,S,Spring Framework,Back-end / full-stack,Server / full-stack,Framework / web platform,Java / Kotlin / Groovy,JVM,,,,,,,Not populated: no comparable global framework-by-country table verified for the full catalogue,Not populated: no robust per-framework gender cross-tab verified for the full catalogue,,https://github.com/akullpp/awesome-java
524,S,Spring MVC,Back-end / full-stack,Server / full-stack,Framework / web platform,Java / Kotlin / Groovy,JVM,,,,,,,Not populated: no comparable global framework-by-country table verified for the full catalogue,Not populated: no robust per-framework gender cross-tab verified for the full catalogue,,https://github.com/akullpp/awesome-java
525,S,Spring WebFlux,Back-end / full-stack,Server / full-stack,Framework / web platform,Java / Kotlin / Groovy,JVM,,,,,,,Not populated: no comparable global framework-by-country table verified for the full catalogue,Not populated: no robust per-framework gender cross-tab verified for the full catalogue,,https://github.com/akullpp/awesome-java
526,S,SproutCore,Front-end application,Client,Framework / UI library,JavaScript / TypeScript,JavaScript,,,,,,,Not populated: no comparable global framework-by-country table verified for the full catalogue,Not populated: no robust per-framework gender cross-tab verified for the full catalogue,,https://en.wikipedia.org/wiki/Comparison_of_JavaScript-based_web_frameworks
527,S,Squatting,Perl web,Server,Framework / web toolkit,Perl,Perl,,,,,,,Not populated: no comparable global framework-by-country table verified for the full catalogue,Not populated: no robust per-framework gender cross-tab verified for the full catalogue,,https://en.wikipedia.org/wiki/Comparison_of_server-side_web_frameworks
528,S,Starlette,Back-end / full-stack,Server / full-stack,Framework / web app toolkit,Python,Python,,,,,,,Not populated: no comparable global framework-by-country table verified for the full catalogue,Not populated: no robust per-framework gender cross-tab verified for the full catalogue,,https://github.com/vinta/awesome-python
529,S,Stencil,Front-end application,Client,Framework / UI library,JavaScript / TypeScript,JavaScript,,,,,,,Not populated: no comparable global framework-by-country table verified for the full catalogue,Not populated: no robust per-framework gender cross-tab verified for the full catalogue,,https://en.wikipedia.org/wiki/Comparison_of_JavaScript-based_web_frameworks
530,S,Stimulus,Front-end application,Client,Framework / UI library,JavaScript / TypeScript,JavaScript,,,,,,,Not populated: no comparable global framework-by-country table verified for the full catalogue,Not populated: no robust per-framework gender cross-tab verified for the full catalogue,,https://en.wikipedia.org/wiki/Comparison_of_JavaScript-based_web_frameworks
531,S,Stipple,Julia web,Server / full-stack / SSG,Framework / web toolkit,Julia,Julia,,,,,,,Not populated: no comparable global framework-by-country table verified for the full catalogue,Not populated: no robust per-framework gender cross-tab verified for the full catalogue,,https://en.wikipedia.org/wiki/Comparison_of_server-side_web_frameworks
532,S,Strapi,Back-end / API,Server,Framework / server technology,JavaScript / TypeScript,JavaScript,,,,54,,,Not populated: no comparable global framework-by-country table verified for the full catalogue,Not populated: no robust per-framework gender cross-tab verified for the full catalogue,,https://github.com/sindresorhus/awesome-nodejs
533,S,Strapi CMS,CMS / web platform,Full-stack content platform,CMS / web platform,Multi-language,CMS,,,,,,,Not populated: no comparable global framework-by-country table verified for the full catalogue,Not populated: no robust per-framework gender cross-tab verified for the full catalogue,Not strictly a framework; retained because major web-technology surveys and real-world stacks include these platforms.,https://survey.stackoverflow.co/2025/technology/
534,S,Streamlit,Back-end / full-stack,Server / full-stack,Framework / web app toolkit,Python,Python,,,,,,,Not populated: no comparable global framework-by-country table verified for the full catalogue,Not populated: no robust per-framework gender cross-tab verified for the full catalogue,,https://github.com/vinta/awesome-python
535,S,Styx,Static site / documentation,Build-time / SSG,Static site generator / content framework,Multi-language,Static web,,,,,,,Not populated: no comparable global framework-by-country table verified for the full catalogue,Not populated: no robust per-framework gender cross-tab verified for the full catalogue,,https://github.com/myles/awesome-static-generators
536,S,Suave,.NET web,Server / full-stack / client,Framework / web platform,C# / F#,.NET,,,,,,,Not populated: no comparable global framework-by-country table verified for the full catalogue,Not populated: no robust per-framework gender cross-tab verified for the full catalogue,,https://en.wikipedia.org/wiki/Comparison_of_server-side_web_frameworks
537,S,Sugar,BEAM web,Server / full-stack,Framework / web toolkit,Elixir / Erlang,BEAM,,,,,,,Not populated: no comparable global framework-by-country table verified for the full catalogue,Not populated: no robust per-framework gender cross-tab verified for the full catalogue,,https://github.com/h4cc/awesome-elixir
538,S,Svelte,Front-end application,Client,Framework / UI library,JavaScript / TypeScript,JavaScript,17,7.2,,86,,,Not populated: no comparable global framework-by-country table verified for the full catalogue,Not populated: no robust per-framework gender cross-tab verified for the full catalogue,,https://en.wikipedia.org/wiki/Comparison_of_JavaScript-based_web_frameworks
539,S,SvelteKit,Meta / full-stack,Full-stack / SSR / SSG,Meta-framework / full-stack framework,JavaScript / TypeScript,JavaScript,,,,88,,,Not populated: no comparable global framework-by-country table verified for the full catalogue,Not populated: no robust per-framework gender cross-tab verified for the full catalogue,,https://2025.stateofjs.com/en-US/libraries/meta-frameworks/
540,S,Swifter,Swift web,Server / SSG,Framework / web toolkit,Swift,Swift,,,,,,,Not populated: no comparable global framework-by-country table verified for the full catalogue,Not populated: no robust per-framework gender cross-tab verified for the full catalogue,,https://github.com/matteocrippa/awesome-swift
541,S,Sycamore,Rust web,Server / full-stack / client / SSG,Framework / web toolkit,Rust,Rust,,,,,,,Not populated: no comparable global framework-by-country table verified for the full catalogue,Not populated: no robust per-framework gender cross-tab verified for the full catalogue,,https://en.wikipedia.org/wiki/Comparison_of_server-side_web_frameworks
542,S,Symfony,Back-end / full-stack,Server / full-stack,Framework / web app toolkit,PHP,PHP,23,4.0,,,,,Not populated: no comparable global framework-by-country table verified for the full catalogue,Not populated: no robust per-framework gender cross-tab verified for the full catalogue,,https://github.com/ziadoz/awesome-php
543,S,Symfony UX,Back-end / full-stack,Server / full-stack,Framework / web app toolkit,PHP,PHP,,,,,,,Not populated: no comparable global framework-by-country table verified for the full catalogue,Not populated: no robust per-framework gender cross-tab verified for the full catalogue,,https://github.com/ziadoz/awesome-php
544,S,Syro,Back-end / full-stack,Server / full-stack,Framework / web app toolkit,Ruby,Ruby,,,,,,,Not populated: no comparable global framework-by-country table verified for the full catalogue,Not populated: no robust per-framework gender cross-tab verified for the full catalogue,,https://github.com/markets/awesome-ruby
545,T,Tachyons,CSS / UI framework,Client UI / styling,CSS framework / component library,CSS / JavaScript / TypeScript,Web UI,,,,,,,Not populated: no comparable global framework-by-country table verified for the full catalogue,Not populated: no robust per-framework gender cross-tab verified for the full catalogue,,https://github.com/troxler/awesome-css-frameworks
546,T,Tacit,CSS / UI framework,Client UI / styling,CSS framework / component library,CSS / JavaScript / TypeScript,Web UI,,,,,,,Not populated: no comparable global framework-by-country table verified for the full catalogue,Not populated: no robust per-framework gender cross-tab verified for the full catalogue,,https://github.com/troxler/awesome-css-frameworks
547,T,Tailwind CSS,CSS / UI framework,Client UI / styling,CSS framework / component library,CSS / JavaScript / TypeScript,Web UI,,,,,,,Not populated: no comparable global framework-by-country table verified for the full catalogue,Not populated: no robust per-framework gender cross-tab verified for the full catalogue,,https://github.com/troxler/awesome-css-frameworks
548,T,Takes,Back-end / full-stack,Server / full-stack,Framework / web platform,Java / Kotlin / Groovy,JVM,,,,,,,Not populated: no comparable global framework-by-country table verified for the full catalogue,Not populated: no robust per-framework gender cross-tab verified for the full catalogue,,https://github.com/akullpp/awesome-java
549,T,TanStack Start,Meta / full-stack,Full-stack / SSR / SSG,Meta-framework / full-stack framework,JavaScript / TypeScript,JavaScript,,,,,,,Not populated: no comparable global framework-by-country table verified for the full catalogue,Not populated: no robust per-framework gender cross-tab verified for the full catalogue,,https://2025.stateofjs.com/en-US/libraries/meta-frameworks/
550,T,Tapir,Scala web,Server / client,Framework / HTTP toolkit,Scala,Scala/JVM,,,,,,,Not populated: no comparable global framework-by-country table verified for the full catalogue,Not populated: no robust per-framework gender cross-tab verified for the full catalogue,,https://github.com/lauris/awesome-scala
551,T,Tatsumaki,Perl web,Server,Framework / web toolkit,Perl,Perl,,,,,,,Not populated: no comparable global framework-by-country table verified for the full catalogue,Not populated: no robust per-framework gender cross-tab verified for the full catalogue,,https://en.wikipedia.org/wiki/Comparison_of_server-side_web_frameworks
552,T,Tempest,Back-end / full-stack,Server / full-stack,Framework / web app toolkit,PHP,PHP,,,,,,,Not populated: no comparable global framework-by-country table verified for the full catalogue,Not populated: no robust per-framework gender cross-tab verified for the full catalogue,,https://github.com/ziadoz/awesome-php
553,T,ThinkPHP,Back-end / full-stack,Server / full-stack,Framework / web app toolkit,PHP,PHP,,,,,,,Not populated: no comparable global framework-by-country table verified for the full catalogue,Not populated: no robust per-framework gender cross-tab verified for the full catalogue,,https://github.com/ziadoz/awesome-php
554,T,Thruster,Rust web,Server / full-stack / client / SSG,Framework / web toolkit,Rust,Rust,,,,,,,Not populated: no comparable global framework-by-country table verified for the full catalogue,Not populated: no robust per-framework gender cross-tab verified for the full catalogue,,https://en.wikipedia.org/wiki/Comparison_of_server-side_web_frameworks
555,T,Tide,Rust web,Server / full-stack / client / SSG,Framework / web toolkit,Rust,Rust,,,,,,,Not populated: no comparable global framework-by-country table verified for the full catalogue,Not populated: no robust per-framework gender cross-tab verified for the full catalogue,,https://en.wikipedia.org/wiki/Comparison_of_server-side_web_frameworks
556,T,tinystruct,Back-end / full-stack,Server / full-stack,Framework / web platform,Java / Kotlin / Groovy,JVM,,,,,,,Not populated: no comparable global framework-by-country table verified for the full catalogue,Not populated: no robust per-framework gender cross-tab verified for the full catalogue,,https://github.com/akullpp/awesome-java
557,T,Tornado,Back-end / full-stack,Server / full-stack,Framework / web app toolkit,Python,Python,,,,,,,Not populated: no comparable global framework-by-country table verified for the full catalogue,Not populated: no robust per-framework gender cross-tab verified for the full catalogue,,https://github.com/vinta/awesome-python
558,T,Total.js,Back-end / API,Server,Framework / server technology,JavaScript / TypeScript,JavaScript,,,,,,,Not populated: no comparable global framework-by-country table verified for the full catalogue,Not populated: no robust per-framework gender cross-tab verified for the full catalogue,,https://github.com/sindresorhus/awesome-nodejs
559,T,Tower Web,Rust web,Server / full-stack / client / SSG,Framework / web toolkit,Rust,Rust,,,,,,,Not populated: no comparable global framework-by-country table verified for the full catalogue,Not populated: no robust per-framework gender cross-tab verified for the full catalogue,,https://en.wikipedia.org/wiki/Comparison_of_server-side_web_frameworks
560,T,Trailblazer,Back-end / full-stack,Server / full-stack,Framework / web app toolkit,Ruby,Ruby,,,,,,,Not populated: no comparable global framework-by-country table verified for the full catalogue,Not populated: no robust per-framework gender cross-tab verified for the full catalogue,,https://github.com/markets/awesome-ruby
561,T,TreeFrog,C/C++ web,Server / full-stack,Framework / HTTP toolkit,C / C++,C/C++,,,,,,,Not populated: no comparable global framework-by-country table verified for the full catalogue,Not populated: no robust per-framework gender cross-tab verified for the full catalogue,,https://en.wikipedia.org/wiki/Comparison_of_server-side_web_frameworks
562,T,Trot,BEAM web,Server / full-stack,Framework / web toolkit,Elixir / Erlang,BEAM,,,,,,,Not populated: no comparable global framework-by-country table verified for the full catalogue,Not populated: no robust per-framework gender cross-tab verified for the full catalogue,,https://github.com/h4cc/awesome-elixir
563,T,tRPC,Back-end / API,Server,Framework / server technology,JavaScript / TypeScript,JavaScript,,,,83,,,Not populated: no comparable global framework-by-country table verified for the full catalogue,Not populated: no robust per-framework gender cross-tab verified for the full catalogue,,https://github.com/sindresorhus/awesome-nodejs
564,T,Ts.ED,Back-end / API,Server,Framework / server technology,JavaScript / TypeScript,JavaScript,,,,,,,Not populated: no comparable global framework-by-country table verified for the full catalogue,Not populated: no robust per-framework gender cross-tab verified for the full catalogue,,https://github.com/sindresorhus/awesome-nodejs
565,T,Turbo,Front-end application,Client,Framework / UI library,JavaScript / TypeScript,JavaScript,,,,,,,Not populated: no comparable global framework-by-country table verified for the full catalogue,Not populated: no robust per-framework gender cross-tab verified for the full catalogue,,https://en.wikipedia.org/wiki/Comparison_of_JavaScript-based_web_frameworks
566,T,Turbo.lua,Lua web,Server / SSG,Framework / web toolkit,Lua,Lua,,,,,,,Not populated: no comparable global framework-by-country table verified for the full catalogue,Not populated: no robust per-framework gender cross-tab verified for the full catalogue,,https://github.com/myles/awesome-static-generators
567,T,TurboGears,Back-end / full-stack,Server / full-stack,Framework / web app toolkit,Python,Python,,,,,,,Not populated: no comparable global framework-by-country table verified for the full catalogue,Not populated: no robust per-framework gender cross-tab verified for the full catalogue,,https://github.com/vinta/awesome-python
568,T,Twisted Web,Back-end / full-stack,Server / full-stack,Framework / web app toolkit,Python,Python,,,,,,,Not populated: no comparable global framework-by-country table verified for the full catalogue,Not populated: no robust per-framework gender cross-tab verified for the full catalogue,,https://github.com/vinta/awesome-python
569,T,TYPO3,CMS / web platform,Full-stack content platform,CMS / web platform,Multi-language,CMS,,,,,,,Not populated: no comparable global framework-by-country table verified for the full catalogue,Not populated: no robust per-framework gender cross-tab verified for the full catalogue,Not strictly a framework; retained because major web-technology surveys and real-world stacks include these platforms.,https://survey.stackoverflow.co/2025/technology/
570,U,U.S. Web Design System,CSS / UI framework,Client UI / styling,CSS framework / component library,CSS / JavaScript / TypeScript,Web UI,,,,,,,Not populated: no comparable global framework-by-country table verified for the full catalogue,Not populated: no robust per-framework gender cross-tab verified for the full catalogue,,https://github.com/troxler/awesome-css-frameworks
571,U,Udash,Scala web,Server / client,Framework / HTTP toolkit,Scala,Scala/JVM,,,,,,,Not populated: no comparable global framework-by-country table verified for the full catalogue,Not populated: no robust per-framework gender cross-tab verified for the full catalogue,,https://github.com/lauris/awesome-scala
572,U,UIkit,CSS / UI framework,Client UI / styling,CSS framework / component library,CSS / JavaScript / TypeScript,Web UI,,,,,,,Not populated: no comparable global framework-by-country table verified for the full catalogue,Not populated: no robust per-framework gender cross-tab verified for the full catalogue,,https://github.com/troxler/awesome-css-frameworks
573,U,Ulfius,C/C++ web,Server / full-stack,Framework / HTTP toolkit,C / C++,C/C++,,,,,,,Not populated: no comparable global framework-by-country table verified for the full catalogue,Not populated: no robust per-framework gender cross-tab verified for the full catalogue,,https://en.wikipedia.org/wiki/Comparison_of_server-side_web_frameworks
574,U,Umbraco,.NET web,Server / full-stack / client,Framework / web platform,C# / F#,.NET,,,,,,,Not populated: no comparable global framework-by-country table verified for the full catalogue,Not populated: no robust per-framework gender cross-tab verified for the full catalogue,,https://en.wikipedia.org/wiki/Comparison_of_server-side_web_frameworks
575,U,Umbraco CMS,CMS / web platform,Full-stack content platform,CMS / web platform,Multi-language,CMS,,,,,,,Not populated: no comparable global framework-by-country table verified for the full catalogue,Not populated: no robust per-framework gender cross-tab verified for the full catalogue,Not strictly a framework; retained because major web-technology surveys and real-world stacks include these platforms.,https://survey.stackoverflow.co/2025/technology/
576,U,UmiJS,Meta / full-stack,Full-stack / SSR / SSG,Meta-framework / full-stack framework,JavaScript / TypeScript,JavaScript,,,,,,,Not populated: no comparable global framework-by-country table verified for the full catalogue,Not populated: no robust per-framework gender cross-tab verified for the full catalogue,,https://2025.stateofjs.com/en-US/libraries/meta-frameworks/
577,U,Unfiltered,Scala web,Server / client,Framework / HTTP toolkit,Scala,Scala/JVM,,,,,,,Not populated: no comparable global framework-by-country table verified for the full catalogue,Not populated: no robust per-framework gender cross-tab verified for the full catalogue,,https://github.com/lauris/awesome-scala
578,U,Uno Platform WebAssembly,.NET web,Server / full-stack / client,Framework / web platform,C# / F#,.NET,,,,,,,Not populated: no comparable global framework-by-country table verified for the full catalogue,Not populated: no robust per-framework gender cross-tab verified for the full catalogue,,https://en.wikipedia.org/wiki/Comparison_of_server-side_web_frameworks
579,U,UnoCSS,CSS / UI framework,Client UI / styling,CSS framework / component library,CSS / JavaScript / TypeScript,Web UI,,,,,,,Not populated: no comparable global framework-by-country table verified for the full catalogue,Not populated: no robust per-framework gender cross-tab verified for the full catalogue,,https://github.com/troxler/awesome-css-frameworks
580,U,uWebSockets.js,Back-end / API,Server,Framework / server technology,JavaScript / TypeScript,JavaScript,,,,,,,Not populated: no comparable global framework-by-country table verified for the full catalogue,Not populated: no robust per-framework gender cross-tab verified for the full catalogue,,https://github.com/sindresorhus/awesome-nodejs
581,V,Vaadin,Back-end / full-stack,Server / full-stack,Framework / web platform,Java / Kotlin / Groovy,JVM,,,,,,,Not populated: no comparable global framework-by-country table verified for the full catalogue,Not populated: no robust per-framework gender cross-tab verified for the full catalogue,,https://github.com/akullpp/awesome-java
582,V,Vapor,Swift web,Server / SSG,Framework / web toolkit,Swift,Swift,,,,,,,Not populated: no comparable global framework-by-country table verified for the full catalogue,Not populated: no robust per-framework gender cross-tab verified for the full catalogue,,https://github.com/matteocrippa/awesome-swift
583,V,Vendure,Back-end / API,Server,Framework / server technology,JavaScript / TypeScript,JavaScript,,,,,,,Not populated: no comparable global framework-by-country table verified for the full catalogue,Not populated: no robust per-framework gender cross-tab verified for the full catalogue,,https://github.com/sindresorhus/awesome-nodejs
584,V,Vert.x,Back-end / full-stack,Server / full-stack,Framework / web platform,Java / Kotlin / Groovy,JVM,,,,,,,Not populated: no comparable global framework-by-country table verified for the full catalogue,Not populated: no robust per-framework gender cross-tab verified for the full catalogue,,https://github.com/akullpp/awesome-java
585,V,Vert.x Web,Back-end / full-stack,Server / full-stack,Framework / web platform,Java / Kotlin / Groovy,JVM,,,,,,,Not populated: no comparable global framework-by-country table verified for the full catalogue,Not populated: no robust per-framework gender cross-tab verified for the full catalogue,,https://github.com/akullpp/awesome-java
586,V,Vike,Meta / full-stack,Full-stack / SSR / SSG,Meta-framework / full-stack framework,JavaScript / TypeScript,JavaScript,,,,,,,Not populated: no comparable global framework-by-country table verified for the full catalogue,Not populated: no robust per-framework gender cross-tab verified for the full catalogue,,https://2025.stateofjs.com/en-US/libraries/meta-frameworks/
587,V,Vinxi,Meta / full-stack,Full-stack / SSR / SSG,Meta-framework / full-stack framework,JavaScript / TypeScript,JavaScript,,,,,,,Not populated: no comparable global framework-by-country table verified for the full catalogue,Not populated: no robust per-framework gender cross-tab verified for the full catalogue,,https://2025.stateofjs.com/en-US/libraries/meta-frameworks/
588,V,VitePress,Static site / documentation,Build-time / SSG,Static site generator / content framework,Multi-language,Static web,,,,,,,Not populated: no comparable global framework-by-country table verified for the full catalogue,Not populated: no robust per-framework gender cross-tab verified for the full catalogue,,https://github.com/myles/awesome-static-generators
589,V,Viz,Rust web,Server / full-stack / client / SSG,Framework / web toolkit,Rust,Rust,,,,,,,Not populated: no comparable global framework-by-country table verified for the full catalogue,Not populated: no robust per-framework gender cross-tab verified for the full catalogue,,https://en.wikipedia.org/wiki/Comparison_of_server-side_web_frameworks
590,V,Volt,Back-end / full-stack,Server / full-stack,Framework / web app toolkit,Ruby,Ruby,,,,,,,Not populated: no comparable global framework-by-country table verified for the full catalogue,Not populated: no robust per-framework gender cross-tab verified for the full catalogue,,https://github.com/markets/awesome-ruby
591,V,Vroom,Back-end / API,Server,Framework / router / toolkit,Go,Go,,,,,,,Not populated: no comparable global framework-by-country table verified for the full catalogue,Not populated: no robust per-framework gender cross-tab verified for the full catalogue,,https://github.com/avelino/awesome-go
592,V,Vue.js,Front-end application,Client,Framework / UI library,JavaScript / TypeScript,JavaScript,8,17.6,,84,0.6,0.8,Not populated: no comparable global framework-by-country table verified for the full catalogue,Not populated: no robust per-framework gender cross-tab verified for the full catalogue,,https://en.wikipedia.org/wiki/Comparison_of_JavaScript-based_web_frameworks
593,V,VuePress,Static site / documentation,Build-time / SSG,Static site generator / content framework,Multi-language,Static web,,,,,,,Not populated: no comparable global framework-by-country table verified for the full catalogue,Not populated: no robust per-framework gender cross-tab verified for the full catalogue,,https://github.com/myles/awesome-static-generators
594,V,Vuetify,CSS / UI framework,Client UI / styling,CSS framework / component library,CSS / JavaScript / TypeScript,Web UI,,,,,,,Not populated: no comparable global framework-by-country table verified for the full catalogue,Not populated: no robust per-framework gender cross-tab verified for the full catalogue,,https://github.com/troxler/awesome-css-frameworks
595,W,Wagtail,CMS / web platform,Full-stack content platform,CMS / web platform,Multi-language,CMS,,,,,,,Not populated: no comparable global framework-by-country table verified for the full catalogue,Not populated: no robust per-framework gender cross-tab verified for the full catalogue,Not strictly a framework; retained because major web-technology surveys and real-world stacks include these platforms.,https://survey.stackoverflow.co/2025/technology/
596,W,WAI,Haskell web,Server / full-stack / SSG,Framework / web toolkit,Haskell,Haskell,,,,,,,Not populated: no comparable global framework-by-country table verified for the full catalogue,Not populated: no robust per-framework gender cross-tab verified for the full catalogue,,https://github.com/krispo/awesome-haskell
597,W,Waku,Meta / full-stack,Full-stack / SSR / SSG,Meta-framework / full-stack framework,JavaScript / TypeScript,JavaScript,,,,,,,Not populated: no comparable global framework-by-country table verified for the full catalogue,Not populated: no robust per-framework gender cross-tab verified for the full catalogue,,https://2025.stateofjs.com/en-US/libraries/meta-frameworks/
598,W,Warp,Rust web,Server / full-stack / client / SSG,Framework / web toolkit,Rust,Rust,,,,,,,Not populated: no comparable global framework-by-country table verified for the full catalogue,Not populated: no robust per-framework gender cross-tab verified for the full catalogue,,https://en.wikipedia.org/wiki/Comparison_of_server-side_web_frameworks
599,W,Water.css,CSS / UI framework,Client UI / styling,CSS framework / component library,CSS / JavaScript / TypeScript,Web UI,,,,,,,Not populated: no comparable global framework-by-country table verified for the full catalogue,Not populated: no robust per-framework gender cross-tab verified for the full catalogue,,https://github.com/troxler/awesome-css-frameworks
600,W,web2py,Back-end / full-stack,Server / full-stack,Framework / web app toolkit,Python,Python,,,,,,,Not populated: no comparable global framework-by-country table verified for the full catalogue,Not populated: no robust per-framework gender cross-tab verified for the full catalogue,,https://github.com/vinta/awesome-python
601,W,Web::Simple,Perl web,Server,Framework / web toolkit,Perl,Perl,,,,,,,Not populated: no comparable global framework-by-country table verified for the full catalogue,Not populated: no robust per-framework gender cross-tab verified for the full catalogue,,https://en.wikipedia.org/wiki/Comparison_of_server-side_web_frameworks
602,W,Webgen,Static site / documentation,Build-time / SSG,Static site generator / content framework,Multi-language,Static web,,,,,,,Not populated: no comparable global framework-by-country table verified for the full catalogue,Not populated: no robust per-framework gender cross-tab verified for the full catalogue,,https://github.com/myles/awesome-static-generators
603,W,WebGo,Back-end / API,Server,Framework / router / toolkit,Go,Go,,,,,,,Not populated: no comparable global framework-by-country table verified for the full catalogue,Not populated: no robust per-framework gender cross-tab verified for the full catalogue,,https://github.com/avelino/awesome-go
604,W,Webix,Front-end application,Client,Framework / UI library,JavaScript / TypeScript,JavaScript,,,,,,,Not populated: no comparable global framework-by-country table verified for the full catalogue,Not populated: no robust per-framework gender cross-tab verified for the full catalogue,,https://en.wikipedia.org/wiki/Comparison_of_JavaScript-based_web_frameworks
605,W,Webjure,Clojure web,Server / full-stack / client,Framework / web toolkit,Clojure / ClojureScript,Clojure,,,,,,,Not populated: no comparable global framework-by-country table verified for the full catalogue,Not populated: no robust per-framework gender cross-tab verified for the full catalogue,,https://en.wikipedia.org/wiki/Comparison_of_server-side_web_frameworks
606,W,WebObjects,Back-end / full-stack,Server / full-stack,Framework / web platform,Java / Kotlin / Groovy,JVM,,,,,,,Not populated: no comparable global framework-by-country table verified for the full catalogue,Not populated: no robust per-framework gender cross-tab verified for the full catalogue,,https://github.com/akullpp/awesome-java
607,W,WebSharper,.NET web,Server / full-stack / client,Framework / web platform,C# / F#,.NET,,,,,,,Not populated: no comparable global framework-by-country table verified for the full catalogue,Not populated: no robust per-framework gender cross-tab verified for the full catalogue,,https://en.wikipedia.org/wiki/Comparison_of_server-side_web_frameworks
608,W,Werkzeug,Back-end / full-stack,Server / full-stack,Framework / web app toolkit,Python,Python,,,,,,,Not populated: no comparable global framework-by-country table verified for the full catalogue,Not populated: no robust per-framework gender cross-tab verified for the full catalogue,,https://github.com/vinta/awesome-python
609,W,Wheb,Haskell web,Server / full-stack / SSG,Framework / web toolkit,Haskell,Haskell,,,,,,,Not populated: no comparable global framework-by-country table verified for the full catalogue,Not populated: no robust per-framework gender cross-tab verified for the full catalogue,,https://github.com/krispo/awesome-haskell
610,W,Windi CSS,CSS / UI framework,Client UI / styling,CSS framework / component library,CSS / JavaScript / TypeScript,Web UI,,,,,,,Not populated: no comparable global framework-by-country table verified for the full catalogue,Not populated: no robust per-framework gender cross-tab verified for the full catalogue,,https://github.com/troxler/awesome-css-frameworks
611,W,Wintersmith,Static site / documentation,Build-time / SSG,Static site generator / content framework,Multi-language,Static web,,,,,,,Not populated: no comparable global framework-by-country table verified for the full catalogue,Not populated: no robust per-framework gender cross-tab verified for the full catalogue,,https://github.com/myles/awesome-static-generators
612,W,WordPress,CMS / web platform,Full-stack content platform,CMS / web platform,Multi-language,CMS,13,13.6,,,,,Not populated: no comparable global framework-by-country table verified for the full catalogue,Not populated: no robust per-framework gender cross-tab verified for the full catalogue,Not strictly a framework; retained because major web-technology surveys and real-world stacks include these platforms.,https://survey.stackoverflow.co/2025/technology/
613,W,Workerman,Back-end / full-stack,Server / full-stack,Framework / web app toolkit,PHP,PHP,,,,,,,Not populated: no comparable global framework-by-country table verified for the full catalogue,Not populated: no robust per-framework gender cross-tab verified for the full catalogue,,https://github.com/ziadoz/awesome-php
614,W,Wt,C/C++ web,Server / full-stack,Framework / HTTP toolkit,C / C++,C/C++,,,,,,,Not populated: no comparable global framework-by-country table verified for the full catalogue,Not populated: no robust per-framework gender cross-tab verified for the full catalogue,,https://en.wikipedia.org/wiki/Comparison_of_server-side_web_frameworks
615,W,Wt::Dbo,C/C++ web,Server / full-stack,Framework / HTTP toolkit,C / C++,C/C++,,,,,,,Not populated: no comparable global framework-by-country table verified for the full catalogue,Not populated: no robust per-framework gender cross-tab verified for the full catalogue,,https://en.wikipedia.org/wiki/Comparison_of_server-side_web_frameworks
616,X,Xitrum,Scala web,Server / client,Framework / HTTP toolkit,Scala,Scala/JVM,,,,,,,Not populated: no comparable global framework-by-country table verified for the full catalogue,Not populated: no robust per-framework gender cross-tab verified for the full catalogue,,https://github.com/lauris/awesome-scala
617,Y,YARF,Back-end / API,Server,Framework / router / toolkit,Go,Go,,,,,,,Not populated: no comparable global framework-by-country table verified for the full catalogue,Not populated: no robust per-framework gender cross-tab verified for the full catalogue,,https://github.com/avelino/awesome-go
618,Y,Yesod,Haskell web,Server / full-stack / SSG,Framework / web toolkit,Haskell,Haskell,,,,,,,Not populated: no comparable global framework-by-country table verified for the full catalogue,Not populated: no robust per-framework gender cross-tab verified for the full catalogue,,https://github.com/krispo/awesome-haskell
619,Y,Yew,Rust web,Server / full-stack / client / SSG,Framework / web toolkit,Rust,Rust,,,,,,,Not populated: no comparable global framework-by-country table verified for the full catalogue,Not populated: no robust per-framework gender cross-tab verified for the full catalogue,,https://en.wikipedia.org/wiki/Comparison_of_server-side_web_frameworks
620,Y,Yii,Back-end / full-stack,Server / full-stack,Framework / web app toolkit,PHP,PHP,,,,,,,Not populated: no comparable global framework-by-country table verified for the full catalogue,Not populated: no robust per-framework gender cross-tab verified for the full catalogue,,https://github.com/ziadoz/awesome-php
621,Y,Yii2,Back-end / full-stack,Server / full-stack,Framework / web app toolkit,PHP,PHP,,,,,,,Not populated: no comparable global framework-by-country table verified for the full catalogue,Not populated: no robust per-framework gender cross-tab verified for the full catalogue,,https://github.com/ziadoz/awesome-php
622,Y,YouI,Scala web,Server / client,Framework / HTTP toolkit,Scala,Scala/JVM,,,,,,,Not populated: no comparable global framework-by-country table verified for the full catalogue,Not populated: no robust per-framework gender cross-tab verified for the full catalogue,,https://github.com/lauris/awesome-scala
623,Y,yst,Static site / documentation,Build-time / SSG,Static site generator / content framework,Multi-language,Static web,,,,,,,Not populated: no comparable global framework-by-country table verified for the full catalogue,Not populated: no robust per-framework gender cross-tab verified for the full catalogue,,https://github.com/myles/awesome-static-generators
624,Z,Zend Framework,Back-end / full-stack,Server / full-stack,Framework / web app toolkit,PHP,PHP,,,,,,,Not populated: no comparable global framework-by-country table verified for the full catalogue,Not populated: no robust per-framework gender cross-tab verified for the full catalogue,,https://github.com/ziadoz/awesome-php
625,Z,Zewo,Swift web,Server / SSG,Framework / web toolkit,Swift,Swift,,,,,,,Not populated: no comparable global framework-by-country table verified for the full catalogue,Not populated: no robust per-framework gender cross-tab verified for the full catalogue,,https://github.com/matteocrippa/awesome-swift
626,Z,ZIO HTTP,Scala web,Server / client,Framework / HTTP toolkit,Scala,Scala/JVM,,,,,,,Not populated: no comparable global framework-by-country table verified for the full catalogue,Not populated: no robust per-framework gender cross-tab verified for the full catalogue,,https://github.com/lauris/awesome-scala
627,Z,ZK,Back-end / full-stack,Server / full-stack,Framework / web platform,Java / Kotlin / Groovy,JVM,,,,,,,Not populated: no comparable global framework-by-country table verified for the full catalogue,Not populated: no robust per-framework gender cross-tab verified for the full catalogue,,https://github.com/akullpp/awesome-java
628,Z,Zola,Rust web,Server / full-stack / client / SSG,Framework / web toolkit,Rust,Rust,,,,,,,Not populated: no comparable global framework-by-country table verified for the full catalogue,Not populated: no robust per-framework gender cross-tab verified for the full catalogue,,https://en.wikipedia.org/wiki/Comparison_of_server-side_web_frameworks
629,Z,Zope,Back-end / full-stack,Server / full-stack,Framework / web app toolkit,Python,Python,,,,,,,Not populated: no comparable global framework-by-country table verified for the full catalogue,Not populated: no robust per-framework gender cross-tab verified for the full catalogue,,https://github.com/vinta/awesome-python
630,Z,Zotonic,BEAM web,Server / full-stack,Framework / web toolkit,Elixir / Erlang,BEAM,,,,,,,Not populated: no comparable global framework-by-country table verified for the full catalogue,Not populated: no robust per-framework gender cross-tab verified for the full catalogue,,https://github.com/h4cc/awesome-elixir
631,Î,îles,Meta / full-stack,Full-stack / SSR / SSG,Meta-framework / full-stack framework,JavaScript / TypeScript,JavaScript,,,,,,,Not populated: no comparable global framework-by-country table verified for the full catalogue,Not populated: no robust per-framework gender cross-tab verified for the full catalogue,,https://2025.stateofjs.com/en-US/libraries/meta-frameworks/
