catalog_id,initial,name,runtime_family,runtime_type,languages_or_code,execution_model,bytecode_or_ir,memory_management,typical_environment,sandbox_model,provider_or_project,engine_or_host_relation,stateofjs_runtime_rank_2025,stateofjs_runtime_users_2025,stateofjs_runtime_use_pct_2025,stateofjs_edge_rank_2025,stateofjs_edge_users_2025,stateofjs_edge_use_pct_2025,stackoverflow_web_rank_2025,stackoverflow_web_used_pct_2025,country_data_status,gender_data_status,notes,source_url
1,#,.NET for Android CoreCLR,.NET / CLI,Managed runtime / AOT runtime,CLI languages / CIL,JIT / AOT / interpreter varies,CIL / native code / Wasm,Garbage collected,"Desktop, server, mobile, games, browser, embedded",Host-dependent,,,,,,,,,,,No comparable runtime-by-country global table populated,No robust per-runtime gender cross-tab populated,,https://learn.microsoft.com/en-us/dotnet/fundamentals/implementations
2,#,.NET Framework CLR,.NET / CLI,Managed runtime / AOT runtime,CLI languages / CIL,JIT / AOT / interpreter varies,CIL / native code / Wasm,Garbage collected,"Desktop, server, mobile, games, browser, embedded",Host-dependent,,,,,,,,,,,No comparable runtime-by-country global table populated,No robust per-runtime gender cross-tab populated,,https://learn.microsoft.com/en-us/dotnet/fundamentals/implementations
3,#,.NET Micro Framework CLR,.NET / CLI,Managed runtime / AOT runtime,CLI languages / CIL,JIT / AOT / interpreter varies,CIL / native code / Wasm,Garbage collected,"Desktop, server, mobile, games, browser, embedded",Host-dependent,,,,,,,,,,,No comparable runtime-by-country global table populated,No robust per-runtime gender cross-tab populated,,https://learn.microsoft.com/en-us/dotnet/fundamentals/implementations
4,#,.NET nanoFramework CLR,Embedded / constrained,Embedded runtime / VM,"Java ME, .NET, Python, JavaScript, Ruby, Lua, Go, WebAssembly",Interpreter / AOT / JIT varies,Bytecode / native / Wasm,Small-footprint managed or manual,"Microcontrollers, IoT, RTOS",Device/firmware constraints,,,,,,,,,,,No comparable runtime-by-country global table populated,No robust per-runtime gender cross-tab populated,,https://en.wikipedia.org/wiki/Comparison_of_application_virtualization_software
5,#,.NET NativeAOT Runtime,.NET / CLI,Managed runtime / AOT runtime,CLI languages / CIL,JIT / AOT / interpreter varies,CIL / native code / Wasm,Garbage collected,"Desktop, server, mobile, games, browser, embedded",Host-dependent,Microsoft / .NET,,,,,,,,,,No comparable runtime-by-country global table populated,No robust per-runtime gender cross-tab populated,AOT-compiled self-contained .NET execution model.,https://learn.microsoft.com/en-us/dotnet/core/deploying/native-aot/
6,#,.NET Runtime,.NET / CLI,Managed runtime / CLI VES implementation,"C#, F#, Visual Basic .NET, CLI languages",JIT + optional AOT,CIL / metadata,Garbage collected,"Server, desktop, cloud, mobile",Managed runtime; OS process/application isolation,Microsoft / .NET,,,,,,,,,,No comparable runtime-by-country global table populated,No robust per-runtime gender cross-tab populated,,https://learn.microsoft.com/en-us/dotnet/fundamentals/implementations
7,#,.NET WebAssembly Runtime,.NET / CLI,Managed runtime / AOT runtime,CLI languages / CIL,JIT / AOT / interpreter varies,CIL / native code / Wasm,Garbage collected,"Desktop, server, mobile, games, browser, embedded",Host-dependent,,,,,,,,,,,No comparable runtime-by-country global table populated,No robust per-runtime gender cross-tab populated,,https://learn.microsoft.com/en-us/dotnet/fundamentals/implementations
8,A,ABC Machine,Historical / portable VMs,Virtual machine / educational or legacy runtime,Various,Interpreter / JIT / AOT varies,Portable bytecode / IR,Varies,"Historical, research, legacy systems",Host-dependent,,,,,,,,,,,No comparable runtime-by-country global table populated,No robust per-runtime gender cross-tab populated,,https://en.wikipedia.org/wiki/Comparison_of_application_virtualization_software
9,A,ABCL Runtime,Lisp / Scheme / Clojure,Language runtime / compiler runtime,"Common Lisp, Scheme, Clojure",Native compiler / bytecode interpreter / JVM / JS varies,Native / JVM bytecode / VM bytecode,Garbage collected,"Server, desktop, scripting, embedded",Host-dependent,,,,,,,,,,,No comparable runtime-by-country global table populated,No robust per-runtime gender cross-tab populated,,https://en.wikipedia.org/wiki/List_of_Lisp_software_and_tools
10,A,ActionScript Virtual Machine 1 (AVM1),Historical / portable VMs,Virtual machine / educational or legacy runtime,Various,Interpreter / JIT / AOT varies,Portable bytecode / IR,Varies,"Historical, research, legacy systems",Host-dependent,,,,,,,,,,,No comparable runtime-by-country global table populated,No robust per-runtime gender cross-tab populated,,https://en.wikipedia.org/wiki/Comparison_of_application_virtualization_software
11,A,ActionScript Virtual Machine 2 (AVM2),Historical / portable VMs,Virtual machine / educational or legacy runtime,Various,Interpreter / JIT / AOT varies,Portable bytecode / IR,Varies,"Historical, research, legacy systems",Host-dependent,,,,,,,,,,,No comparable runtime-by-country global table populated,No robust per-runtime gender cross-tab populated,,https://en.wikipedia.org/wiki/Comparison_of_application_virtualization_software
12,A,ActivePython Runtime,Python,Language runtime / implementation,Python,Bytecode interpreter / JIT / AOT varies,Python bytecode / JVM / CLR / Wasm / native varies,Garbage collected / reference counting varies,"Server, desktop, browser, embedded",Host-dependent,,,,,,,,,,,No comparable runtime-by-country global table populated,No robust per-runtime gender cross-tab populated,,https://www.python.org/download/alternatives/
13,A,Ada Runtime System,Native / compiled-language runtime systems,Runtime system / execution engine,"Go, Haskell, OCaml, Julia, R, Swift, Kotlin Native, Rust, Zig, Nim, D, Ada, Fortran and others",Native compiled / JIT / bytecode varies,Native code / LLVM IR / language-specific IR,Manual / GC / ARC / ownership varies,Native desktop/server/embedded,OS process boundary,,,,,,,,,,,No comparable runtime-by-country global table populated,No robust per-runtime gender cross-tab populated,,https://en.wikipedia.org/wiki/Comparison_of_application_virtualization_software
14,A,Adobe Flash Player AVM2,Historical / portable VMs,Virtual machine / educational or legacy runtime,Various,Interpreter / JIT / AOT varies,Portable bytecode / IR,Varies,"Historical, research, legacy systems",Host-dependent,,,,,,,,,,,No comparable runtime-by-country global table populated,No robust per-runtime gender cross-tab populated,,https://en.wikipedia.org/wiki/Comparison_of_application_virtualization_software
15,A,Alibaba Cloud Function Compute Runtime,Edge / serverless,Managed execution platform,Multi-language / JavaScript / WebAssembly varies,Managed process / isolate / Wasm execution,Provider-defined,Provider-managed,Cloud / edge,Provider sandbox / isolate / container boundary,,,,,,,,,,,No comparable runtime-by-country global table populated,No robust per-runtime gender cross-tab populated,Execution platform rather than a standalone language VM; overlaps cloud/serverless taxonomy.,https://2025.stateofjs.com/en-US/other-tools/
16,A,Allegro Common Lisp Runtime,Lisp / Scheme / Clojure,Language runtime / compiler runtime,"Common Lisp, Scheme, Clojure",Native compiler / bytecode interpreter / JVM / JS varies,Native / JVM bytecode / VM bytecode,Garbage collected,"Server, desktop, scripting, embedded",Host-dependent,,,,,,,,,,,No comparable runtime-by-country global table populated,No robust per-runtime gender cross-tab populated,,https://en.wikipedia.org/wiki/List_of_Lisp_software_and_tools
17,A,Amazon Corretto HotSpot,JVM,JVM implementation / managed runtime,Java bytecode / JVM languages,Interpreter + tiered JIT / AOT varies,JVM bytecode,Garbage collected,"Server, desktop, cloud, embedded",Managed runtime; process boundary,,,,,,,,,,,No comparable runtime-by-country global table populated,No robust per-runtime gender cross-tab populated,,https://en.wikipedia.org/wiki/List_of_Java_virtual_machines
18,A,Amber Smalltalk Runtime,Smalltalk / Self,Object VM / language runtime,"Smalltalk, Self, Newspeak",Bytecode interpreter + JIT varies,Smalltalk bytecode / object memory,Garbage collected,"Desktop, research, server, browser",Host-dependent,,,,,,,,,,,No comparable runtime-by-country global table populated,No robust per-runtime gender cross-tab populated,,https://opensmalltalk.org/
19,A,AMD OpenMP Offload Runtime,GPU / accelerator,Accelerator execution runtime,"CUDA, HIP, OpenCL, SYCL, C/C++, accelerator kernels",JIT / AOT / device execution,PTX / SPIR-V / native GPU code,Host/device managed,GPU / accelerator computing,Driver/device boundary,,,,,,,,,,,No comparable runtime-by-country global table populated,No robust per-runtime gender cross-tab populated,,https://docs.nvidia.com/cuda/cuda-runtime-api/index.html
20,A,Anaconda CPython Runtime,Python,Language runtime / implementation,Python,Bytecode interpreter / JIT / AOT varies,Python bytecode / JVM / CLR / Wasm / native varies,Garbage collected / reference counting varies,"Server, desktop, browser, embedded",Host-dependent,,,,,,,,,,,No comparable runtime-by-country global table populated,No robust per-runtime gender cross-tab populated,,https://www.python.org/download/alternatives/
21,A,Android Runtime (ART),Android,Mobile managed runtime,DEX bytecode; Java/Kotlin and other Android languages,Interpreter + JIT + AOT,DEX / OAT / native code,Garbage collected,Android devices,Per-app process and Android sandbox,Google / Android Open Source Project,,,,,,,,,,No comparable runtime-by-country global table populated,No robust per-runtime gender cross-tab populated,Android app runtime executing DEX with AOT and JIT compilation.,https://developer.android.com/guide/platform
22,A,Aonix PERC,JVM,JVM implementation / managed runtime,Java bytecode / JVM languages,Interpreter + tiered JIT / AOT varies,JVM bytecode,Garbage collected,"Server, desktop, cloud, embedded",Managed runtime; process boundary,,,,,,,,,,,No comparable runtime-by-country global table populated,No robust per-runtime gender cross-tab populated,,https://en.wikipedia.org/wiki/List_of_Java_virtual_machines
23,A,Apache Harmony DRLVM,JVM,JVM implementation / managed runtime,Java bytecode / JVM languages,Interpreter + tiered JIT / AOT varies,JVM bytecode,Garbage collected,"Server, desktop, cloud, embedded",Managed runtime; process boundary,,,,,,,,,,,No comparable runtime-by-country global table populated,No robust per-runtime gender cross-tab populated,,https://en.wikipedia.org/wiki/List_of_Java_virtual_machines
24,A,Artichoke Ruby,Ruby,Language runtime / VM / JIT,Ruby,Interpreter / bytecode VM / JIT / AOT varies,YARV bytecode / JVM bytecode / native / JavaScript varies,Garbage collected,"Server, desktop, embedded, browser",Host-dependent,,,,,,,,,,,No comparable runtime-by-country global table populated,No robust per-runtime gender cross-tab populated,,https://en.wikipedia.org/wiki/Comparison_of_application_virtualization_software
25,A,AtomVM,BEAM / Erlang,Concurrent VM / runtime system,"Erlang, Elixir, Gleam, LFE and BEAM languages",Bytecode interpreter + JIT / AOT variants,BEAM bytecode,Per-process GC / managed memory,"Server, distributed systems, embedded",Process isolation inside VM + OS boundary,Erlang/OTP ecosystem,,,,,,,,,,No comparable runtime-by-country global table populated,No robust per-runtime gender cross-tab populated,,https://www.erlang.org/docs/27/system/system_principles.html
26,A,AudioWorklet Runtime,Browser / Web,Browser execution environment,"JavaScript, WebAssembly",JIT + interpreter,ECMAScript / Wasm,Garbage collected,Web browser / embedded browser,Web sandbox + origin model,,V8 / SpiderMonkey / JavaScriptCore depending browser,,,,,,,,,No comparable runtime-by-country global table populated,No robust per-runtime gender cross-tab populated,,https://en.wikipedia.org/wiki/List_of_JavaScript_engines
27,A,Avian JVM,JVM,JVM implementation / managed runtime,Java bytecode / JVM languages,Interpreter + tiered JIT / AOT varies,JVM bytecode,Garbage collected,"Server, desktop, cloud, embedded",Managed runtime; process boundary,,,,,,,,,,,No comparable runtime-by-country global table populated,No robust per-runtime gender cross-tab populated,,https://en.wikipedia.org/wiki/List_of_Java_virtual_machines
28,A,AWK Interpreter Runtime,Other language runtimes,Language runtime / VM / execution environment,"Prolog, Tcl, AWK, Forth, Haxe, Dart and others",Interpreter / JIT / AOT / native varies,Language-specific bytecode / native / JS / Wasm,Varies,"CLI, server, desktop, browser, embedded",Host-dependent,,,,,,,,,,,No comparable runtime-by-country global table populated,No robust per-runtime gender cross-tab populated,,https://en.wikipedia.org/wiki/Comparison_of_application_virtualization_software
29,A,AWS Lambda Custom Runtime,Edge / serverless,Managed execution platform,Multi-language / JavaScript / WebAssembly varies,Managed process / isolate / Wasm execution,Provider-defined,Provider-managed,Cloud / edge,Provider sandbox / isolate / container boundary,,,,,,,,,,,No comparable runtime-by-country global table populated,No robust per-runtime gender cross-tab populated,Execution platform rather than a standalone language VM; overlaps cloud/serverless taxonomy.,https://2025.stateofjs.com/en-US/other-tools/
30,A,AWS Lambda Node.js Runtime,Edge / serverless,Managed execution platform,Multi-language / JavaScript / WebAssembly varies,Managed process / isolate / Wasm execution,Provider-defined,Provider-managed,Cloud / edge,Provider sandbox / isolate / container boundary,,,9,12,0.1,1,2532,26.4,,,No comparable runtime-by-country global table populated,No robust per-runtime gender cross-tab populated,Execution platform rather than a standalone language VM; overlaps cloud/serverless taxonomy.,https://2025.stateofjs.com/en-US/other-tools/
31,A,aWsm,WebAssembly / WASI,WebAssembly runtime / engine,"WebAssembly, WASI components",Interpreter / JIT / AOT varies,Wasm / Component Model,Sandboxed linear memory,"Server, edge, embedded, plugins, blockchain",Wasm sandbox + capability model when WASI is used,,,,,,,,,,,No comparable runtime-by-country global table populated,No robust per-runtime gender cross-tab populated,,https://github.com/appcypher/awesome-wasm-runtimes
32,A,AxiomJS,JavaScript / TypeScript,Application runtime,JavaScript / TypeScript,Interpreter / JIT / AOT varies,JavaScript source / engine-specific bytecode,Garbage collected,Server / embedded / edge / experimental,Host-dependent,,,,,,,,,,,No comparable runtime-by-country global table populated,No robust per-runtime gender cross-tab populated,,https://en.wikipedia.org/wiki/List_of_JavaScript_engines
33,A,Azul Platform Prime VM,JVM,JVM implementation / managed runtime,Java bytecode / JVM languages,Interpreter + tiered JIT / AOT varies,JVM bytecode,Garbage collected,"Server, desktop, cloud, embedded",Managed runtime; process boundary,,,,,,,,,,,No comparable runtime-by-country global table populated,No robust per-runtime gender cross-tab populated,,https://en.wikipedia.org/wiki/List_of_Java_virtual_machines
34,A,Azul Prime JVM,JVM,JVM implementation / managed runtime,Java bytecode / JVM languages,Interpreter + tiered JIT / AOT varies,JVM bytecode,Garbage collected,"Server, desktop, cloud, embedded",Managed runtime; process boundary,,,,,,,,,,,No comparable runtime-by-country global table populated,No robust per-runtime gender cross-tab populated,,https://en.wikipedia.org/wiki/List_of_Java_virtual_machines
35,A,Azul Zing JVM,JVM,JVM implementation / managed runtime,Java bytecode / JVM languages,Interpreter + tiered JIT / AOT varies,JVM bytecode,Garbage collected,"Server, desktop, cloud, embedded",Managed runtime; process boundary,,,,,,,,,,,No comparable runtime-by-country global table populated,No robust per-runtime gender cross-tab populated,,https://en.wikipedia.org/wiki/List_of_Java_virtual_machines
36,A,Azure Functions Runtime,Edge / serverless,Managed execution platform,Multi-language / JavaScript / WebAssembly varies,Managed process / isolate / Wasm execution,Provider-defined,Provider-managed,Cloud / edge,Provider sandbox / isolate / container boundary,,,,,,5,632,6.6,,,No comparable runtime-by-country global table populated,No robust per-runtime gender cross-tab populated,Execution platform rather than a standalone language VM; overlaps cloud/serverless taxonomy.,https://2025.stateofjs.com/en-US/other-tools/
37,B,B3 JIT,JavaScript engines,Language engine / VM,JavaScript; some WebAssembly,Interpreter + JIT varies,Engine bytecode / machine code,Garbage collected,"Browsers, runtimes, embedded applications",Embedding host controls sandbox,,,,,,,,,,,No comparable runtime-by-country global table populated,No robust per-runtime gender cross-tab populated,,https://en.wikipedia.org/wiki/List_of_JavaScript_engines
38,B,Babashka Runtime,Lisp / Scheme / Clojure,Language runtime / compiler runtime,"Common Lisp, Scheme, Clojure",Native compiler / bytecode interpreter / JVM / JS varies,Native / JVM bytecode / VM bytecode,Garbage collected,"Server, desktop, scripting, embedded",Host-dependent,,,,,,,,,,,No comparable runtime-by-country global table populated,No robust per-runtime gender cross-tab populated,,https://en.wikipedia.org/wiki/List_of_Lisp_software_and_tools
39,B,Batavia Python VM,Python,Language runtime / implementation,Python,Bytecode interpreter / JIT / AOT varies,Python bytecode / JVM / CLR / Wasm / native varies,Garbage collected / reference counting varies,"Server, desktop, browser, embedded",Host-dependent,,,,,,,,,,,No comparable runtime-by-country global table populated,No robust per-runtime gender cross-tab populated,,https://www.python.org/download/alternatives/
40,B,BEAM,BEAM / Erlang,Concurrent VM / runtime system,"Erlang, Elixir, Gleam, LFE and BEAM languages",Bytecode interpreter + JIT / AOT variants,BEAM bytecode,Per-process GC / managed memory,"Server, distributed systems, embedded",Process isolation inside VM + OS boundary,Erlang/OTP,,,,,,,,,,No comparable runtime-by-country global table populated,No robust per-runtime gender cross-tab populated,Register-based VM underlying Erlang/OTP and languages such as Elixir and Gleam.,https://www.erlang.org/docs/27/system/system_principles.html
41,B,BEAM Emulator,Historical / portable VMs,Virtual machine / educational or legacy runtime,Various,Interpreter / JIT / AOT varies,Portable bytecode / IR,Varies,"Historical, research, legacy systems",Host-dependent,,,,,,,,,,,No comparable runtime-by-country global table populated,No robust per-runtime gender cross-tab populated,,https://en.wikipedia.org/wiki/Comparison_of_application_virtualization_software
42,B,BEAM JIT,BEAM / Erlang,Concurrent VM / runtime system,"Erlang, Elixir, Gleam, LFE and BEAM languages",Bytecode interpreter + JIT / AOT variants,BEAM bytecode,Per-process GC / managed memory,"Server, distributed systems, embedded",Process isolation inside VM + OS boundary,Erlang/OTP ecosystem,,,,,,,,,,No comparable runtime-by-country global table populated,No robust per-runtime gender cross-tab populated,,https://www.erlang.org/docs/27/system/system_principles.html
43,B,Bee Smalltalk Runtime,Smalltalk / Self,Object VM / language runtime,"Smalltalk, Self, Newspeak",Bytecode interpreter + JIT varies,Smalltalk bytecode / object memory,Garbage collected,"Desktop, research, server, browser",Host-dependent,,,,,,,,,,,No comparable runtime-by-country global table populated,No robust per-runtime gender cross-tab populated,,https://opensmalltalk.org/
44,B,BellSoft Liberica HotSpot,JVM,JVM implementation / managed runtime,Java bytecode / JVM languages,Interpreter + tiered JIT / AOT varies,JVM bytecode,Garbage collected,"Server, desktop, cloud, embedded",Managed runtime; process boundary,,,,,,,,,,,No comparable runtime-by-country global table populated,No robust per-runtime gender cross-tab populated,,https://en.wikipedia.org/wiki/List_of_Java_virtual_machines
45,B,Bigloo Runtime,Lisp / Scheme / Clojure,Language runtime / compiler runtime,"Common Lisp, Scheme, Clojure",Native compiler / bytecode interpreter / JVM / JS varies,Native / JVM bytecode / VM bytecode,Garbage collected,"Server, desktop, scripting, embedded",Host-dependent,,,,,,,,,,,No comparable runtime-by-country global table populated,No robust per-runtime gender cross-tab populated,,https://en.wikipedia.org/wiki/List_of_Lisp_software_and_tools
46,B,Bionic libc,Native system runtimes,Runtime library / ABI layer,"C, C++ and native languages",Native execution support,Native machine code / ABI,Manual / language-specific,"Operating systems, embedded, native applications",OS process boundary,,,,,,,,,,,No comparable runtime-by-country global table populated,No robust per-runtime gender cross-tab populated,,https://en.wikipedia.org/wiki/Comparison_of_application_virtualization_software
47,B,Blackdown JVM,Historical / portable VMs,Virtual machine / educational or legacy runtime,Various,Interpreter / JIT / AOT varies,Portable bytecode / IR,Varies,"Historical, research, legacy systems",Host-dependent,,,,,,,,,,,No comparable runtime-by-country global table populated,No robust per-runtime gender cross-tab populated,,https://en.wikipedia.org/wiki/Comparison_of_application_virtualization_software
48,B,Blazor WebAssembly .NET Runtime,.NET / CLI,Managed runtime / AOT runtime,CLI languages / CIL,JIT / AOT / interpreter varies,CIL / native code / Wasm,Garbage collected,"Desktop, server, mobile, games, browser, embedded",Host-dependent,,,,,,,,,,,No comparable runtime-by-country global table populated,No robust per-runtime gender cross-tab populated,,https://learn.microsoft.com/en-us/dotnet/fundamentals/implementations
49,B,Boa Engine,JavaScript engines,Language engine / VM,JavaScript; some WebAssembly,Interpreter + JIT varies,Engine bytecode / machine code,Garbage collected,"Browsers, runtimes, embedded applications",Embedding host controls sandbox,,,,,,,,,,,No comparable runtime-by-country global table populated,No robust per-runtime gender cross-tab populated,,https://en.wikipedia.org/wiki/List_of_JavaScript_engines
50,B,Boehm GC Runtime,Other language runtimes,Language runtime / VM / execution environment,"Prolog, Tcl, AWK, Forth, Haxe, Dart and others",Interpreter / JIT / AOT / native varies,Language-specific bytecode / native / JS / Wasm,Varies,"CLI, server, desktop, browser, embedded",Host-dependent,,,,,,,,,,,No comparable runtime-by-country global table populated,No robust per-runtime gender cross-tab populated,,https://en.wikipedia.org/wiki/Comparison_of_application_virtualization_software
51,B,Browser JavaScript Runtime,Browser / Web,Browser execution environment,"JavaScript, WebAssembly",JIT + interpreter,ECMAScript / Wasm,Garbage collected,Web browser / embedded browser,Web sandbox + origin model,,V8 / SpiderMonkey / JavaScriptCore depending browser,2,9682,86.9,,,,,,No comparable runtime-by-country global table populated,No robust per-runtime gender cross-tab populated,,https://en.wikipedia.org/wiki/List_of_JavaScript_engines
52,B,Browser Main-Thread Runtime,Browser / Web,Browser execution environment,"JavaScript, WebAssembly",JIT + interpreter,ECMAScript / Wasm,Garbage collected,Web browser / embedded browser,Web sandbox + origin model,,V8 / SpiderMonkey / JavaScriptCore depending browser,,,,,,,,,No comparable runtime-by-country global table populated,No robust per-runtime gender cross-tab populated,,https://en.wikipedia.org/wiki/List_of_JavaScript_engines
53,B,Brython,Python,Language runtime / implementation,Python,Bytecode interpreter / JIT / AOT varies,Python bytecode / JVM / CLR / Wasm / native varies,Garbage collected / reference counting varies,"Server, desktop, browser, embedded",Host-dependent,,,,,,,,,,,No comparable runtime-by-country global table populated,No robust per-runtime gender cross-tab populated,,https://www.python.org/download/alternatives/
54,B,BSD libc,Native system runtimes,Runtime library / ABI layer,"C, C++ and native languages",Native execution support,Native machine code / ABI,Manual / language-specific,"Operating systems, embedded, native applications",OS process boundary,,,,,,,,,,,No comparable runtime-by-country global table populated,No robust per-runtime gender cross-tab populated,,https://en.wikipedia.org/wiki/Comparison_of_application_virtualization_software
55,B,Bun,JavaScript / TypeScript,Application runtime + toolchain,"JavaScript, TypeScript, JSX, TSX, WebAssembly",JIT + interpreter,JavaScript / TypeScript -> JavaScriptCore,Garbage collected,"Server, CLI, tooling",Process/OS permissions,Bun / Oven,Built on JavaScriptCore,3,2321,20.8,,,,,,No comparable runtime-by-country global table populated,No robust per-runtime gender cross-tab populated,"Runtime plus package manager, bundler and test runner.",https://bun.sh/docs/runtime
56,B,Bun JavaScriptCore Runtime,Other language runtimes,Language runtime / VM / execution environment,"Prolog, Tcl, AWK, Forth, Haxe, Dart and others",Interpreter / JIT / AOT / native varies,Language-specific bytecode / native / JS / Wasm,Varies,"CLI, server, desktop, browser, embedded",Host-dependent,,,,,,,,,,,No comparable runtime-by-country global table populated,No robust per-runtime gender cross-tab populated,,https://en.wikipedia.org/wiki/Comparison_of_application_virtualization_software
57,B,BusyBox awk Runtime,Other language runtimes,Language runtime / VM / execution environment,"Prolog, Tcl, AWK, Forth, Haxe, Dart and others",Interpreter / JIT / AOT / native varies,Language-specific bytecode / native / JS / Wasm,Varies,"CLI, server, desktop, browser, embedded",Host-dependent,,,,,,,,,,,No comparable runtime-by-country global table populated,No robust per-runtime gender cross-tab populated,,https://en.wikipedia.org/wiki/Comparison_of_application_virtualization_software
58,C,CACAO,JVM,JVM implementation / managed runtime,Java bytecode / JVM languages,Interpreter + tiered JIT / AOT varies,JVM bytecode,Garbage collected,"Server, desktop, cloud, embedded",Managed runtime; process boundary,,,,,,,,,,,No comparable runtime-by-country global table populated,No robust per-runtime gender cross-tab populated,,https://en.wikipedia.org/wiki/List_of_Java_virtual_machines
59,C,CACAO VM,JVM,JVM implementation / managed runtime,Java bytecode / JVM languages,Interpreter + tiered JIT / AOT varies,JVM bytecode,Garbage collected,"Server, desktop, cloud, embedded",Managed runtime; process boundary,,,,,,,,,,,No comparable runtime-by-country global table populated,No robust per-runtime gender cross-tab populated,,https://en.wikipedia.org/wiki/List_of_Java_virtual_machines
60,C,Carakan,JavaScript engines,Language engine / VM,JavaScript; some WebAssembly,Interpreter + JIT varies,Engine bytecode / machine code,Garbage collected,"Browsers, runtimes, embedded applications",Embedding host controls sandbox,,,,,,,,,,,No comparable runtime-by-country global table populated,No robust per-runtime gender cross-tab populated,,https://en.wikipedia.org/wiki/List_of_JavaScript_engines
61,C,Cardinal Ruby,Ruby,Language runtime / VM / JIT,Ruby,Interpreter / bytecode VM / JIT / AOT varies,YARV bytecode / JVM bytecode / native / JavaScript varies,Garbage collected,"Server, desktop, embedded, browser",Host-dependent,,,,,,,,,,,No comparable runtime-by-country global table populated,No robust per-runtime gender cross-tab populated,,https://en.wikipedia.org/wiki/Comparison_of_application_virtualization_software
62,C,Chakra,JavaScript engines,Language engine / VM,JavaScript; some WebAssembly,Interpreter + JIT varies,Engine bytecode / machine code,Garbage collected,"Browsers, runtimes, embedded applications",Embedding host controls sandbox,,,,,,,,,,,No comparable runtime-by-country global table populated,No robust per-runtime gender cross-tab populated,,https://en.wikipedia.org/wiki/List_of_JavaScript_engines
63,C,ChakraCore,JavaScript engines,Language engine / VM,JavaScript; some WebAssembly,Interpreter + JIT varies,Engine bytecode / machine code,Garbage collected,"Browsers, runtimes, embedded applications",Embedding host controls sandbox,,,8,33,0.3,,,,,,No comparable runtime-by-country global table populated,No robust per-runtime gender cross-tab populated,,https://en.wikipedia.org/wiki/List_of_JavaScript_engines
64,C,Chez Scheme Runtime,Lisp / Scheme / Clojure,Language runtime / compiler runtime,"Common Lisp, Scheme, Clojure",Native compiler / bytecode interpreter / JVM / JS varies,Native / JVM bytecode / VM bytecode,Garbage collected,"Server, desktop, scripting, embedded",Host-dependent,,,,,,,,,,,No comparable runtime-by-country global table populated,No robust per-runtime gender cross-tab populated,,https://en.wikipedia.org/wiki/List_of_Lisp_software_and_tools
65,C,Chez Scheme VM,Other language runtimes,Language runtime / VM / execution environment,"Prolog, Tcl, AWK, Forth, Haxe, Dart and others",Interpreter / JIT / AOT / native varies,Language-specific bytecode / native / JS / Wasm,Varies,"CLI, server, desktop, browser, embedded",Host-dependent,,,,,,,,,,,No comparable runtime-by-country global table populated,No robust per-runtime gender cross-tab populated,,https://en.wikipedia.org/wiki/Comparison_of_application_virtualization_software
66,C,Chibi Scheme Runtime,Lisp / Scheme / Clojure,Language runtime / compiler runtime,"Common Lisp, Scheme, Clojure",Native compiler / bytecode interpreter / JVM / JS varies,Native / JVM bytecode / VM bytecode,Garbage collected,"Server, desktop, scripting, embedded",Host-dependent,,,,,,,,,,,No comparable runtime-by-country global table populated,No robust per-runtime gender cross-tab populated,,https://en.wikipedia.org/wiki/List_of_Lisp_software_and_tools
67,C,Chicken Scheme Runtime,Lisp / Scheme / Clojure,Language runtime / compiler runtime,"Common Lisp, Scheme, Clojure",Native compiler / bytecode interpreter / JVM / JS varies,Native / JVM bytecode / VM bytecode,Garbage collected,"Server, desktop, scripting, embedded",Host-dependent,,,,,,,,,,,No comparable runtime-by-country global table populated,No robust per-runtime gender cross-tab populated,,https://en.wikipedia.org/wiki/List_of_Lisp_software_and_tools
68,C,Chicory,WebAssembly / WASI,WebAssembly runtime / engine,"WebAssembly, WASI components",Interpreter / JIT / AOT varies,Wasm / Component Model,Sandboxed linear memory,"Server, edge, embedded, plugins, blockchain",Wasm sandbox + capability model when WASI is used,,,,,,,,,,,No comparable runtime-by-country global table populated,No robust per-runtime gender cross-tab populated,,https://github.com/appcypher/awesome-wasm-runtimes
69,C,Chromium Renderer JavaScript Environment,Browser / Web,Browser execution environment,"JavaScript, WebAssembly",JIT + interpreter,ECMAScript / Wasm,Garbage collected,Web browser / embedded browser,Web sandbox + origin model,,V8 / SpiderMonkey / JavaScriptCore depending browser,,,,,,,,,No comparable runtime-by-country global table populated,No robust per-runtime gender cross-tab populated,,https://en.wikipedia.org/wiki/List_of_JavaScript_engines
70,C,Ciao Prolog Runtime,Other language runtimes,Language runtime / VM / execution environment,"Prolog, Tcl, AWK, Forth, Haxe, Dart and others",Interpreter / JIT / AOT / native varies,Language-specific bytecode / native / JS / Wasm,Varies,"CLI, server, desktop, browser, embedded",Host-dependent,,,,,,,,,,,No comparable runtime-by-country global table populated,No robust per-runtime gender cross-tab populated,,https://en.wikipedia.org/wiki/Comparison_of_application_virtualization_software
71,C,CircuitPython,Python,Language runtime / implementation,Python,Bytecode interpreter / JIT / AOT varies,Python bytecode / JVM / CLR / Wasm / native varies,Garbage collected / reference counting varies,"Server, desktop, browser, embedded",Host-dependent,,,,,,,,,,,No comparable runtime-by-country global table populated,No robust per-runtime gender cross-tab populated,,https://www.python.org/download/alternatives/
72,C,CircuitPython Runtime,Embedded / constrained,Embedded runtime / VM,"Java ME, .NET, Python, JavaScript, Ruby, Lua, Go, WebAssembly",Interpreter / AOT / JIT varies,Bytecode / native / Wasm,Small-footprint managed or manual,"Microcontrollers, IoT, RTOS",Device/firmware constraints,,,,,,,,,,,No comparable runtime-by-country global table populated,No robust per-runtime gender cross-tab populated,,https://en.wikipedia.org/wiki/Comparison_of_application_virtualization_software
73,C,Clasp Runtime,Lisp / Scheme / Clojure,Language runtime / compiler runtime,"Common Lisp, Scheme, Clojure",Native compiler / bytecode interpreter / JVM / JS varies,Native / JVM bytecode / VM bytecode,Garbage collected,"Server, desktop, scripting, embedded",Host-dependent,,,,,,,,,,,No comparable runtime-by-country global table populated,No robust per-runtime gender cross-tab populated,,https://en.wikipedia.org/wiki/List_of_Lisp_software_and_tools
74,C,CLDC KVM,Embedded / constrained,Embedded runtime / VM,"Java ME, .NET, Python, JavaScript, Ruby, Lua, Go, WebAssembly",Interpreter / AOT / JIT varies,Bytecode / native / Wasm,Small-footprint managed or manual,"Microcontrollers, IoT, RTOS",Device/firmware constraints,,,,,,,,,,,No comparable runtime-by-country global table populated,No robust per-runtime gender cross-tab populated,,https://en.wikipedia.org/wiki/Comparison_of_application_virtualization_software
75,C,ClearScript V8,JavaScript engines,Language engine / VM,JavaScript; some WebAssembly,Interpreter + JIT varies,Engine bytecode / machine code,Garbage collected,"Browsers, runtimes, embedded applications",Embedding host controls sandbox,,,,,,,,,,,No comparable runtime-by-country global table populated,No robust per-runtime gender cross-tab populated,,https://en.wikipedia.org/wiki/List_of_JavaScript_engines
76,C,CLISP Runtime,Lisp / Scheme / Clojure,Language runtime / compiler runtime,"Common Lisp, Scheme, Clojure",Native compiler / bytecode interpreter / JVM / JS varies,Native / JVM bytecode / VM bytecode,Garbage collected,"Server, desktop, scripting, embedded",Host-dependent,,,,,,,,,,,No comparable runtime-by-country global table populated,No robust per-runtime gender cross-tab populated,,https://en.wikipedia.org/wiki/List_of_Lisp_software_and_tools
77,C,Clojerl Runtime,BEAM / Erlang,Concurrent VM / runtime system,"Erlang, Elixir, Gleam, LFE and BEAM languages",Bytecode interpreter + JIT / AOT variants,BEAM bytecode,Per-process GC / managed memory,"Server, distributed systems, embedded",Process isolation inside VM + OS boundary,Erlang/OTP ecosystem,,,,,,,,,,No comparable runtime-by-country global table populated,No robust per-runtime gender cross-tab populated,,https://www.erlang.org/docs/27/system/system_principles.html
78,C,Clojure JVM Runtime,Lisp / Scheme / Clojure,Language runtime / compiler runtime,"Common Lisp, Scheme, Clojure",Native compiler / bytecode interpreter / JVM / JS varies,Native / JVM bytecode / VM bytecode,Garbage collected,"Server, desktop, scripting, embedded",Host-dependent,,,,,,,,,,,No comparable runtime-by-country global table populated,No robust per-runtime gender cross-tab populated,,https://en.wikipedia.org/wiki/List_of_Lisp_software_and_tools
79,C,ClojureCLR Runtime,Lisp / Scheme / Clojure,Language runtime / compiler runtime,"Common Lisp, Scheme, Clojure",Native compiler / bytecode interpreter / JVM / JS varies,Native / JVM bytecode / VM bytecode,Garbage collected,"Server, desktop, scripting, embedded",Host-dependent,,,,,,,,,,,No comparable runtime-by-country global table populated,No robust per-runtime gender cross-tab populated,,https://en.wikipedia.org/wiki/List_of_Lisp_software_and_tools
80,C,ClojureScript JavaScript Runtime,Lisp / Scheme / Clojure,Language runtime / compiler runtime,"Common Lisp, Scheme, Clojure",Native compiler / bytecode interpreter / JVM / JS varies,Native / JVM bytecode / VM bytecode,Garbage collected,"Server, desktop, scripting, embedded",Host-dependent,,,,,,,,,,,No comparable runtime-by-country global table populated,No robust per-runtime gender cross-tab populated,,https://en.wikipedia.org/wiki/List_of_Lisp_software_and_tools
81,C,Cloudflare Workers Runtime,Edge / serverless,Managed execution platform,Multi-language / JavaScript / WebAssembly varies,Managed process / isolate / Wasm execution,Provider-defined,Provider-managed,Cloud / edge,Provider sandbox / isolate / container boundary,,,5,1294,11.6,2,1702,17.7,,,No comparable runtime-by-country global table populated,No robust per-runtime gender cross-tab populated,Execution platform rather than a standalone language VM; overlaps cloud/serverless taxonomy.,https://2025.stateofjs.com/en-US/other-tools/
82,C,Clozure CL Runtime,Lisp / Scheme / Clojure,Language runtime / compiler runtime,"Common Lisp, Scheme, Clojure",Native compiler / bytecode interpreter / JVM / JS varies,Native / JVM bytecode / VM bytecode,Garbage collected,"Server, desktop, scripting, embedded",Host-dependent,,,,,,,,,,,No comparable runtime-by-country global table populated,No robust per-runtime gender cross-tab populated,,https://en.wikipedia.org/wiki/List_of_Lisp_software_and_tools
83,C,CLPython,Python,Language runtime / implementation,Python,Bytecode interpreter / JIT / AOT varies,Python bytecode / JVM / CLR / Wasm / native varies,Garbage collected / reference counting varies,"Server, desktop, browser, embedded",Host-dependent,,,,,,,,,,,No comparable runtime-by-country global table populated,No robust per-runtime gender cross-tab populated,,https://www.python.org/download/alternatives/
84,C,CMUCL Runtime,Lisp / Scheme / Clojure,Language runtime / compiler runtime,"Common Lisp, Scheme, Clojure",Native compiler / bytecode interpreter / JVM / JS varies,Native / JVM bytecode / VM bytecode,Garbage collected,"Server, desktop, scripting, embedded",Host-dependent,,,,,,,,,,,No comparable runtime-by-country global table populated,No robust per-runtime gender cross-tab populated,,https://en.wikipedia.org/wiki/List_of_Lisp_software_and_tools
85,C,Codon Runtime,Python,Language runtime / implementation,Python,Bytecode interpreter / JIT / AOT varies,Python bytecode / JVM / CLR / Wasm / native varies,Garbage collected / reference counting varies,"Server, desktop, browser, embedded",Host-dependent,,,,,,,,,,,No comparable runtime-by-country global table populated,No robust per-runtime gender cross-tab populated,,https://www.python.org/download/alternatives/
86,C,Cog VM,Smalltalk / Self,Object VM / language runtime,"Smalltalk, Self, Newspeak",Bytecode interpreter + JIT varies,Smalltalk bytecode / object memory,Garbage collected,"Desktop, research, server, browser",Host-dependent,,,,,,,,,,,No comparable runtime-by-country global table populated,No robust per-runtime gender cross-tab populated,,https://opensmalltalk.org/
87,C,Common Language Runtime (CLR),.NET / CLI,Managed runtime / CLI VES implementation,"C#, F#, Visual Basic .NET, CLI languages",JIT + optional AOT,CIL / metadata,Garbage collected,"Server, desktop, cloud, mobile",Managed runtime; OS process/application isolation,Microsoft / .NET,,,,,,,,,,No comparable runtime-by-country global table populated,No robust per-runtime gender cross-tab populated,,https://learn.microsoft.com/en-us/dotnet/fundamentals/implementations
88,C,compiler-rt,Native system runtimes,Runtime library / ABI layer,"C, C++ and native languages",Native execution support,Native machine code / ABI,Manual / language-specific,"Operating systems, embedded, native applications",OS process boundary,,,,,,,,,,,No comparable runtime-by-country global table populated,No robust per-runtime gender cross-tab populated,,https://en.wikipedia.org/wiki/Comparison_of_application_virtualization_software
89,C,Continuum JavaScript Runtime,JavaScript / TypeScript,Application runtime,JavaScript / TypeScript,Interpreter / JIT / AOT varies,JavaScript source / engine-specific bytecode,Garbage collected,Server / embedded / edge / experimental,Host-dependent,,,,,,,,,,,No comparable runtime-by-country global table populated,No robust per-runtime gender cross-tab populated,,https://en.wikipedia.org/wiki/List_of_JavaScript_engines
90,C,CoreCLR,.NET / CLI,Managed runtime / CLI VES implementation,"C#, F#, Visual Basic .NET, CLI languages",JIT + optional AOT,CIL / metadata,Garbage collected,"Server, desktop, cloud, mobile",Managed runtime; OS process/application isolation,Microsoft / .NET,,,,,,,,,,No comparable runtime-by-country global table populated,No robust per-runtime gender cross-tab populated,,https://learn.microsoft.com/en-us/dotnet/fundamentals/implementations
91,C,CoreCLR JIT / RyuJIT,.NET / CLI,Managed runtime / AOT runtime,CLI languages / CIL,JIT / AOT / interpreter varies,CIL / native code / Wasm,Garbage collected,"Desktop, server, mobile, games, browser, embedded",Host-dependent,,,,,,,,,,,No comparable runtime-by-country global table populated,No robust per-runtime gender cross-tab populated,,https://learn.microsoft.com/en-us/dotnet/fundamentals/implementations
92,C,CoreRT,.NET / CLI,Managed runtime / AOT runtime,CLI languages / CIL,JIT / AOT / interpreter varies,CIL / native code / Wasm,Garbage collected,"Desktop, server, mobile, games, browser, embedded",Host-dependent,,,,,,,,,,,No comparable runtime-by-country global table populated,No robust per-runtime gender cross-tab populated,,https://learn.microsoft.com/en-us/dotnet/fundamentals/implementations
93,C,Cosmos IL2CPU Runtime,.NET / CLI,Managed runtime / AOT runtime,CLI languages / CIL,JIT / AOT / interpreter varies,CIL / native code / Wasm,Garbage collected,"Desktop, server, mobile, games, browser, embedded",Host-dependent,,,,,,,,,,,No comparable runtime-by-country global table populated,No robust per-runtime gender cross-tab populated,,https://learn.microsoft.com/en-us/dotnet/fundamentals/implementations
94,C,CosmWasm VM,WebAssembly / WASI,WebAssembly runtime / engine,"WebAssembly, WASI components",Interpreter / JIT / AOT varies,Wasm / Component Model,Sandboxed linear memory,"Server, edge, embedded, plugins, blockchain",Wasm sandbox + capability model when WASI is used,,,,,,,,,,,No comparable runtime-by-country global table populated,No robust per-runtime gender cross-tab populated,,https://github.com/appcypher/awesome-wasm-runtimes
95,C,CPython,Python,Language runtime / implementation,Python,Bytecode interpreter / JIT / AOT varies,Python bytecode / JVM / CLR / Wasm / native varies,Garbage collected / reference counting varies,"Server, desktop, browser, embedded",Host-dependent,,,,,,,,,,,No comparable runtime-by-country global table populated,No robust per-runtime gender cross-tab populated,,https://www.python.org/download/alternatives/
96,C,Crossgen2 Runtime,.NET / CLI,Managed runtime / AOT runtime,CLI languages / CIL,JIT / AOT / interpreter varies,CIL / native code / Wasm,Garbage collected,"Desktop, server, mobile, games, browser, embedded",Host-dependent,,,,,,,,,,,No comparable runtime-by-country global table populated,No robust per-runtime gender cross-tab populated,,https://learn.microsoft.com/en-us/dotnet/fundamentals/implementations
97,C,CRuby / MRI,Ruby,Language runtime / VM / JIT,Ruby,Interpreter / bytecode VM / JIT / AOT varies,YARV bytecode / JVM bytecode / native / JavaScript varies,Garbage collected,"Server, desktop, embedded, browser",Host-dependent,,,,,,,,,,,No comparable runtime-by-country global table populated,No robust per-runtime gender cross-tab populated,,https://en.wikipedia.org/wiki/Comparison_of_application_virtualization_software
98,C,Crystal GC Runtime,Other language runtimes,Language runtime / VM / execution environment,"Prolog, Tcl, AWK, Forth, Haxe, Dart and others",Interpreter / JIT / AOT / native varies,Language-specific bytecode / native / JS / Wasm,Varies,"CLI, server, desktop, browser, embedded",Host-dependent,,,,,,,,,,,No comparable runtime-by-country global table populated,No robust per-runtime gender cross-tab populated,,https://en.wikipedia.org/wiki/Comparison_of_application_virtualization_software
99,C,Crystal Runtime,Native / compiled-language runtime systems,Runtime system / execution engine,"Go, Haskell, OCaml, Julia, R, Swift, Kotlin Native, Rust, Zig, Nim, D, Ada, Fortran and others",Native compiled / JIT / bytecode varies,Native code / LLVM IR / language-specific IR,Manual / GC / ARC / ownership varies,Native desktop/server/embedded,OS process boundary,,,,,,,,,,,No comparable runtime-by-country global table populated,No robust per-runtime gender cross-tab populated,,https://en.wikipedia.org/wiki/Comparison_of_application_virtualization_software
100,C,CUDA Driver Runtime,GPU / accelerator,Accelerator execution runtime,"CUDA, HIP, OpenCL, SYCL, C/C++, accelerator kernels",JIT / AOT / device execution,PTX / SPIR-V / native GPU code,Host/device managed,GPU / accelerator computing,Driver/device boundary,,,,,,,,,,,No comparable runtime-by-country global table populated,No robust per-runtime gender cross-tab populated,,https://docs.nvidia.com/cuda/cuda-runtime-api/index.html
101,C,CUDA PTX JIT Runtime,GPU / accelerator,Accelerator execution runtime,"CUDA, HIP, OpenCL, SYCL, C/C++, accelerator kernels",JIT / AOT / device execution,PTX / SPIR-V / native GPU code,Host/device managed,GPU / accelerator computing,Driver/device boundary,,,,,,,,,,,No comparable runtime-by-country global table populated,No robust per-runtime gender cross-tab populated,,https://docs.nvidia.com/cuda/cuda-runtime-api/index.html
102,C,CUDA Runtime,GPU / accelerator,Accelerator execution runtime,"CUDA, HIP, OpenCL, SYCL, C/C++, accelerator kernels",JIT / AOT / device execution,PTX / SPIR-V / native GPU code,Host/device managed,GPU / accelerator computing,Driver/device boundary,NVIDIA,,,,,,,,,,No comparable runtime-by-country global table populated,No robust per-runtime gender cross-tab populated,CUDA runtime API and execution environment for NVIDIA GPU workloads.,https://docs.nvidia.com/cuda/cuda-runtime-api/index.html
103,C,Cyclone Scheme Runtime,Lisp / Scheme / Clojure,Language runtime / compiler runtime,"Common Lisp, Scheme, Clojure",Native compiler / bytecode interpreter / JVM / JS varies,Native / JVM bytecode / VM bytecode,Garbage collected,"Server, desktop, scripting, embedded",Host-dependent,,,,,,,,,,,No comparable runtime-by-country global table populated,No robust per-runtime gender cross-tab populated,,https://en.wikipedia.org/wiki/List_of_Lisp_software_and_tools
104,C,Cygwin Runtime,Native system runtimes,Runtime library / ABI layer,"C, C++ and native languages",Native execution support,Native machine code / ABI,Manual / language-specific,"Operating systems, embedded, native applications",OS process boundary,,,,,,,,,,,No comparable runtime-by-country global table populated,No robust per-runtime gender cross-tab populated,,https://en.wikipedia.org/wiki/Comparison_of_application_virtualization_software
105,D,D Runtime (DRuntime),Native / compiled-language runtime systems,Runtime system / execution engine,"Go, Haskell, OCaml, Julia, R, Swift, Kotlin Native, Rust, Zig, Nim, D, Ada, Fortran and others",Native compiled / JIT / bytecode varies,Native code / LLVM IR / language-specific IR,Manual / GC / ARC / ownership varies,Native desktop/server/embedded,OS process boundary,,,,,,,,,,,No comparable runtime-by-country global table populated,No robust per-runtime gender cross-tab populated,,https://en.wikipedia.org/wiki/Comparison_of_application_virtualization_software
106,D,Dalvik Virtual Machine,Android,Mobile managed runtime,DEX bytecode; Java/Kotlin and other Android languages,Interpreter + JIT + AOT,DEX / OAT / native code,Garbage collected,Android devices,Per-app process and Android sandbox,Google / Android Open Source Project,,,,,,,,,,No comparable runtime-by-country global table populated,No robust per-runtime gender cross-tab populated,,https://developer.android.com/guide/platform
107,D,Dart AOT Runtime,Other language runtimes,Language runtime / VM / execution environment,"Prolog, Tcl, AWK, Forth, Haxe, Dart and others",Interpreter / JIT / AOT / native varies,Language-specific bytecode / native / JS / Wasm,Varies,"CLI, server, desktop, browser, embedded",Host-dependent,,,,,,,,,,,No comparable runtime-by-country global table populated,No robust per-runtime gender cross-tab populated,,https://en.wikipedia.org/wiki/Comparison_of_application_virtualization_software
108,D,Dart JIT Runtime,Other language runtimes,Language runtime / VM / execution environment,"Prolog, Tcl, AWK, Forth, Haxe, Dart and others",Interpreter / JIT / AOT / native varies,Language-specific bytecode / native / JS / Wasm,Varies,"CLI, server, desktop, browser, embedded",Host-dependent,,,,,,,,,,,No comparable runtime-by-country global table populated,No robust per-runtime gender cross-tab populated,,https://en.wikipedia.org/wiki/Comparison_of_application_virtualization_software
109,D,Dart VM,Other language runtimes,Language runtime / VM / execution environment,"Prolog, Tcl, AWK, Forth, Haxe, Dart and others",Interpreter / JIT / AOT / native varies,Language-specific bytecode / native / JS / Wasm,Varies,"CLI, server, desktop, browser, embedded",Host-dependent,,,,,,,,,,,No comparable runtime-by-country global table populated,No robust per-runtime gender cross-tab populated,,https://en.wikipedia.org/wiki/Comparison_of_application_virtualization_software
110,D,Dart Wasm Runtime,Other language runtimes,Language runtime / VM / execution environment,"Prolog, Tcl, AWK, Forth, Haxe, Dart and others",Interpreter / JIT / AOT / native varies,Language-specific bytecode / native / JS / Wasm,Varies,"CLI, server, desktop, browser, embedded",Host-dependent,,,,,,,,,,,No comparable runtime-by-country global table populated,No robust per-runtime gender cross-tab populated,,https://en.wikipedia.org/wiki/Comparison_of_application_virtualization_software
111,D,Dart2JS Browser Runtime,Other language runtimes,Language runtime / VM / execution environment,"Prolog, Tcl, AWK, Forth, Haxe, Dart and others",Interpreter / JIT / AOT / native varies,Language-specific bytecode / native / JS / Wasm,Varies,"CLI, server, desktop, browser, embedded",Host-dependent,,,,,,,,,,,No comparable runtime-by-country global table populated,No robust per-runtime gender cross-tab populated,,https://en.wikipedia.org/wiki/Comparison_of_application_virtualization_software
112,D,Deno,JavaScript / TypeScript,Application runtime,"JavaScript, TypeScript, WebAssembly",JIT + interpreter,JavaScript / TypeScript -> V8; Wasm,Garbage collected,"Server, CLI, edge, tooling",Permission-based sandbox by default,Deno Land,Built on V8,6,1244,11.2,7,379,4.0,24,4.0,No comparable runtime-by-country global table populated,No robust per-runtime gender cross-tab populated,TypeScript-first runtime with secure-by-default permissions.,https://docs.deno.com/runtime/
113,D,Deno Deploy Runtime,Edge / serverless,Managed execution platform,Multi-language / JavaScript / WebAssembly varies,Managed process / isolate / Wasm execution,Provider-defined,Provider-managed,Cloud / edge,Provider sandbox / isolate / container boundary,,,,,,,,,,,No comparable runtime-by-country global table populated,No robust per-runtime gender cross-tab populated,Execution platform rather than a standalone language VM; overlaps cloud/serverless taxonomy.,https://2025.stateofjs.com/en-US/other-tools/
114,D,Deno V8 Runtime,Other language runtimes,Language runtime / VM / execution environment,"Prolog, Tcl, AWK, Forth, Haxe, Dart and others",Interpreter / JIT / AOT / native varies,Language-specific bytecode / native / JS / Wasm,Varies,"CLI, server, desktop, browser, embedded",Host-dependent,,,,,,,,,,,No comparable runtime-by-country global table populated,No robust per-runtime gender cross-tab populated,,https://en.wikipedia.org/wiki/Comparison_of_application_virtualization_software
115,D,DFG JIT,JavaScript engines,Language engine / VM,JavaScript; some WebAssembly,Interpreter + JIT varies,Engine bytecode / machine code,Garbage collected,"Browsers, runtimes, embedded applications",Embedding host controls sandbox,,,,,,,,,,,No comparable runtime-by-country global table populated,No robust per-runtime gender cross-tab populated,,https://en.wikipedia.org/wiki/List_of_JavaScript_engines
116,D,dietlibc,Native system runtimes,Runtime library / ABI layer,"C, C++ and native languages",Native execution support,Native machine code / ABI,Manual / language-specific,"Operating systems, embedded, native applications",OS process boundary,,,,,,,,,,,No comparable runtime-by-country global table populated,No robust per-runtime gender cross-tab populated,,https://en.wikipedia.org/wiki/Comparison_of_application_virtualization_software
117,D,DigitalOcean Functions Runtime,Edge / serverless,Managed execution platform,Multi-language / JavaScript / WebAssembly varies,Managed process / isolate / Wasm execution,Provider-defined,Provider-managed,Cloud / edge,Provider sandbox / isolate / container boundary,,,,,,9,155,1.6,,,No comparable runtime-by-country global table populated,No robust per-runtime gender cross-tab populated,Execution platform rather than a standalone language VM; overlaps cloud/serverless taxonomy.,https://2025.stateofjs.com/en-US/other-tools/
118,D,Dis Virtual Machine,Historical / portable VMs,Virtual machine / educational or legacy runtime,Various,Interpreter / JIT / AOT varies,Portable bytecode / IR,Varies,"Historical, research, legacy systems",Host-dependent,,,,,,,,,,,No comparable runtime-by-country global table populated,No robust per-runtime gender cross-tab populated,,https://en.wikipedia.org/wiki/Comparison_of_application_virtualization_software
119,D,DMDScript,JavaScript engines,Language engine / VM,JavaScript; some WebAssembly,Interpreter + JIT varies,Engine bytecode / machine code,Garbage collected,"Browsers, runtimes, embedded applications",Embedding host controls sandbox,,,,,,,,,,,No comparable runtime-by-country global table populated,No robust per-runtime gender cross-tab populated,,https://en.wikipedia.org/wiki/List_of_JavaScript_engines
120,D,Dolphin Smalltalk VM,Smalltalk / Self,Object VM / language runtime,"Smalltalk, Self, Newspeak",Bytecode interpreter + JIT varies,Smalltalk bytecode / object memory,Garbage collected,"Desktop, research, server, browser",Host-dependent,,,,,,,,,,,No comparable runtime-by-country global table populated,No robust per-runtime gender cross-tab populated,,https://opensmalltalk.org/
121,D,DotGNU Portable.NET,.NET / CLI,Managed runtime / AOT runtime,CLI languages / CIL,JIT / AOT / interpreter varies,CIL / native code / Wasm,Garbage collected,"Desktop, server, mobile, games, browser, embedded",Host-dependent,,,,,,,,,,,No comparable runtime-by-country global table populated,No robust per-runtime gender cross-tab populated,,https://learn.microsoft.com/en-us/dotnet/fundamentals/implementations
122,D,Duktape,JavaScript engines,Language engine / VM,JavaScript; some WebAssembly,Interpreter + JIT varies,Engine bytecode / machine code,Garbage collected,"Browsers, runtimes, embedded applications",Embedding host controls sandbox,,,,,,,,,,,No comparable runtime-by-country global table populated,No robust per-runtime gender cross-tab populated,,https://en.wikipedia.org/wiki/List_of_JavaScript_engines
123,E,ECL Runtime,Lisp / Scheme / Clojure,Language runtime / compiler runtime,"Common Lisp, Scheme, Clojure",Native compiler / bytecode interpreter / JVM / JS varies,Native / JVM bytecode / VM bytecode,Garbage collected,"Server, desktop, scripting, embedded",Host-dependent,,,,,,,,,,,No comparable runtime-by-country global table populated,No robust per-runtime gender cross-tab populated,,https://en.wikipedia.org/wiki/List_of_Lisp_software_and_tools
124,E,Eclipse OpenJ9,JVM,JVM implementation / managed runtime,Java bytecode / JVM languages,Interpreter + tiered JIT / AOT varies,JVM bytecode,Garbage collected,"Server, desktop, cloud, embedded",Managed runtime; process boundary,Eclipse Foundation / IBM heritage,,,,,,,,,,No comparable runtime-by-country global table populated,No robust per-runtime gender cross-tab populated,"Independent JVM implementation optimized for performance, memory efficiency and cloud workloads.",https://eclipse.dev/openj9/docs/
125,E,ECLiPSe Prolog Runtime,Other language runtimes,Language runtime / VM / execution environment,"Prolog, Tcl, AWK, Forth, Haxe, Dart and others",Interpreter / JIT / AOT / native varies,Language-specific bytecode / native / JS / Wasm,Varies,"CLI, server, desktop, browser, embedded",Host-dependent,,,,,,,,,,,No comparable runtime-by-country global table populated,No robust per-runtime gender cross-tab populated,,https://en.wikipedia.org/wiki/Comparison_of_application_virtualization_software
126,E,Eclipse Temurin HotSpot,JVM,JVM implementation / managed runtime,Java bytecode / JVM languages,Interpreter + tiered JIT / AOT varies,JVM bytecode,Garbage collected,"Server, desktop, cloud, embedded",Managed runtime; process boundary,,,,,,,,,,,No comparable runtime-by-country global table populated,No robust per-runtime gender cross-tab populated,,https://en.wikipedia.org/wiki/List_of_Java_virtual_machines
127,E,Elixir Runtime on BEAM,BEAM / Erlang,Concurrent VM / runtime system,"Erlang, Elixir, Gleam, LFE and BEAM languages",Bytecode interpreter + JIT / AOT variants,BEAM bytecode,Per-process GC / managed memory,"Server, distributed systems, embedded",Process isolation inside VM + OS boundary,Erlang/OTP ecosystem,,,,,,,,,,No comparable runtime-by-country global table populated,No robust per-runtime gender cross-tab populated,,https://www.erlang.org/docs/27/system/system_principles.html
128,E,eLua,Lua,Language runtime / VM / JIT,Lua / Lua-derived languages,Interpreter / trace JIT / native varies,Lua bytecode / native / JavaScript / BEAM,Garbage collected,"Embedded, games, servers, scripting",Embedding host controls sandbox,,,,,,,,,,,No comparable runtime-by-country global table populated,No robust per-runtime gender cross-tab populated,,https://luajit.org/luajit.html
129,E,eLua Runtime,Embedded / constrained,Embedded runtime / VM,"Java ME, .NET, Python, JavaScript, Ruby, Lua, Go, WebAssembly",Interpreter / AOT / JIT varies,Bytecode / native / Wasm,Small-footprint managed or manual,"Microcontrollers, IoT, RTOS",Device/firmware constraints,,,,,,,,,,,No comparable runtime-by-country global table populated,No robust per-runtime gender cross-tab populated,,https://en.wikipedia.org/wiki/Comparison_of_application_virtualization_software
130,E,Emacs Lisp Runtime,Other language runtimes,Language runtime / VM / execution environment,"Prolog, Tcl, AWK, Forth, Haxe, Dart and others",Interpreter / JIT / AOT / native varies,Language-specific bytecode / native / JS / Wasm,Varies,"CLI, server, desktop, browser, embedded",Host-dependent,,,,,,,,,,,No comparable runtime-by-country global table populated,No robust per-runtime gender cross-tab populated,,https://en.wikipedia.org/wiki/Comparison_of_application_virtualization_software
131,E,EOS VM,WebAssembly / WASI,WebAssembly runtime / engine,"WebAssembly, WASI components",Interpreter / JIT / AOT varies,Wasm / Component Model,Sandboxed linear memory,"Server, edge, embedded, plugins, blockchain",Wasm sandbox + capability model when WASI is used,,,,,,,,,,,No comparable runtime-by-country global table populated,No robust per-runtime gender cross-tab populated,,https://github.com/appcypher/awesome-wasm-runtimes
132,E,Erjang,BEAM / Erlang,Concurrent VM / runtime system,"Erlang, Elixir, Gleam, LFE and BEAM languages",Bytecode interpreter + JIT / AOT variants,BEAM bytecode,Per-process GC / managed memory,"Server, distributed systems, embedded",Process isolation inside VM + OS boundary,Erlang/OTP ecosystem,,,,,,,,,,No comparable runtime-by-country global table populated,No robust per-runtime gender cross-tab populated,,https://www.erlang.org/docs/27/system/system_principles.html
133,E,ERTS (Erlang Runtime System),BEAM / Erlang,Concurrent VM / runtime system,"Erlang, Elixir, Gleam, LFE and BEAM languages",Bytecode interpreter + JIT / AOT variants,BEAM bytecode,Per-process GC / managed memory,"Server, distributed systems, embedded",Process isolation inside VM + OS boundary,Erlang/OTP,,,,,,,,,,No comparable runtime-by-country global table populated,No robust per-runtime gender cross-tab populated,Erlang runtime system including the VM and core runtime services.,https://www.erlang.org/docs/27/system/system_principles.html
134,E,Espresso (GraalVM),JVM,JVM implementation / managed runtime,Java bytecode / JVM languages,Interpreter + tiered JIT / AOT varies,JVM bytecode,Garbage collected,"Server, desktop, cloud, embedded",Managed runtime; process boundary,,,,,,,,,,,No comparable runtime-by-country global table populated,No robust per-runtime gender cross-tab populated,,https://en.wikipedia.org/wiki/List_of_Java_virtual_machines
135,E,Espruino JavaScript Engine,JavaScript engines,Language engine / VM,JavaScript; some WebAssembly,Interpreter + JIT varies,Engine bytecode / machine code,Garbage collected,"Browsers, runtimes, embedded applications",Embedding host controls sandbox,,,,,,,,,,,No comparable runtime-by-country global table populated,No robust per-runtime gender cross-tab populated,,https://en.wikipedia.org/wiki/List_of_JavaScript_engines
136,E,Espruino Runtime,Embedded / constrained,Embedded runtime / VM,"Java ME, .NET, Python, JavaScript, Ruby, Lua, Go, WebAssembly",Interpreter / AOT / JIT varies,Bytecode / native / Wasm,Small-footprint managed or manual,"Microcontrollers, IoT, RTOS",Device/firmware constraints,,,,,,,,,,,No comparable runtime-by-country global table populated,No robust per-runtime gender cross-tab populated,,https://en.wikipedia.org/wiki/Comparison_of_application_virtualization_software
137,E,Excelsior JET,JVM,JVM implementation / managed runtime,Java bytecode / JVM languages,Interpreter + tiered JIT / AOT varies,JVM bytecode,Garbage collected,"Server, desktop, cloud, embedded",Managed runtime; process boundary,,,,,,,,,,,No comparable runtime-by-country global table populated,No robust per-runtime gender cross-tab populated,,https://en.wikipedia.org/wiki/List_of_Java_virtual_machines
138,E,Extism Runtime,WebAssembly / WASI,WebAssembly runtime / engine,"WebAssembly, WASI components",Interpreter / JIT / AOT varies,Wasm / Component Model,Sandboxed linear memory,"Server, edge, embedded, plugins, blockchain",Wasm sandbox + capability model when WASI is used,,,,,,,,,,,No comparable runtime-by-country global table populated,No robust per-runtime gender cross-tab populated,,https://github.com/appcypher/awesome-wasm-runtimes
139,F,Factor VM,Other language runtimes,Language runtime / VM / execution environment,"Prolog, Tcl, AWK, Forth, Haxe, Dart and others",Interpreter / JIT / AOT / native varies,Language-specific bytecode / native / JS / Wasm,Varies,"CLI, server, desktop, browser, embedded",Host-dependent,,,,,,,,,,,No comparable runtime-by-country global table populated,No robust per-runtime gender cross-tab populated,,https://en.wikipedia.org/wiki/Comparison_of_application_virtualization_software
140,F,Fastly Compute Runtime,Edge / serverless,Managed execution platform,Multi-language / JavaScript / WebAssembly varies,Managed process / isolate / Wasm execution,Provider-defined,Provider-managed,Cloud / edge,Provider sandbox / isolate / container boundary,,,,,,,,,,,No comparable runtime-by-country global table populated,No robust per-runtime gender cross-tab populated,Execution platform rather than a standalone language VM; overlaps cloud/serverless taxonomy.,https://2025.stateofjs.com/en-US/other-tools/
141,F,FastR,Native / compiled-language runtime systems,Runtime system / execution engine,"Go, Haskell, OCaml, Julia, R, Swift, Kotlin Native, Rust, Zig, Nim, D, Ada, Fortran and others",Native compiled / JIT / bytecode varies,Native code / LLVM IR / language-specific IR,Manual / GC / ARC / ownership varies,Native desktop/server/embedded,OS process boundary,,,,,,,,,,,No comparable runtime-by-country global table populated,No robust per-runtime gender cross-tab populated,,https://en.wikipedia.org/wiki/Comparison_of_application_virtualization_software
142,F,Fengari,Lua,Language runtime / VM / JIT,Lua / Lua-derived languages,Interpreter / trace JIT / native varies,Lua bytecode / native / JavaScript / BEAM,Garbage collected,"Embedded, games, servers, scripting",Embedding host controls sandbox,,,,,,,,,,,No comparable runtime-by-country global table populated,No robust per-runtime gender cross-tab populated,,https://luajit.org/luajit.html
143,F,Fermyon Spin,WebAssembly / WASI,WebAssembly runtime / engine,"WebAssembly, WASI components",Interpreter / JIT / AOT varies,Wasm / Component Model,Sandboxed linear memory,"Server, edge, embedded, plugins, blockchain",Wasm sandbox + capability model when WASI is used,,,,,,,,,,,No comparable runtime-by-country global table populated,No robust per-runtime gender cross-tab populated,,https://github.com/appcypher/awesome-wasm-runtimes
144,F,Firefly / Lumen Runtime,BEAM / Erlang,Concurrent VM / runtime system,"Erlang, Elixir, Gleam, LFE and BEAM languages",Bytecode interpreter + JIT / AOT variants,BEAM bytecode,Per-process GC / managed memory,"Server, distributed systems, embedded",Process isolation inside VM + OS boundary,Erlang/OTP ecosystem,,,,,,,,,,No comparable runtime-by-country global table populated,No robust per-runtime gender cross-tab populated,,https://www.erlang.org/docs/27/system/system_principles.html
145,F,Firefox Gecko JavaScript Environment,Browser / Web,Browser execution environment,"JavaScript, WebAssembly",JIT + interpreter,ECMAScript / Wasm,Garbage collected,Web browser / embedded browser,Web sandbox + origin model,,V8 / SpiderMonkey / JavaScriptCore depending browser,,,,,,,,,No comparable runtime-by-country global table populated,No robust per-runtime gender cross-tab populated,,https://en.wikipedia.org/wiki/List_of_JavaScript_engines
146,F,Fizzy,WebAssembly / WASI,WebAssembly runtime / engine,"WebAssembly, WASI components",Interpreter / JIT / AOT varies,Wasm / Component Model,Sandboxed linear memory,"Server, edge, embedded, plugins, blockchain",Wasm sandbox + capability model when WASI is used,,,,,,,,,,,No comparable runtime-by-country global table populated,No robust per-runtime gender cross-tab populated,,https://github.com/appcypher/awesome-wasm-runtimes
147,F,Flutter Dart Runtime,Other language runtimes,Language runtime / VM / execution environment,"Prolog, Tcl, AWK, Forth, Haxe, Dart and others",Interpreter / JIT / AOT / native varies,Language-specific bytecode / native / JS / Wasm,Varies,"CLI, server, desktop, browser, embedded",Host-dependent,,,,,,,,,,,No comparable runtime-by-country global table populated,No robust per-runtime gender cross-tab populated,,https://en.wikipedia.org/wiki/Comparison_of_application_virtualization_software
148,F,Fly.io Machines Runtime,Edge / serverless,Managed execution platform,Multi-language / JavaScript / WebAssembly varies,Managed process / isolate / Wasm execution,Provider-defined,Provider-managed,Cloud / edge,Provider sandbox / isolate / container boundary,,,,,,8,249,2.6,,,No comparable runtime-by-country global table populated,No robust per-runtime gender cross-tab populated,Execution platform rather than a standalone language VM; overlaps cloud/serverless taxonomy.,https://2025.stateofjs.com/en-US/other-tools/
149,F,Forth VM,Other language runtimes,Language runtime / VM / execution environment,"Prolog, Tcl, AWK, Forth, Haxe, Dart and others",Interpreter / JIT / AOT / native varies,Language-specific bytecode / native / JS / Wasm,Varies,"CLI, server, desktop, browser, embedded",Host-dependent,,,,,,,,,,,No comparable runtime-by-country global table populated,No robust per-runtime gender cross-tab populated,,https://en.wikipedia.org/wiki/Comparison_of_application_virtualization_software
150,F,Fortran Runtime (libgfortran),Native / compiled-language runtime systems,Runtime system / execution engine,"Go, Haskell, OCaml, Julia, R, Swift, Kotlin Native, Rust, Zig, Nim, D, Ada, Fortran and others",Native compiled / JIT / bytecode varies,Native code / LLVM IR / language-specific IR,Manual / GC / ARC / ownership varies,Native desktop/server/embedded,OS process boundary,,,,,,,,,,,No comparable runtime-by-country global table populated,No robust per-runtime gender cross-tab populated,,https://en.wikipedia.org/wiki/Comparison_of_application_virtualization_software
151,F,FrankenPHP Runtime,PHP / Hack,Language runtime / VM,"PHP, Hack",Opcode VM / JIT / AOT varies,Zend opcodes / HHBC / CIL / native,Garbage collected + ref counting varies,"Web server, CLI, application server",Process/host-dependent,,,,,,,,,,,No comparable runtime-by-country global table populated,No robust per-runtime gender cross-tab populated,,https://wiki.php.net/internals/engine
152,F,Free Pascal Runtime Library,Native / compiled-language runtime systems,Runtime system / execution engine,"Go, Haskell, OCaml, Julia, R, Swift, Kotlin Native, Rust, Zig, Nim, D, Ada, Fortran and others",Native compiled / JIT / bytecode varies,Native code / LLVM IR / language-specific IR,Manual / GC / ARC / ownership varies,Native desktop/server/embedded,OS process boundary,,,,,,,,,,,No comparable runtime-by-country global table populated,No robust per-runtime gender cross-tab populated,,https://en.wikipedia.org/wiki/Comparison_of_application_virtualization_software
153,F,FTL JIT,JavaScript engines,Language engine / VM,JavaScript; some WebAssembly,Interpreter + JIT varies,Engine bytecode / machine code,Garbage collected,"Browsers, runtimes, embedded applications",Embedding host controls sandbox,,,,,,,,,,,No comparable runtime-by-country global table populated,No robust per-runtime gender cross-tab populated,,https://en.wikipedia.org/wiki/List_of_JavaScript_engines
154,F,Futhark JS Engine,JavaScript engines,Language engine / VM,JavaScript; some WebAssembly,Interpreter + JIT varies,Engine bytecode / machine code,Garbage collected,"Browsers, runtimes, embedded applications",Embedding host controls sandbox,,,,,,,,,,,No comparable runtime-by-country global table populated,No robust per-runtime gender cross-tab populated,,https://en.wikipedia.org/wiki/List_of_JavaScript_engines
155,G,Gambit Runtime,Lisp / Scheme / Clojure,Language runtime / compiler runtime,"Common Lisp, Scheme, Clojure",Native compiler / bytecode interpreter / JVM / JS varies,Native / JVM bytecode / VM bytecode,Garbage collected,"Server, desktop, scripting, embedded",Host-dependent,,,,,,,,,,,No comparable runtime-by-country global table populated,No robust per-runtime gender cross-tab populated,,https://en.wikipedia.org/wiki/List_of_Lisp_software_and_tools
156,G,Gauche Runtime,Lisp / Scheme / Clojure,Language runtime / compiler runtime,"Common Lisp, Scheme, Clojure",Native compiler / bytecode interpreter / JVM / JS varies,Native / JVM bytecode / VM bytecode,Garbage collected,"Server, desktop, scripting, embedded",Host-dependent,,,,,,,,,,,No comparable runtime-by-country global table populated,No robust per-runtime gender cross-tab populated,,https://en.wikipedia.org/wiki/List_of_Lisp_software_and_tools
157,G,gawk Runtime,Other language runtimes,Language runtime / VM / execution environment,"Prolog, Tcl, AWK, Forth, Haxe, Dart and others",Interpreter / JIT / AOT / native varies,Language-specific bytecode / native / JS / Wasm,Varies,"CLI, server, desktop, browser, embedded",Host-dependent,,,,,,,,,,,No comparable runtime-by-country global table populated,No robust per-runtime gender cross-tab populated,,https://en.wikipedia.org/wiki/Comparison_of_application_virtualization_software
158,G,gccgo libgo Runtime,Native / compiled-language runtime systems,Runtime system / execution engine,"Go, Haskell, OCaml, Julia, R, Swift, Kotlin Native, Rust, Zig, Nim, D, Ada, Fortran and others",Native compiled / JIT / bytecode varies,Native code / LLVM IR / language-specific IR,Manual / GC / ARC / ownership varies,Native desktop/server/embedded,OS process boundary,,,,,,,,,,,No comparable runtime-by-country global table populated,No robust per-runtime gender cross-tab populated,,https://en.wikipedia.org/wiki/Comparison_of_application_virtualization_software
159,G,GCL Runtime,Lisp / Scheme / Clojure,Language runtime / compiler runtime,"Common Lisp, Scheme, Clojure",Native compiler / bytecode interpreter / JVM / JS varies,Native / JVM bytecode / VM bytecode,Garbage collected,"Server, desktop, scripting, embedded",Host-dependent,,,,,,,,,,,No comparable runtime-by-country global table populated,No robust per-runtime gender cross-tab populated,,https://en.wikipedia.org/wiki/List_of_Lisp_software_and_tools
160,G,GemStone/S VM,Smalltalk / Self,Object VM / language runtime,"Smalltalk, Self, Newspeak",Bytecode interpreter + JIT varies,Smalltalk bytecode / object memory,Garbage collected,"Desktop, research, server, browser",Host-dependent,,,,,,,,,,,No comparable runtime-by-country global table populated,No robust per-runtime gender cross-tab populated,,https://opensmalltalk.org/
161,G,Gforth Runtime,Other language runtimes,Language runtime / VM / execution environment,"Prolog, Tcl, AWK, Forth, Haxe, Dart and others",Interpreter / JIT / AOT / native varies,Language-specific bytecode / native / JS / Wasm,Varies,"CLI, server, desktop, browser, embedded",Host-dependent,,,,,,,,,,,No comparable runtime-by-country global table populated,No robust per-runtime gender cross-tab populated,,https://en.wikipedia.org/wiki/Comparison_of_application_virtualization_software
162,G,GHC RTS,Haskell,Language runtime system,Haskell compiled by GHC,Native compiled runtime,Native machine code,Garbage collected,"Server, CLI, desktop",OS process boundary,GHC project,,,,,,,,,,No comparable runtime-by-country global table populated,No robust per-runtime gender cross-tab populated,"Handles storage management, thread scheduling, profiling and runtime services.",https://ghc.gitlab.haskell.org/ghc/doc/users_guide/runtime_control.html
163,G,GHC Runtime System (RTS),Native / compiled-language runtime systems,Runtime system / execution engine,"Go, Haskell, OCaml, Julia, R, Swift, Kotlin Native, Rust, Zig, Nim, D, Ada, Fortran and others",Native compiled / JIT / bytecode varies,Native code / LLVM IR / language-specific IR,Manual / GC / ARC / ownership varies,Native desktop/server/embedded,OS process boundary,GHC Project,,,,,,,,,,No comparable runtime-by-country global table populated,No robust per-runtime gender cross-tab populated,"Haskell runtime handling storage, thread scheduling, profiling and I/O services.",https://ghc.gitlab.haskell.org/ghc/doc/users_guide/runtime_control.html
164,G,GHCi Bytecode Interpreter,Native / compiled-language runtime systems,Runtime system / execution engine,"Go, Haskell, OCaml, Julia, R, Swift, Kotlin Native, Rust, Zig, Nim, D, Ada, Fortran and others",Native compiled / JIT / bytecode varies,Native code / LLVM IR / language-specific IR,Manual / GC / ARC / ownership varies,Native desktop/server/embedded,OS process boundary,,,,,,,,,,,No comparable runtime-by-country global table populated,No robust per-runtime gender cross-tab populated,,https://en.wikipedia.org/wiki/Comparison_of_application_virtualization_software
165,G,Gleam Runtime on BEAM,BEAM / Erlang,Concurrent VM / runtime system,"Erlang, Elixir, Gleam, LFE and BEAM languages",Bytecode interpreter + JIT / AOT variants,BEAM bytecode,Per-process GC / managed memory,"Server, distributed systems, embedded",Process isolation inside VM + OS boundary,Erlang/OTP ecosystem,,,,,,,,,,No comparable runtime-by-country global table populated,No robust per-runtime gender cross-tab populated,,https://www.erlang.org/docs/27/system/system_principles.html
166,G,glibc,Native system runtimes,Runtime library / ABI layer,"C, C++ and native languages",Native execution support,Native machine code / ABI,Manual / language-specific,"Operating systems, embedded, native applications",OS process boundary,,,,,,,,,,,No comparable runtime-by-country global table populated,No robust per-runtime gender cross-tab populated,,https://en.wikipedia.org/wiki/Comparison_of_application_virtualization_software
167,G,Glulx VM,Historical / portable VMs,Virtual machine / educational or legacy runtime,Various,Interpreter / JIT / AOT varies,Portable bytecode / IR,Varies,"Historical, research, legacy systems",Host-dependent,,,,,,,,,,,No comparable runtime-by-country global table populated,No robust per-runtime gender cross-tab populated,,https://en.wikipedia.org/wiki/Comparison_of_application_virtualization_software
168,G,GNAT Runtime Library,Native / compiled-language runtime systems,Runtime system / execution engine,"Go, Haskell, OCaml, Julia, R, Swift, Kotlin Native, Rust, Zig, Nim, D, Ada, Fortran and others",Native compiled / JIT / bytecode varies,Native code / LLVM IR / language-specific IR,Manual / GC / ARC / ownership varies,Native desktop/server/embedded,OS process boundary,,,,,,,,,,,No comparable runtime-by-country global table populated,No robust per-runtime gender cross-tab populated,,https://en.wikipedia.org/wiki/Comparison_of_application_virtualization_software
169,G,GNU COBOL Runtime,Native / compiled-language runtime systems,Runtime system / execution engine,"Go, Haskell, OCaml, Julia, R, Swift, Kotlin Native, Rust, Zig, Nim, D, Ada, Fortran and others",Native compiled / JIT / bytecode varies,Native code / LLVM IR / language-specific IR,Manual / GC / ARC / ownership varies,Native desktop/server/embedded,OS process boundary,,,,,,,,,,,No comparable runtime-by-country global table populated,No robust per-runtime gender cross-tab populated,,https://en.wikipedia.org/wiki/Comparison_of_application_virtualization_software
170,G,GNU Guile VM,Lisp / Scheme / Clojure,Language runtime / compiler runtime,"Common Lisp, Scheme, Clojure",Native compiler / bytecode interpreter / JVM / JS varies,Native / JVM bytecode / VM bytecode,Garbage collected,"Server, desktop, scripting, embedded",Host-dependent,,,,,,,,,,,No comparable runtime-by-country global table populated,No robust per-runtime gender cross-tab populated,,https://en.wikipedia.org/wiki/List_of_Lisp_software_and_tools
171,G,GNU libgcj / GCJ Runtime,JVM,JVM implementation / managed runtime,Java bytecode / JVM languages,Interpreter + tiered JIT / AOT varies,JVM bytecode,Garbage collected,"Server, desktop, cloud, embedded",Managed runtime; process boundary,,,,,,,,,,,No comparable runtime-by-country global table populated,No robust per-runtime gender cross-tab populated,,https://en.wikipedia.org/wiki/List_of_Java_virtual_machines
172,G,GNU Octave Runtime,Other language runtimes,Language runtime / VM / execution environment,"Prolog, Tcl, AWK, Forth, Haxe, Dart and others",Interpreter / JIT / AOT / native varies,Language-specific bytecode / native / JS / Wasm,Varies,"CLI, server, desktop, browser, embedded",Host-dependent,,,,,,,,,,,No comparable runtime-by-country global table populated,No robust per-runtime gender cross-tab populated,,https://en.wikipedia.org/wiki/Comparison_of_application_virtualization_software
173,G,GNU Portable.NET Runtime,Historical / portable VMs,Virtual machine / educational or legacy runtime,Various,Interpreter / JIT / AOT varies,Portable bytecode / IR,Varies,"Historical, research, legacy systems",Host-dependent,,,,,,,,,,,No comparable runtime-by-country global table populated,No robust per-runtime gender cross-tab populated,,https://en.wikipedia.org/wiki/Comparison_of_application_virtualization_software
174,G,GNU Prolog Runtime,Other language runtimes,Language runtime / VM / execution environment,"Prolog, Tcl, AWK, Forth, Haxe, Dart and others",Interpreter / JIT / AOT / native varies,Language-specific bytecode / native / JS / Wasm,Varies,"CLI, server, desktop, browser, embedded",Host-dependent,,,,,,,,,,,No comparable runtime-by-country global table populated,No robust per-runtime gender cross-tab populated,,https://en.wikipedia.org/wiki/Comparison_of_application_virtualization_software
175,G,GNU R Runtime,Native / compiled-language runtime systems,Runtime system / execution engine,"Go, Haskell, OCaml, Julia, R, Swift, Kotlin Native, Rust, Zig, Nim, D, Ada, Fortran and others",Native compiled / JIT / bytecode varies,Native code / LLVM IR / language-specific IR,Manual / GC / ARC / ownership varies,Native desktop/server/embedded,OS process boundary,,,,,,,,,,,No comparable runtime-by-country global table populated,No robust per-runtime gender cross-tab populated,,https://en.wikipedia.org/wiki/Comparison_of_application_virtualization_software
176,G,GNU Smalltalk VM,Smalltalk / Self,Object VM / language runtime,"Smalltalk, Self, Newspeak",Bytecode interpreter + JIT varies,Smalltalk bytecode / object memory,Garbage collected,"Desktop, research, server, browser",Host-dependent,,,,,,,,,,,No comparable runtime-by-country global table populated,No robust per-runtime gender cross-tab populated,,https://opensmalltalk.org/
177,G,Go Runtime,Native / compiled-language runtime systems,Runtime system / execution engine,"Go, Haskell, OCaml, Julia, R, Swift, Kotlin Native, Rust, Zig, Nim, D, Ada, Fortran and others",Native compiled / JIT / bytecode varies,Native code / LLVM IR / language-specific IR,Manual / GC / ARC / ownership varies,Native desktop/server/embedded,OS process boundary,Go Project,,,,,,,,,,No comparable runtime-by-country global table populated,No robust per-runtime gender cross-tab populated,"Runtime system providing goroutines, scheduling, GC, stacks and low-level runtime services.",https://pkg.go.dev/runtime
178,G,Go Runtime System,Go,Language runtime system,Go,Native compiled runtime,Native machine code,Garbage collected,"Server, CLI, cloud",OS process boundary,Go project,,,,,,,,,,No comparable runtime-by-country global table populated,No robust per-runtime gender cross-tab populated,"Provides goroutine scheduling, garbage collection, stack management and runtime services.",https://pkg.go.dev/runtime
179,G,goja,JavaScript engines,Language engine / VM,JavaScript; some WebAssembly,Interpreter + JIT varies,Engine bytecode / machine code,Garbage collected,"Browsers, runtimes, embedded applications",Embedding host controls sandbox,,,,,,,,,,,No comparable runtime-by-country global table populated,No robust per-runtime gender cross-tab populated,,https://en.wikipedia.org/wiki/List_of_JavaScript_engines
180,G,Google Cloud Functions Runtime,Edge / serverless,Managed execution platform,Multi-language / JavaScript / WebAssembly varies,Managed process / isolate / Wasm execution,Provider-defined,Provider-managed,Cloud / edge,Provider sandbox / isolate / container boundary,,,,,,4,995,10.4,,,No comparable runtime-by-country global table populated,No robust per-runtime gender cross-tab populated,Execution platform rather than a standalone language VM; overlaps cloud/serverless taxonomy.,https://2025.stateofjs.com/en-US/other-tools/
181,G,Google Cloud Run Runtime,Edge / serverless,Managed execution platform,Multi-language / JavaScript / WebAssembly varies,Managed process / isolate / Wasm execution,Provider-defined,Provider-managed,Cloud / edge,Provider sandbox / isolate / container boundary,,,,,,11,10,0.1,,,No comparable runtime-by-country global table populated,No robust per-runtime gender cross-tab populated,Execution platform rather than a standalone language VM; overlaps cloud/serverless taxonomy.,https://2025.stateofjs.com/en-US/other-tools/
182,G,GraalJS,JavaScript engines,Language engine / VM,JavaScript; some WebAssembly,Interpreter + JIT varies,Engine bytecode / machine code,Garbage collected,"Browsers, runtimes, embedded applications",Embedding host controls sandbox,Oracle / GraalVM,,,,,,,,,,No comparable runtime-by-country global table populated,No robust per-runtime gender cross-tab populated,ECMAScript runtime in GraalVM; can run as standalone or on the JVM.,https://www.graalvm.org/dev/reference-manual/
183,G,GraalJS Node.js Runtime,JavaScript / TypeScript,Application runtime,JavaScript / TypeScript,Interpreter / JIT / AOT varies,JavaScript source / engine-specific bytecode,Garbage collected,Server / embedded / edge / experimental,Host-dependent,,,,,,,,,,,No comparable runtime-by-country global table populated,No robust per-runtime gender cross-tab populated,,https://en.wikipedia.org/wiki/List_of_JavaScript_engines
184,G,GraalNode.js,JavaScript / TypeScript,Application runtime,JavaScript / TypeScript,Interpreter / JIT / AOT varies,JavaScript source / engine-specific bytecode,Garbage collected,Server / embedded / edge / experimental,Host-dependent,,,,,,,,,,,No comparable runtime-by-country global table populated,No robust per-runtime gender cross-tab populated,,https://en.wikipedia.org/wiki/List_of_JavaScript_engines
185,G,GraalPy,Python,Language runtime / implementation,Python,Bytecode interpreter / JIT / AOT varies,Python bytecode / JVM / CLR / Wasm / native varies,Garbage collected / reference counting varies,"Server, desktop, browser, embedded",Host-dependent,Oracle / GraalVM,,,,,,,,,,No comparable runtime-by-country global table populated,No robust per-runtime gender cross-tab populated,Embeddable Python runtime for GraalVM.,https://www.graalvm.org/dev/reference-manual/
186,G,GraalPython,Python,Language runtime / implementation,Python,Bytecode interpreter / JIT / AOT varies,Python bytecode / JVM / CLR / Wasm / native varies,Garbage collected / reference counting varies,"Server, desktop, browser, embedded",Host-dependent,,,,,,,,,,,No comparable runtime-by-country global table populated,No robust per-runtime gender cross-tab populated,,https://www.python.org/download/alternatives/
187,G,GraalVM JVM,JVM,JVM implementation / managed runtime,Java bytecode / JVM languages,Interpreter + tiered JIT / AOT varies,JVM bytecode,Garbage collected,"Server, desktop, cloud, embedded",Managed runtime; process boundary,Oracle / GraalVM,,,,,,,,,,No comparable runtime-by-country global table populated,No robust per-runtime gender cross-tab populated,JVM distribution/runtime with Graal compiler and polyglot language runtimes.,https://www.graalvm.org/dev/reference-manual/
188,G,GraalVM Native Image Runtime,JVM,JVM implementation / managed runtime,Java bytecode / JVM languages,Interpreter + tiered JIT / AOT varies,JVM bytecode,Garbage collected,"Server, desktop, cloud, embedded",Managed runtime; process boundary,,,,,,,,,,,No comparable runtime-by-country global table populated,No robust per-runtime gender cross-tab populated,,https://en.wikipedia.org/wiki/List_of_Java_virtual_machines
189,G,GraalWasm,WebAssembly / WASI,WebAssembly runtime / engine,"WebAssembly, WASI components",Interpreter / JIT / AOT varies,Wasm / Component Model,Sandboxed linear memory,"Server, edge, embedded, plugins, blockchain",Wasm sandbox + capability model when WASI is used,Oracle / GraalVM,,,,,,,,,,No comparable runtime-by-country global table populated,No robust per-runtime gender cross-tab populated,WebAssembly engine in GraalVM.,https://www.graalvm.org/dev/reference-manual/
190,G,Guile VM,Other language runtimes,Language runtime / VM / execution environment,"Prolog, Tcl, AWK, Forth, Haxe, Dart and others",Interpreter / JIT / AOT / native varies,Language-specific bytecode / native / JS / Wasm,Varies,"CLI, server, desktop, browser, embedded",Host-dependent,,,,,,,,,,,No comparable runtime-by-country global table populated,No robust per-runtime gender cross-tab populated,,https://en.wikipedia.org/wiki/Comparison_of_application_virtualization_software
191,H,Hack Runtime,PHP / Hack,Language runtime / VM,"PHP, Hack",Opcode VM / JIT / AOT varies,Zend opcodes / HHBC / CIL / native,Garbage collected + ref counting varies,"Web server, CLI, application server",Process/host-dependent,,,,,,,,,,,No comparable runtime-by-country global table populated,No robust per-runtime gender cross-tab populated,,https://wiki.php.net/internals/engine
192,H,Hamler Runtime on BEAM,BEAM / Erlang,Concurrent VM / runtime system,"Erlang, Elixir, Gleam, LFE and BEAM languages",Bytecode interpreter + JIT / AOT variants,BEAM bytecode,Per-process GC / managed memory,"Server, distributed systems, embedded",Process isolation inside VM + OS boundary,Erlang/OTP ecosystem,,,,,,,,,,No comparable runtime-by-country global table populated,No robust per-runtime gender cross-tab populated,,https://www.erlang.org/docs/27/system/system_principles.html
193,H,HashLink JIT,Other language runtimes,Language runtime / VM / execution environment,"Prolog, Tcl, AWK, Forth, Haxe, Dart and others",Interpreter / JIT / AOT / native varies,Language-specific bytecode / native / JS / Wasm,Varies,"CLI, server, desktop, browser, embedded",Host-dependent,,,,,,,,,,,No comparable runtime-by-country global table populated,No robust per-runtime gender cross-tab populated,,https://en.wikipedia.org/wiki/Comparison_of_application_virtualization_software
194,H,HashLink Runtime,Other language runtimes,Language runtime / VM / execution environment,"Prolog, Tcl, AWK, Forth, Haxe, Dart and others",Interpreter / JIT / AOT / native varies,Language-specific bytecode / native / JS / Wasm,Varies,"CLI, server, desktop, browser, embedded",Host-dependent,,,,,,,,,,,No comparable runtime-by-country global table populated,No robust per-runtime gender cross-tab populated,,https://en.wikipedia.org/wiki/Comparison_of_application_virtualization_software
195,H,Haxe HashLink VM,Other language runtimes,Language runtime / VM / execution environment,"Prolog, Tcl, AWK, Forth, Haxe, Dart and others",Interpreter / JIT / AOT / native varies,Language-specific bytecode / native / JS / Wasm,Varies,"CLI, server, desktop, browser, embedded",Host-dependent,,,,,,,,,,,No comparable runtime-by-country global table populated,No robust per-runtime gender cross-tab populated,,https://en.wikipedia.org/wiki/Comparison_of_application_virtualization_software
196,H,Haxe JavaScript Runtime,Other language runtimes,Language runtime / VM / execution environment,"Prolog, Tcl, AWK, Forth, Haxe, Dart and others",Interpreter / JIT / AOT / native varies,Language-specific bytecode / native / JS / Wasm,Varies,"CLI, server, desktop, browser, embedded",Host-dependent,,,,,,,,,,,No comparable runtime-by-country global table populated,No robust per-runtime gender cross-tab populated,,https://en.wikipedia.org/wiki/Comparison_of_application_virtualization_software
197,H,Haxe JVM Runtime,Other language runtimes,Language runtime / VM / execution environment,"Prolog, Tcl, AWK, Forth, Haxe, Dart and others",Interpreter / JIT / AOT / native varies,Language-specific bytecode / native / JS / Wasm,Varies,"CLI, server, desktop, browser, embedded",Host-dependent,,,,,,,,,,,No comparable runtime-by-country global table populated,No robust per-runtime gender cross-tab populated,,https://en.wikipedia.org/wiki/Comparison_of_application_virtualization_software
198,H,Haxe Neko Runtime,Other language runtimes,Language runtime / VM / execution environment,"Prolog, Tcl, AWK, Forth, Haxe, Dart and others",Interpreter / JIT / AOT / native varies,Language-specific bytecode / native / JS / Wasm,Varies,"CLI, server, desktop, browser, embedded",Host-dependent,,,,,,,,,,,No comparable runtime-by-country global table populated,No robust per-runtime gender cross-tab populated,,https://en.wikipedia.org/wiki/Comparison_of_application_virtualization_software
199,H,Hermes,JavaScript engines,Language engine / VM,JavaScript; some WebAssembly,Interpreter + JIT varies,Engine bytecode / machine code,Garbage collected,"Browsers, runtimes, embedded applications",Embedding host controls sandbox,,,7,354,3.2,,,,,,No comparable runtime-by-country global table populated,No robust per-runtime gender cross-tab populated,,https://en.wikipedia.org/wiki/List_of_JavaScript_engines
200,H,HHVM,PHP / Hack,Language runtime / VM,"PHP, Hack",Opcode VM / JIT / AOT varies,Zend opcodes / HHBC / CIL / native,Garbage collected + ref counting varies,"Web server, CLI, application server",Process/host-dependent,,,,,,,,,,,No comparable runtime-by-country global table populated,No robust per-runtime gender cross-tab populated,,https://wiki.php.net/internals/engine
201,H,HIP Runtime,GPU / accelerator,Accelerator execution runtime,"CUDA, HIP, OpenCL, SYCL, C/C++, accelerator kernels",JIT / AOT / device execution,PTX / SPIR-V / native GPU code,Host/device managed,GPU / accelerator computing,Driver/device boundary,,,,,,,,,,,No comparable runtime-by-country global table populated,No robust per-runtime gender cross-tab populated,,https://docs.nvidia.com/cuda/cuda-runtime-api/index.html
202,H,HiPE,BEAM / Erlang,Concurrent VM / runtime system,"Erlang, Elixir, Gleam, LFE and BEAM languages",Bytecode interpreter + JIT / AOT variants,BEAM bytecode,Per-process GC / managed memory,"Server, distributed systems, embedded",Process isolation inside VM + OS boundary,Erlang/OTP ecosystem,,,,,,,,,,No comparable runtime-by-country global table populated,No robust per-runtime gender cross-tab populated,,https://www.erlang.org/docs/27/system/system_principles.html
203,H,HipHop for PHP Runtime,PHP / Hack,Language runtime / VM,"PHP, Hack",Opcode VM / JIT / AOT varies,Zend opcodes / HHBC / CIL / native,Garbage collected + ref counting varies,"Web server, CLI, application server",Process/host-dependent,,,,,,,,,,,No comparable runtime-by-country global table populated,No robust per-runtime gender cross-tab populated,,https://wiki.php.net/internals/engine
204,H,HotSpot,JVM,JVM implementation / managed runtime,Java bytecode / JVM languages,Interpreter + tiered JIT / AOT varies,JVM bytecode,Garbage collected,"Server, desktop, cloud, embedded",Managed runtime; process boundary,,,,,,,,,,,No comparable runtime-by-country global table populated,No robust per-runtime gender cross-tab populated,,https://en.wikipedia.org/wiki/List_of_Java_virtual_machines
205,H,Hugs Runtime,Native / compiled-language runtime systems,Runtime system / execution engine,"Go, Haskell, OCaml, Julia, R, Swift, Kotlin Native, Rust, Zig, Nim, D, Ada, Fortran and others",Native compiled / JIT / bytecode varies,Native code / LLVM IR / language-specific IR,Manual / GC / ARC / ownership varies,Native desktop/server/embedded,OS process boundary,,,,,,,,,,,No comparable runtime-by-country global table populated,No robust per-runtime gender cross-tab populated,,https://en.wikipedia.org/wiki/Comparison_of_application_virtualization_software
206,I,IBM Cloud Functions Runtime,Edge / serverless,Managed execution platform,Multi-language / JavaScript / WebAssembly varies,Managed process / isolate / Wasm execution,Provider-defined,Provider-managed,Cloud / edge,Provider sandbox / isolate / container boundary,,,,,,,,,,,No comparable runtime-by-country global table populated,No robust per-runtime gender cross-tab populated,Execution platform rather than a standalone language VM; overlaps cloud/serverless taxonomy.,https://2025.stateofjs.com/en-US/other-tools/
207,I,IBM J9,JVM,JVM implementation / managed runtime,Java bytecode / JVM languages,Interpreter + tiered JIT / AOT varies,JVM bytecode,Garbage collected,"Server, desktop, cloud, embedded",Managed runtime; process boundary,,,,,,,,,,,No comparable runtime-by-country global table populated,No robust per-runtime gender cross-tab populated,,https://en.wikipedia.org/wiki/List_of_Java_virtual_machines
208,I,Icon VM,Other language runtimes,Language runtime / VM / execution environment,"Prolog, Tcl, AWK, Forth, Haxe, Dart and others",Interpreter / JIT / AOT / native varies,Language-specific bytecode / native / JS / Wasm,Varies,"CLI, server, desktop, browser, embedded",Host-dependent,,,,,,,,,,,No comparable runtime-by-country global table populated,No robust per-runtime gender cross-tab populated,,https://en.wikipedia.org/wiki/Comparison_of_application_virtualization_software
209,I,Ignition,JavaScript engines,Language engine / VM,JavaScript; some WebAssembly,Interpreter + JIT varies,Engine bytecode / machine code,Garbage collected,"Browsers, runtimes, embedded applications",Embedding host controls sandbox,,,,,,,,,,,No comparable runtime-by-country global table populated,No robust per-runtime gender cross-tab populated,,https://en.wikipedia.org/wiki/List_of_JavaScript_engines
210,I,Ikarus Scheme Runtime,Lisp / Scheme / Clojure,Language runtime / compiler runtime,"Common Lisp, Scheme, Clojure",Native compiler / bytecode interpreter / JVM / JS varies,Native / JVM bytecode / VM bytecode,Garbage collected,"Server, desktop, scripting, embedded",Host-dependent,,,,,,,,,,,No comparable runtime-by-country global table populated,No robust per-runtime gender cross-tab populated,,https://en.wikipedia.org/wiki/List_of_Lisp_software_and_tools
211,I,IKVM,JVM,JVM implementation / managed runtime,Java bytecode / JVM languages,Interpreter + tiered JIT / AOT varies,JVM bytecode,Garbage collected,"Server, desktop, cloud, embedded",Managed runtime; process boundary,,,,,,,,,,,No comparable runtime-by-country global table populated,No robust per-runtime gender cross-tab populated,,https://en.wikipedia.org/wiki/List_of_Java_virtual_machines
212,I,IL Interpreter,.NET / CLI,Managed runtime / AOT runtime,CLI languages / CIL,JIT / AOT / interpreter varies,CIL / native code / Wasm,Garbage collected,"Desktop, server, mobile, games, browser, embedded",Host-dependent,,,,,,,,,,,No comparable runtime-by-country global table populated,No robust per-runtime gender cross-tab populated,,https://learn.microsoft.com/en-us/dotnet/fundamentals/implementations
213,I,Inferno Dis VM,Historical / portable VMs,Virtual machine / educational or legacy runtime,Various,Interpreter / JIT / AOT varies,Portable bytecode / IR,Varies,"Historical, research, legacy systems",Host-dependent,,,,,,,,,,,No comparable runtime-by-country global table populated,No robust per-runtime gender cross-tab populated,,https://en.wikipedia.org/wiki/Comparison_of_application_virtualization_software
214,I,inNative,WebAssembly / WASI,WebAssembly runtime / engine,"WebAssembly, WASI components",Interpreter / JIT / AOT varies,Wasm / Component Model,Sandboxed linear memory,"Server, edge, embedded, plugins, blockchain",Wasm sandbox + capability model when WASI is used,,,,,,,,,,,No comparable runtime-by-country global table populated,No robust per-runtime gender cross-tab populated,,https://github.com/appcypher/awesome-wasm-runtimes
215,I,Intel Level Zero Runtime,GPU / accelerator,Accelerator execution runtime,"CUDA, HIP, OpenCL, SYCL, C/C++, accelerator kernels",JIT / AOT / device execution,PTX / SPIR-V / native GPU code,Host/device managed,GPU / accelerator computing,Driver/device boundary,,,,,,,,,,,No comparable runtime-by-country global table populated,No robust per-runtime gender cross-tab populated,,https://docs.nvidia.com/cuda/cuda-runtime-api/index.html
216,I,Io VM,Other language runtimes,Language runtime / VM / execution environment,"Prolog, Tcl, AWK, Forth, Haxe, Dart and others",Interpreter / JIT / AOT / native varies,Language-specific bytecode / native / JS / Wasm,Varies,"CLI, server, desktop, browser, embedded",Host-dependent,,,,,,,,,,,No comparable runtime-by-country global table populated,No robust per-runtime gender cross-tab populated,,https://en.wikipedia.org/wiki/Comparison_of_application_virtualization_software
217,I,IonMonkey,JavaScript engines,Language engine / VM,JavaScript; some WebAssembly,Interpreter + JIT varies,Engine bytecode / machine code,Garbage collected,"Browsers, runtimes, embedded applications",Embedding host controls sandbox,,,,,,,,,,,No comparable runtime-by-country global table populated,No robust per-runtime gender cross-tab populated,,https://en.wikipedia.org/wiki/List_of_JavaScript_engines
218,I,IoT.js,JavaScript / TypeScript,Application runtime,JavaScript / TypeScript,Interpreter / JIT / AOT varies,JavaScript source / engine-specific bytecode,Garbage collected,Server / embedded / edge / experimental,Host-dependent,,,,,,,,,,,No comparable runtime-by-country global table populated,No robust per-runtime gender cross-tab populated,,https://en.wikipedia.org/wiki/List_of_JavaScript_engines
219,I,IronPython,Python,Language runtime / implementation,Python,Bytecode interpreter / JIT / AOT varies,Python bytecode / JVM / CLR / Wasm / native varies,Garbage collected / reference counting varies,"Server, desktop, browser, embedded",Host-dependent,,,,,,,,,,,No comparable runtime-by-country global table populated,No robust per-runtime gender cross-tab populated,,https://www.python.org/download/alternatives/
220,I,IronPython on CLR,.NET / CLI,Managed runtime / AOT runtime,CLI languages / CIL,JIT / AOT / interpreter varies,CIL / native code / Wasm,Garbage collected,"Desktop, server, mobile, games, browser, embedded",Host-dependent,,,,,,,,,,,No comparable runtime-by-country global table populated,No robust per-runtime gender cross-tab populated,,https://learn.microsoft.com/en-us/dotnet/fundamentals/implementations
221,I,IronRuby,Ruby,Language runtime / VM / JIT,Ruby,Interpreter / bytecode VM / JIT / AOT varies,YARV bytecode / JVM bytecode / native / JavaScript varies,Garbage collected,"Server, desktop, embedded, browser",Host-dependent,,,,,,,,,,,No comparable runtime-by-country global table populated,No robust per-runtime gender cross-tab populated,,https://en.wikipedia.org/wiki/Comparison_of_application_virtualization_software
222,I,IronRuby on CLR,.NET / CLI,Managed runtime / AOT runtime,CLI languages / CIL,JIT / AOT / interpreter varies,CIL / native code / Wasm,Garbage collected,"Desktop, server, mobile, games, browser, embedded",Host-dependent,,,,,,,,,,,No comparable runtime-by-country global table populated,No robust per-runtime gender cross-tab populated,,https://learn.microsoft.com/en-us/dotnet/fundamentals/implementations
223,J,JamaicaVM,JVM,JVM implementation / managed runtime,Java bytecode / JVM languages,Interpreter + tiered JIT / AOT varies,JVM bytecode,Garbage collected,"Server, desktop, cloud, embedded",Managed runtime; process boundary,,,,,,,,,,,No comparable runtime-by-country global table populated,No robust per-runtime gender cross-tab populated,,https://en.wikipedia.org/wiki/List_of_Java_virtual_machines
224,J,JamVM,JVM,JVM implementation / managed runtime,Java bytecode / JVM languages,Interpreter + tiered JIT / AOT varies,JVM bytecode,Garbage collected,"Server, desktop, cloud, embedded",Managed runtime; process boundary,,,,,,,,,,,No comparable runtime-by-country global table populated,No robust per-runtime gender cross-tab populated,,https://en.wikipedia.org/wiki/List_of_Java_virtual_machines
225,J,Java ME KVM,Embedded / constrained,Embedded runtime / VM,"Java ME, .NET, Python, JavaScript, Ruby, Lua, Go, WebAssembly",Interpreter / AOT / JIT varies,Bytecode / native / Wasm,Small-footprint managed or manual,"Microcontrollers, IoT, RTOS",Device/firmware constraints,,,,,,,,,,,No comparable runtime-by-country global table populated,No robust per-runtime gender cross-tab populated,,https://en.wikipedia.org/wiki/Comparison_of_application_virtualization_software
226,J,Java Virtual Machine (JVM),JVM,Virtual machine specification,Java bytecode / JVM languages,Interpreter + JIT + optional AOT,JVM class file / bytecode,Garbage collected,"Server, desktop, embedded",Managed VM isolation; OS process boundary,Java ecosystem,,,,,,,,,,No comparable runtime-by-country global table populated,No robust per-runtime gender cross-tab populated,,https://docs.oracle.com/javase/specs/jvms/se27/html/index.html
227,J,JavaScriptCore,JavaScript engines,Language engine / VM,JavaScript; some WebAssembly,Interpreter + JIT varies,Engine bytecode / machine code,Garbage collected,"Browsers, runtimes, embedded applications",Embedding host controls sandbox,Apple / WebKit,Used by Safari/WebKit and Bun,,,,,,,,,No comparable runtime-by-country global table populated,No robust per-runtime gender cross-tab populated,"Optimizing JavaScript VM with LLInt, baseline JIT, DFG and FTL tiers.",https://docs.webkit.org/Deep%20Dive/JSC/JavaScriptCore.html
228,J,JerryScript,JavaScript engines,Language engine / VM,JavaScript; some WebAssembly,Interpreter + JIT varies,Engine bytecode / machine code,Garbage collected,"Browsers, runtimes, embedded applications",Embedding host controls sandbox,,,,,,,,,,,No comparable runtime-by-country global table populated,No robust per-runtime gender cross-tab populated,,https://en.wikipedia.org/wiki/List_of_JavaScript_engines
229,J,JerryScript Embedded Runtime,Embedded / constrained,Embedded runtime / VM,"Java ME, .NET, Python, JavaScript, Ruby, Lua, Go, WebAssembly",Interpreter / AOT / JIT varies,Bytecode / native / Wasm,Small-footprint managed or manual,"Microcontrollers, IoT, RTOS",Device/firmware constraints,,,,,,,,,,,No comparable runtime-by-country global table populated,No robust per-runtime gender cross-tab populated,,https://en.wikipedia.org/wiki/Comparison_of_application_virtualization_software
230,J,Jikes RVM,JVM,JVM implementation / managed runtime,Java bytecode / JVM languages,Interpreter + tiered JIT / AOT varies,JVM bytecode,Garbage collected,"Server, desktop, cloud, embedded",Managed runtime; process boundary,,,,,,,,,,,No comparable runtime-by-country global table populated,No robust per-runtime gender cross-tab populated,,https://en.wikipedia.org/wiki/List_of_Java_virtual_machines
231,J,Jim Tcl Runtime,Other language runtimes,Language runtime / VM / execution environment,"Prolog, Tcl, AWK, Forth, Haxe, Dart and others",Interpreter / JIT / AOT / native varies,Language-specific bytecode / native / JS / Wasm,Varies,"CLI, server, desktop, browser, embedded",Host-dependent,,,,,,,,,,,No comparable runtime-by-country global table populated,No robust per-runtime gender cross-tab populated,,https://en.wikipedia.org/wiki/Comparison_of_application_virtualization_software
232,J,Jint,JavaScript engines,Language engine / VM,JavaScript; some WebAssembly,Interpreter + JIT varies,Engine bytecode / machine code,Garbage collected,"Browsers, runtimes, embedded applications",Embedding host controls sandbox,,,,,,,,,,,No comparable runtime-by-country global table populated,No robust per-runtime gender cross-tab populated,,https://en.wikipedia.org/wiki/List_of_JavaScript_engines
233,J,JNode JVM,JVM,JVM implementation / managed runtime,Java bytecode / JVM languages,Interpreter + tiered JIT / AOT varies,JVM bytecode,Garbage collected,"Server, desktop, cloud, embedded",Managed runtime; process boundary,,,,,,,,,,,No comparable runtime-by-country global table populated,No robust per-runtime gender cross-tab populated,,https://en.wikipedia.org/wiki/List_of_Java_virtual_machines
234,J,JOP Java Optimized Processor VM,JVM,JVM implementation / managed runtime,Java bytecode / JVM languages,Interpreter + tiered JIT / AOT varies,JVM bytecode,Garbage collected,"Server, desktop, cloud, embedded",Managed runtime; process boundary,,,,,,,,,,,No comparable runtime-by-country global table populated,No robust per-runtime gender cross-tab populated,,https://en.wikipedia.org/wiki/List_of_Java_virtual_machines
235,J,JRockit,JVM,JVM implementation / managed runtime,Java bytecode / JVM languages,Interpreter + tiered JIT / AOT varies,JVM bytecode,Garbage collected,"Server, desktop, cloud, embedded",Managed runtime; process boundary,,,,,,,,,,,No comparable runtime-by-country global table populated,No robust per-runtime gender cross-tab populated,,https://en.wikipedia.org/wiki/List_of_Java_virtual_machines
236,J,JRuby,Ruby,Language runtime / VM / JIT,Ruby,Interpreter / bytecode VM / JIT / AOT varies,YARV bytecode / JVM bytecode / native / JavaScript varies,Garbage collected,"Server, desktop, embedded, browser",Host-dependent,,,,,,,,,,,No comparable runtime-by-country global table populated,No robust per-runtime gender cross-tab populated,,https://en.wikipedia.org/wiki/Comparison_of_application_virtualization_software
237,J,js_of_ocaml Runtime,Native / compiled-language runtime systems,Runtime system / execution engine,"Go, Haskell, OCaml, Julia, R, Swift, Kotlin Native, Rust, Zig, Nim, D, Ada, Fortran and others",Native compiled / JIT / bytecode varies,Native code / LLVM IR / language-specific IR,Manual / GC / ARC / ownership varies,Native desktop/server/embedded,OS process boundary,,,,,,,,,,,No comparable runtime-by-country global table populated,No robust per-runtime gender cross-tab populated,,https://en.wikipedia.org/wiki/Comparison_of_application_virtualization_software
238,J,JScript Engine,JavaScript engines,Language engine / VM,JavaScript; some WebAssembly,Interpreter + JIT varies,Engine bytecode / machine code,Garbage collected,"Browsers, runtimes, embedded applications",Embedding host controls sandbox,,,,,,,,,,,No comparable runtime-by-country global table populated,No robust per-runtime gender cross-tab populated,,https://en.wikipedia.org/wiki/List_of_JavaScript_engines
239,J,JScript.NET Engine,JavaScript engines,Language engine / VM,JavaScript; some WebAssembly,Interpreter + JIT varies,Engine bytecode / machine code,Garbage collected,"Browsers, runtimes, embedded applications",Embedding host controls sandbox,,,,,,,,,,,No comparable runtime-by-country global table populated,No robust per-runtime gender cross-tab populated,,https://en.wikipedia.org/wiki/List_of_JavaScript_engines
240,J,Jsish,JavaScript engines,Language engine / VM,JavaScript; some WebAssembly,Interpreter + JIT varies,Engine bytecode / machine code,Garbage collected,"Browsers, runtimes, embedded applications",Embedding host controls sandbox,,,,,,,,,,,No comparable runtime-by-country global table populated,No robust per-runtime gender cross-tab populated,,https://en.wikipedia.org/wiki/List_of_JavaScript_engines
241,J,Julia GC Runtime,Native / compiled-language runtime systems,Runtime system / execution engine,"Go, Haskell, OCaml, Julia, R, Swift, Kotlin Native, Rust, Zig, Nim, D, Ada, Fortran and others",Native compiled / JIT / bytecode varies,Native code / LLVM IR / language-specific IR,Manual / GC / ARC / ownership varies,Native desktop/server/embedded,OS process boundary,,,,,,,,,,,No comparable runtime-by-country global table populated,No robust per-runtime gender cross-tab populated,,https://en.wikipedia.org/wiki/Comparison_of_application_virtualization_software
242,J,Julia JIT,Native / compiled-language runtime systems,Runtime system / execution engine,"Go, Haskell, OCaml, Julia, R, Swift, Kotlin Native, Rust, Zig, Nim, D, Ada, Fortran and others",Native compiled / JIT / bytecode varies,Native code / LLVM IR / language-specific IR,Manual / GC / ARC / ownership varies,Native desktop/server/embedded,OS process boundary,,,,,,,,,,,No comparable runtime-by-country global table populated,No robust per-runtime gender cross-tab populated,,https://en.wikipedia.org/wiki/Comparison_of_application_virtualization_software
243,J,Julia Runtime,Native / compiled-language runtime systems,Runtime system / execution engine,"Go, Haskell, OCaml, Julia, R, Swift, Kotlin Native, Rust, Zig, Nim, D, Ada, Fortran and others",Native compiled / JIT / bytecode varies,Native code / LLVM IR / language-specific IR,Manual / GC / ARC / ownership varies,Native desktop/server/embedded,OS process boundary,,,,,,,,,,,No comparable runtime-by-country global table populated,No robust per-runtime gender cross-tab populated,,https://en.wikipedia.org/wiki/Comparison_of_application_virtualization_software
244,J,JVM Classic VM,Historical / portable VMs,Virtual machine / educational or legacy runtime,Various,Interpreter / JIT / AOT varies,Portable bytecode / IR,Varies,"Historical, research, legacy systems",Host-dependent,,,,,,,,,,,No comparable runtime-by-country global table populated,No robust per-runtime gender cross-tab populated,,https://en.wikipedia.org/wiki/Comparison_of_application_virtualization_software
245,J,JXcore,JavaScript / TypeScript,Application runtime,JavaScript / TypeScript,Interpreter / JIT / AOT varies,JavaScript source / engine-specific bytecode,Garbage collected,Server / embedded / edge / experimental,Host-dependent,,,,,,,,,,,No comparable runtime-by-country global table populated,No robust per-runtime gender cross-tab populated,,https://en.wikipedia.org/wiki/List_of_JavaScript_engines
246,J,Jython,Python,Language runtime / implementation,Python,Bytecode interpreter / JIT / AOT varies,Python bytecode / JVM / CLR / Wasm / native varies,Garbage collected / reference counting varies,"Server, desktop, browser, embedded",Host-dependent,,,,,,,,,,,No comparable runtime-by-country global table populated,No robust per-runtime gender cross-tab populated,,https://www.python.org/download/alternatives/
247,J,Jython 2 Runtime,Python,Language runtime / implementation,Python,Bytecode interpreter / JIT / AOT varies,Python bytecode / JVM / CLR / Wasm / native varies,Garbage collected / reference counting varies,"Server, desktop, browser, embedded",Host-dependent,,,,,,,,,,,No comparable runtime-by-country global table populated,No robust per-runtime gender cross-tab populated,,https://www.python.org/download/alternatives/
248,J,JägerMonkey,JavaScript engines,Language engine / VM,JavaScript; some WebAssembly,Interpreter + JIT varies,Engine bytecode / machine code,Garbage collected,"Browsers, runtimes, embedded applications",Embedding host controls sandbox,,,,,,,,,,,No comparable runtime-by-country global table populated,No robust per-runtime gender cross-tab populated,,https://en.wikipedia.org/wiki/List_of_JavaScript_engines
249,K,Kaffe,JVM,JVM implementation / managed runtime,Java bytecode / JVM languages,Interpreter + tiered JIT / AOT varies,JVM bytecode,Garbage collected,"Server, desktop, cloud, embedded",Managed runtime; process boundary,,,,,,,,,,,No comparable runtime-by-country global table populated,No robust per-runtime gender cross-tab populated,,https://en.wikipedia.org/wiki/List_of_Java_virtual_machines
250,K,Kahlua,Lua,Language runtime / VM / JIT,Lua / Lua-derived languages,Interpreter / trace JIT / native varies,Lua bytecode / native / JavaScript / BEAM,Garbage collected,"Embedded, games, servers, scripting",Embedding host controls sandbox,,,,,,,,,,,No comparable runtime-by-country global table populated,No robust per-runtime gender cross-tab populated,,https://luajit.org/luajit.html
251,K,Kawa Runtime,Lisp / Scheme / Clojure,Language runtime / compiler runtime,"Common Lisp, Scheme, Clojure",Native compiler / bytecode interpreter / JVM / JS varies,Native / JVM bytecode / VM bytecode,Garbage collected,"Server, desktop, scripting, embedded",Host-dependent,,,,,,,,,,,No comparable runtime-by-country global table populated,No robust per-runtime gender cross-tab populated,,https://en.wikipedia.org/wiki/List_of_Lisp_software_and_tools
252,K,KJS,JavaScript engines,Language engine / VM,JavaScript; some WebAssembly,Interpreter + JIT varies,Engine bytecode / machine code,Garbage collected,"Browsers, runtimes, embedded applications",Embedding host controls sandbox,,,,,,,,,,,No comparable runtime-by-country global table populated,No robust per-runtime gender cross-tab populated,,https://en.wikipedia.org/wiki/List_of_JavaScript_engines
253,K,KJS / KDE JavaScript Engine,JavaScript engines,Language engine / VM,JavaScript; some WebAssembly,Interpreter + JIT varies,Engine bytecode / machine code,Garbage collected,"Browsers, runtimes, embedded applications",Embedding host controls sandbox,,,,,,,,,,,No comparable runtime-by-country global table populated,No robust per-runtime gender cross-tab populated,,https://en.wikipedia.org/wiki/List_of_JavaScript_engines
254,K,Kotlin/JS Runtime,Native / compiled-language runtime systems,Runtime system / execution engine,"Go, Haskell, OCaml, Julia, R, Swift, Kotlin Native, Rust, Zig, Nim, D, Ada, Fortran and others",Native compiled / JIT / bytecode varies,Native code / LLVM IR / language-specific IR,Manual / GC / ARC / ownership varies,Native desktop/server/embedded,OS process boundary,,,,,,,,,,,No comparable runtime-by-country global table populated,No robust per-runtime gender cross-tab populated,,https://en.wikipedia.org/wiki/Comparison_of_application_virtualization_software
255,K,Kotlin/Native Runtime,Native / compiled-language runtime systems,Runtime system / execution engine,"Go, Haskell, OCaml, Julia, R, Swift, Kotlin Native, Rust, Zig, Nim, D, Ada, Fortran and others",Native compiled / JIT / bytecode varies,Native code / LLVM IR / language-specific IR,Manual / GC / ARC / ownership varies,Native desktop/server/embedded,OS process boundary,,,,,,,,,,,No comparable runtime-by-country global table populated,No robust per-runtime gender cross-tab populated,,https://en.wikipedia.org/wiki/Comparison_of_application_virtualization_software
256,K,Kotlin/Wasm Runtime,Native / compiled-language runtime systems,Runtime system / execution engine,"Go, Haskell, OCaml, Julia, R, Swift, Kotlin Native, Rust, Zig, Nim, D, Ada, Fortran and others",Native compiled / JIT / bytecode varies,Native code / LLVM IR / language-specific IR,Manual / GC / ARC / ownership varies,Native desktop/server/embedded,OS process boundary,,,,,,,,,,,No comparable runtime-by-country global table populated,No robust per-runtime gender cross-tab populated,,https://en.wikipedia.org/wiki/Comparison_of_application_virtualization_software
257,K,KPHP Runtime,PHP / Hack,Language runtime / VM,"PHP, Hack",Opcode VM / JIT / AOT varies,Zend opcodes / HHBC / CIL / native,Garbage collected + ref counting varies,"Web server, CLI, application server",Process/host-dependent,,,,,,,,,,,No comparable runtime-by-country global table populated,No robust per-runtime gender cross-tab populated,,https://wiki.php.net/internals/engine
258,K,Kurila Runtime,Perl / Raku,Language VM / runtime,"Perl, Raku, NQP",Interpreter / JIT varies,OP tree / MoarVM bytecode / JVM bytecode / Parrot bytecode,Garbage collected / reference counting varies,"Server, CLI, scripting",Host-dependent,,,,,,,,,,,No comparable runtime-by-country global table populated,No robust per-runtime gender cross-tab populated,,https://en.wikipedia.org/wiki/Comparison_of_application_virtualization_software
259,L,leJOS JVM,JVM,JVM implementation / managed runtime,Java bytecode / JVM languages,Interpreter + tiered JIT / AOT varies,JVM bytecode,Garbage collected,"Server, desktop, cloud, embedded",Managed runtime; process boundary,,,,,,,,,,,No comparable runtime-by-country global table populated,No robust per-runtime gender cross-tab populated,,https://en.wikipedia.org/wiki/List_of_Java_virtual_machines
260,L,LFE Runtime on BEAM,BEAM / Erlang,Concurrent VM / runtime system,"Erlang, Elixir, Gleam, LFE and BEAM languages",Bytecode interpreter + JIT / AOT variants,BEAM bytecode,Per-process GC / managed memory,"Server, distributed systems, embedded",Process isolation inside VM + OS boundary,Erlang/OTP ecosystem,,,,,,,,,,No comparable runtime-by-country global table populated,No robust per-runtime gender cross-tab populated,,https://www.erlang.org/docs/27/system/system_principles.html
261,L,libc++ Runtime,Native system runtimes,Runtime library / ABI layer,"C, C++ and native languages",Native execution support,Native machine code / ABI,Manual / language-specific,"Operating systems, embedded, native applications",OS process boundary,,,,,,,,,,,No comparable runtime-by-country global table populated,No robust per-runtime gender cross-tab populated,,https://en.wikipedia.org/wiki/Comparison_of_application_virtualization_software
262,L,libc++abi,Native system runtimes,Runtime library / ABI layer,"C, C++ and native languages",Native execution support,Native machine code / ABI,Manual / language-specific,"Operating systems, embedded, native applications",OS process boundary,,,,,,,,,,,No comparable runtime-by-country global table populated,No robust per-runtime gender cross-tab populated,,https://en.wikipedia.org/wiki/Comparison_of_application_virtualization_software
263,L,Liberica Native Image Kit,JVM,JVM implementation / managed runtime,Java bytecode / JVM languages,Interpreter + tiered JIT / AOT varies,JVM bytecode,Garbage collected,"Server, desktop, cloud, embedded",Managed runtime; process boundary,,,,,,,,,,,No comparable runtime-by-country global table populated,No robust per-runtime gender cross-tab populated,,https://en.wikipedia.org/wiki/List_of_Java_virtual_machines
264,L,libgcc Runtime,Native system runtimes,Runtime library / ABI layer,"C, C++ and native languages",Native execution support,Native machine code / ABI,Manual / language-specific,"Operating systems, embedded, native applications",OS process boundary,,,,,,,,,,,No comparable runtime-by-country global table populated,No robust per-runtime gender cross-tab populated,,https://en.wikipedia.org/wiki/Comparison_of_application_virtualization_software
265,L,libgomp Runtime,GPU / accelerator,Accelerator execution runtime,"CUDA, HIP, OpenCL, SYCL, C/C++, accelerator kernels",JIT / AOT / device execution,PTX / SPIR-V / native GPU code,Host/device managed,GPU / accelerator computing,Driver/device boundary,,,,,,,,,,,No comparable runtime-by-country global table populated,No robust per-runtime gender cross-tab populated,,https://docs.nvidia.com/cuda/cuda-runtime-api/index.html
266,L,LibJS,JavaScript engines,Language engine / VM,JavaScript; some WebAssembly,Interpreter + JIT varies,Engine bytecode / machine code,Garbage collected,"Browsers, runtimes, embedded applications",Embedding host controls sandbox,,,,,,,,,,,No comparable runtime-by-country global table populated,No robust per-runtime gender cross-tab populated,,https://en.wikipedia.org/wiki/List_of_JavaScript_engines
267,L,libstdc++ Runtime,Native system runtimes,Runtime library / ABI layer,"C, C++ and native languages",Native execution support,Native machine code / ABI,Manual / language-specific,"Operating systems, embedded, native applications",OS process boundary,,,,,,,,,,,No comparable runtime-by-country global table populated,No robust per-runtime gender cross-tab populated,,https://en.wikipedia.org/wiki/Comparison_of_application_virtualization_software
268,L,libsupc++,Native system runtimes,Runtime library / ABI layer,"C, C++ and native languages",Native execution support,Native machine code / ABI,Manual / language-specific,"Operating systems, embedded, native applications",OS process boundary,,,,,,,,,,,No comparable runtime-by-country global table populated,No robust per-runtime gender cross-tab populated,,https://en.wikipedia.org/wiki/Comparison_of_application_virtualization_software
269,L,libunwind,Native system runtimes,Runtime library / ABI layer,"C, C++ and native languages",Native execution support,Native machine code / ABI,Manual / language-specific,"Operating systems, embedded, native applications",OS process boundary,,,,,,,,,,,No comparable runtime-by-country global table populated,No robust per-runtime gender cross-tab populated,,https://en.wikipedia.org/wiki/Comparison_of_application_virtualization_software
270,L,Life WebAssembly Runtime,WebAssembly / WASI,WebAssembly runtime / engine,"WebAssembly, WASI components",Interpreter / JIT / AOT varies,Wasm / Component Model,Sandboxed linear memory,"Server, edge, embedded, plugins, blockchain",Wasm sandbox + capability model when WASI is used,,,,,,,,,,,No comparable runtime-by-country global table populated,No robust per-runtime gender cross-tab populated,,https://github.com/appcypher/awesome-wasm-runtimes
271,L,Ling VM,BEAM / Erlang,Concurrent VM / runtime system,"Erlang, Elixir, Gleam, LFE and BEAM languages",Bytecode interpreter + JIT / AOT variants,BEAM bytecode,Per-process GC / managed memory,"Server, distributed systems, embedded",Process isolation inside VM + OS boundary,Erlang/OTP ecosystem,,,,,,,,,,No comparable runtime-by-country global table populated,No robust per-runtime gender cross-tab populated,,https://www.erlang.org/docs/27/system/system_principles.html
272,L,LispWorks Runtime,Lisp / Scheme / Clojure,Language runtime / compiler runtime,"Common Lisp, Scheme, Clojure",Native compiler / bytecode interpreter / JVM / JS varies,Native / JVM bytecode / VM bytecode,Garbage collected,"Server, desktop, scripting, embedded",Host-dependent,,,,,,,,,,,No comparable runtime-by-country global table populated,No robust per-runtime gender cross-tab populated,,https://en.wikipedia.org/wiki/List_of_Lisp_software_and_tools
273,L,LLInt,JavaScript engines,Language engine / VM,JavaScript; some WebAssembly,Interpreter + JIT varies,Engine bytecode / machine code,Garbage collected,"Browsers, runtimes, embedded applications",Embedding host controls sandbox,,,,,,,,,,,No comparable runtime-by-country global table populated,No robust per-runtime gender cross-tab populated,,https://en.wikipedia.org/wiki/List_of_JavaScript_engines
274,L,LLRT,JavaScript / TypeScript,Application runtime,JavaScript / TypeScript,Interpreter / JIT / AOT varies,JavaScript source / engine-specific bytecode,Garbage collected,Server / embedded / edge / experimental,Host-dependent,,,,,,,,,,,No comparable runtime-by-country global table populated,No robust per-runtime gender cross-tab populated,,https://en.wikipedia.org/wiki/List_of_JavaScript_engines
275,L,LLVM lli Execution Engine,Native / compiled-language runtime systems,Runtime system / execution engine,"Go, Haskell, OCaml, Julia, R, Swift, Kotlin Native, Rust, Zig, Nim, D, Ada, Fortran and others",Native compiled / JIT / bytecode varies,Native code / LLVM IR / language-specific IR,Manual / GC / ARC / ownership varies,Native desktop/server/embedded,OS process boundary,,,,,,,,,,,No comparable runtime-by-country global table populated,No robust per-runtime gender cross-tab populated,,https://en.wikipedia.org/wiki/Comparison_of_application_virtualization_software
276,L,LLVM MCJIT,Native / compiled-language runtime systems,Runtime system / execution engine,"Go, Haskell, OCaml, Julia, R, Swift, Kotlin Native, Rust, Zig, Nim, D, Ada, Fortran and others",Native compiled / JIT / bytecode varies,Native code / LLVM IR / language-specific IR,Manual / GC / ARC / ownership varies,Native desktop/server/embedded,OS process boundary,,,,,,,,,,,No comparable runtime-by-country global table populated,No robust per-runtime gender cross-tab populated,,https://en.wikipedia.org/wiki/Comparison_of_application_virtualization_software
277,L,LLVM OpenMP Runtime,GPU / accelerator,Accelerator execution runtime,"CUDA, HIP, OpenCL, SYCL, C/C++, accelerator kernels",JIT / AOT / device execution,PTX / SPIR-V / native GPU code,Host/device managed,GPU / accelerator computing,Driver/device boundary,,,,,,,,,,,No comparable runtime-by-country global table populated,No robust per-runtime gender cross-tab populated,,https://docs.nvidia.com/cuda/cuda-runtime-api/index.html
278,L,LLVM ORC JIT,Native / compiled-language runtime systems,Runtime system / execution engine,"Go, Haskell, OCaml, Julia, R, Swift, Kotlin Native, Rust, Zig, Nim, D, Ada, Fortran and others",Native compiled / JIT / bytecode varies,Native code / LLVM IR / language-specific IR,Manual / GC / ARC / ownership varies,Native desktop/server/embedded,OS process boundary,,,,,,,,,,,No comparable runtime-by-country global table populated,No robust per-runtime gender cross-tab populated,,https://en.wikipedia.org/wiki/Comparison_of_application_virtualization_software
279,L,LLVM Virtual Machine Model,Historical / portable VMs,Virtual machine / educational or legacy runtime,Various,Interpreter / JIT / AOT varies,Portable bytecode / IR,Varies,"Historical, research, legacy systems",Host-dependent,,,,,,,,,,,No comparable runtime-by-country global table populated,No robust per-runtime gender cross-tab populated,,https://en.wikipedia.org/wiki/Comparison_of_application_virtualization_software
280,L,Loko Scheme Runtime,Lisp / Scheme / Clojure,Language runtime / compiler runtime,"Common Lisp, Scheme, Clojure",Native compiler / bytecode interpreter / JVM / JS varies,Native / JVM bytecode / VM bytecode,Garbage collected,"Server, desktop, scripting, embedded",Host-dependent,,,,,,,,,,,No comparable runtime-by-country global table populated,No robust per-runtime gender cross-tab populated,,https://en.wikipedia.org/wiki/List_of_Lisp_software_and_tools
281,L,Lua-ML VM,Lua,Language runtime / VM / JIT,Lua / Lua-derived languages,Interpreter / trace JIT / native varies,Lua bytecode / native / JavaScript / BEAM,Garbage collected,"Embedded, games, servers, scripting",Embedding host controls sandbox,,,,,,,,,,,No comparable runtime-by-country global table populated,No robust per-runtime gender cross-tab populated,,https://luajit.org/luajit.html
282,L,Lua.NET,Lua,Language runtime / VM / JIT,Lua / Lua-derived languages,Interpreter / trace JIT / native varies,Lua bytecode / native / JavaScript / BEAM,Garbage collected,"Embedded, games, servers, scripting",Embedding host controls sandbox,,,,,,,,,,,No comparable runtime-by-country global table populated,No robust per-runtime gender cross-tab populated,,https://luajit.org/luajit.html
283,L,LuaCLR,Lua,Language runtime / VM / JIT,Lua / Lua-derived languages,Interpreter / trace JIT / native varies,Lua bytecode / native / JavaScript / BEAM,Garbage collected,"Embedded, games, servers, scripting",Embedding host controls sandbox,,,,,,,,,,,No comparable runtime-by-country global table populated,No robust per-runtime gender cross-tab populated,,https://luajit.org/luajit.html
284,L,LuaJ,Lua,Language runtime / VM / JIT,Lua / Lua-derived languages,Interpreter / trace JIT / native varies,Lua bytecode / native / JavaScript / BEAM,Garbage collected,"Embedded, games, servers, scripting",Embedding host controls sandbox,,,,,,,,,,,No comparable runtime-by-country global table populated,No robust per-runtime gender cross-tab populated,,https://luajit.org/luajit.html
285,L,LuaJava Runtime,Lua,Language runtime / VM / JIT,Lua / Lua-derived languages,Interpreter / trace JIT / native varies,Lua bytecode / native / JavaScript / BEAM,Garbage collected,"Embedded, games, servers, scripting",Embedding host controls sandbox,,,,,,,,,,,No comparable runtime-by-country global table populated,No robust per-runtime gender cross-tab populated,,https://luajit.org/luajit.html
286,L,LuaJIT,Lua,Language runtime / VM / JIT,Lua / Lua-derived languages,Interpreter / trace JIT / native varies,Lua bytecode / native / JavaScript / BEAM,Garbage collected,"Embedded, games, servers, scripting",Embedding host controls sandbox,LuaJIT Project,,,,,,,,,,No comparable runtime-by-country global table populated,No robust per-runtime gender cross-tab populated,Trace-JIT implementation of Lua with interpreter and native code generation.,https://luajit.org/luajit.html
287,L,LuaRT,Lua,Language runtime / VM / JIT,Lua / Lua-derived languages,Interpreter / trace JIT / native varies,Lua bytecode / native / JavaScript / BEAM,Garbage collected,"Embedded, games, servers, scripting",Embedding host controls sandbox,,,,,,,,,,,No comparable runtime-by-country global table populated,No robust per-runtime gender cross-tab populated,,https://luajit.org/luajit.html
288,L,Luau VM,Lua,Language runtime / VM / JIT,Lua / Lua-derived languages,Interpreter / trace JIT / native varies,Lua bytecode / native / JavaScript / BEAM,Garbage collected,"Embedded, games, servers, scripting",Embedding host controls sandbox,,,,,,,,,,,No comparable runtime-by-country global table populated,No robust per-runtime gender cross-tab populated,,https://luajit.org/luajit.html
289,L,LuaVela,Lua,Language runtime / VM / JIT,Lua / Lua-derived languages,Interpreter / trace JIT / native varies,Lua bytecode / native / JavaScript / BEAM,Garbage collected,"Embedded, games, servers, scripting",Embedding host controls sandbox,,,,,,,,,,,No comparable runtime-by-country global table populated,No robust per-runtime gender cross-tab populated,,https://luajit.org/luajit.html
290,L,Lucet,WebAssembly / WASI,WebAssembly runtime / engine,"WebAssembly, WASI components",Interpreter / JIT / AOT varies,Wasm / Component Model,Sandboxed linear memory,"Server, edge, embedded, plugins, blockchain",Wasm sandbox + capability model when WASI is used,,,,,,,,,,,No comparable runtime-by-country global table populated,No robust per-runtime gender cross-tab populated,,https://github.com/appcypher/awesome-wasm-runtimes
291,L,Luerl,Lua,Language runtime / VM / JIT,Lua / Lua-derived languages,Interpreter / trace JIT / native varies,Lua bytecode / native / JavaScript / BEAM,Garbage collected,"Embedded, games, servers, scripting",Embedding host controls sandbox,,,,,,,,,,,No comparable runtime-by-country global table populated,No robust per-runtime gender cross-tab populated,,https://luajit.org/luajit.html
292,L,Luerl Runtime,BEAM / Erlang,Concurrent VM / runtime system,"Erlang, Elixir, Gleam, LFE and BEAM languages",Bytecode interpreter + JIT / AOT variants,BEAM bytecode,Per-process GC / managed memory,"Server, distributed systems, embedded",Process isolation inside VM + OS boundary,Erlang/OTP ecosystem,,,,,,,,,,No comparable runtime-by-country global table populated,No robust per-runtime gender cross-tab populated,,https://www.erlang.org/docs/27/system/system_principles.html
293,L,Lumen Runtime,BEAM / Erlang,Concurrent VM / runtime system,"Erlang, Elixir, Gleam, LFE and BEAM languages",Bytecode interpreter + JIT / AOT variants,BEAM bytecode,Per-process GC / managed memory,"Server, distributed systems, embedded",Process isolation inside VM + OS boundary,Erlang/OTP ecosystem,,,,,,,,,,No comparable runtime-by-country global table populated,No robust per-runtime gender cross-tab populated,,https://www.erlang.org/docs/27/system/system_principles.html
294,L,Lunatic,WebAssembly / WASI,WebAssembly runtime / engine,"WebAssembly, WASI components",Interpreter / JIT / AOT varies,Wasm / Component Model,Sandboxed linear memory,"Server, edge, embedded, plugins, blockchain",Wasm sandbox + capability model when WASI is used,,,,,,,,,,,No comparable runtime-by-country global table populated,No robust per-runtime gender cross-tab populated,,https://github.com/appcypher/awesome-wasm-runtimes
295,M,MacRuby,Ruby,Language runtime / VM / JIT,Ruby,Interpreter / bytecode VM / JIT / AOT varies,YARV bytecode / JVM bytecode / native / JavaScript varies,Garbage collected,"Server, desktop, embedded, browser",Host-dependent,,,,,,,,,,,No comparable runtime-by-country global table populated,No robust per-runtime gender cross-tab populated,,https://en.wikipedia.org/wiki/Comparison_of_application_virtualization_software
296,M,Maglev,JavaScript engines,Language engine / VM,JavaScript; some WebAssembly,Interpreter + JIT varies,Engine bytecode / machine code,Garbage collected,"Browsers, runtimes, embedded applications",Embedding host controls sandbox,,,,,,,,,,,No comparable runtime-by-country global table populated,No robust per-runtime gender cross-tab populated,,https://en.wikipedia.org/wiki/List_of_JavaScript_engines
297,M,MagLev Ruby,Ruby,Language runtime / VM / JIT,Ruby,Interpreter / bytecode VM / JIT / AOT varies,YARV bytecode / JVM bytecode / native / JavaScript varies,Garbage collected,"Server, desktop, embedded, browser",Host-dependent,,,,,,,,,,,No comparable runtime-by-country global table populated,No robust per-runtime gender cross-tab populated,,https://en.wikipedia.org/wiki/Comparison_of_application_virtualization_software
298,M,Mandrel,JVM,JVM implementation / managed runtime,Java bytecode / JVM languages,Interpreter + tiered JIT / AOT varies,JVM bytecode,Garbage collected,"Server, desktop, cloud, embedded",Managed runtime; process boundary,,,,,,,,,,,No comparable runtime-by-country global table populated,No robust per-runtime gender cross-tab populated,,https://en.wikipedia.org/wiki/List_of_Java_virtual_machines
299,M,Mathematica Kernel,Other language runtimes,Language runtime / VM / execution environment,"Prolog, Tcl, AWK, Forth, Haxe, Dart and others",Interpreter / JIT / AOT / native varies,Language-specific bytecode / native / JS / Wasm,Varies,"CLI, server, desktop, browser, embedded",Host-dependent,,,,,,,,,,,No comparable runtime-by-country global table populated,No robust per-runtime gender cross-tab populated,,https://en.wikipedia.org/wiki/Comparison_of_application_virtualization_software
300,M,MATLAB Runtime,Other language runtimes,Language runtime / VM / execution environment,"Prolog, Tcl, AWK, Forth, Haxe, Dart and others",Interpreter / JIT / AOT / native varies,Language-specific bytecode / native / JS / Wasm,Varies,"CLI, server, desktop, browser, embedded",Host-dependent,,,,,,,,,,,No comparable runtime-by-country global table populated,No robust per-runtime gender cross-tab populated,,https://en.wikipedia.org/wiki/Comparison_of_application_virtualization_software
301,M,mawk Runtime,Other language runtimes,Language runtime / VM / execution environment,"Prolog, Tcl, AWK, Forth, Haxe, Dart and others",Interpreter / JIT / AOT / native varies,Language-specific bytecode / native / JS / Wasm,Varies,"CLI, server, desktop, browser, embedded",Host-dependent,,,,,,,,,,,No comparable runtime-by-country global table populated,No robust per-runtime gender cross-tab populated,,https://en.wikipedia.org/wiki/Comparison_of_application_virtualization_software
302,M,Maxine VM,JVM,JVM implementation / managed runtime,Java bytecode / JVM languages,Interpreter + tiered JIT / AOT varies,JVM bytecode,Garbage collected,"Server, desktop, cloud, embedded",Managed runtime; process boundary,,,,,,,,,,,No comparable runtime-by-country global table populated,No robust per-runtime gender cross-tab populated,,https://en.wikipedia.org/wiki/List_of_Java_virtual_machines
303,M,Melange JavaScript Runtime,Native / compiled-language runtime systems,Runtime system / execution engine,"Go, Haskell, OCaml, Julia, R, Swift, Kotlin Native, Rust, Zig, Nim, D, Ada, Fortran and others",Native compiled / JIT / bytecode varies,Native code / LLVM IR / language-specific IR,Manual / GC / ARC / ownership varies,Native desktop/server/embedded,OS process boundary,,,,,,,,,,,No comparable runtime-by-country global table populated,No robust per-runtime gender cross-tab populated,,https://en.wikipedia.org/wiki/Comparison_of_application_virtualization_software
304,M,Metal Runtime,GPU / accelerator,Accelerator execution runtime,"CUDA, HIP, OpenCL, SYCL, C/C++, accelerator kernels",JIT / AOT / device execution,PTX / SPIR-V / native GPU code,Host/device managed,GPU / accelerator computing,Driver/device boundary,,,,,,,,,,,No comparable runtime-by-country global table populated,No robust per-runtime gender cross-tab populated,,https://docs.nvidia.com/cuda/cuda-runtime-api/index.html
305,M,MicroEJ VEE,Embedded / constrained,Embedded runtime / VM,"Java ME, .NET, Python, JavaScript, Ruby, Lua, Go, WebAssembly",Interpreter / AOT / JIT varies,Bytecode / native / Wasm,Small-footprint managed or manual,"Microcontrollers, IoT, RTOS",Device/firmware constraints,,,,,,,,,,,No comparable runtime-by-country global table populated,No robust per-runtime gender cross-tab populated,,https://en.wikipedia.org/wiki/Comparison_of_application_virtualization_software
306,M,MicroEJ Virtual Execution Environment,Embedded / constrained,Embedded runtime / VM,"Java ME, .NET, Python, JavaScript, Ruby, Lua, Go, WebAssembly",Interpreter / AOT / JIT varies,Bytecode / native / Wasm,Small-footprint managed or manual,"Microcontrollers, IoT, RTOS",Device/firmware constraints,,,,,,,,,,,No comparable runtime-by-country global table populated,No robust per-runtime gender cross-tab populated,,https://en.wikipedia.org/wiki/Comparison_of_application_virtualization_software
307,M,MicroPython,Python,Language runtime / implementation,Python,Bytecode interpreter / JIT / AOT varies,Python bytecode / JVM / CLR / Wasm / native varies,Garbage collected / reference counting varies,"Server, desktop, browser, embedded",Host-dependent,MicroPython Project,,,,,,,,,,No comparable runtime-by-country global table populated,No robust per-runtime gender cross-tab populated,Lean Python implementation optimized for microcontrollers and constrained environments.,https://www.micropython.org/
308,M,MicroPython Bare-Metal Runtime,Embedded / constrained,Embedded runtime / VM,"Java ME, .NET, Python, JavaScript, Ruby, Lua, Go, WebAssembly",Interpreter / AOT / JIT varies,Bytecode / native / Wasm,Small-footprint managed or manual,"Microcontrollers, IoT, RTOS",Device/firmware constraints,MicroPython Project,,,,,,,,,,No comparable runtime-by-country global table populated,No robust per-runtime gender cross-tab populated,MicroPython execution on microcontrollers/bare metal.,https://www.micropython.org/
309,M,Microsoft Build of OpenJDK HotSpot,JVM,JVM implementation / managed runtime,Java bytecode / JVM languages,Interpreter + tiered JIT / AOT varies,JVM bytecode,Garbage collected,"Server, desktop, cloud, embedded",Managed runtime; process boundary,,,,,,,,,,,No comparable runtime-by-country global table populated,No robust per-runtime gender cross-tab populated,,https://en.wikipedia.org/wiki/List_of_Java_virtual_machines
310,M,Microsoft ClearScript,JavaScript engines,Language engine / VM,JavaScript; some WebAssembly,Interpreter + JIT varies,Engine bytecode / machine code,Garbage collected,"Browsers, runtimes, embedded applications",Embedding host controls sandbox,,,,,,,,,,,No comparable runtime-by-country global table populated,No robust per-runtime gender cross-tab populated,,https://en.wikipedia.org/wiki/List_of_JavaScript_engines
311,M,Microsoft JVM,JVM,JVM implementation / managed runtime,Java bytecode / JVM languages,Interpreter + tiered JIT / AOT varies,JVM bytecode,Garbage collected,"Server, desktop, cloud, embedded",Managed runtime; process boundary,,,,,,,,,,,No comparable runtime-by-country global table populated,No robust per-runtime gender cross-tab populated,,https://en.wikipedia.org/wiki/List_of_Java_virtual_machines
312,M,Microsoft Universal CRT,Native system runtimes,Runtime library / ABI layer,"C, C++ and native languages",Native execution support,Native machine code / ABI,Manual / language-specific,"Operating systems, embedded, native applications",OS process boundary,,,,,,,,,,,No comparable runtime-by-country global table populated,No robust per-runtime gender cross-tab populated,,https://en.wikipedia.org/wiki/Comparison_of_application_virtualization_software
313,M,Microsoft Visual J++ VM,Historical / portable VMs,Virtual machine / educational or legacy runtime,Various,Interpreter / JIT / AOT varies,Portable bytecode / IR,Varies,"Historical, research, legacy systems",Host-dependent,,,,,,,,,,,No comparable runtime-by-country global table populated,No robust per-runtime gender cross-tab populated,,https://en.wikipedia.org/wiki/Comparison_of_application_virtualization_software
314,M,Mika VM,JVM,JVM implementation / managed runtime,Java bytecode / JVM languages,Interpreter + tiered JIT / AOT varies,JVM bytecode,Garbage collected,"Server, desktop, cloud, embedded",Managed runtime; process boundary,,,,,,,,,,,No comparable runtime-by-country global table populated,No robust per-runtime gender cross-tab populated,,https://en.wikipedia.org/wiki/List_of_Java_virtual_machines
315,M,MinGW-w64 CRT,Native system runtimes,Runtime library / ABI layer,"C, C++ and native languages",Native execution support,Native machine code / ABI,Manual / language-specific,"Operating systems, embedded, native applications",OS process boundary,,,,,,,,,,,No comparable runtime-by-country global table populated,No robust per-runtime gender cross-tab populated,,https://en.wikipedia.org/wiki/Comparison_of_application_virtualization_software
316,M,MIT/GNU Scheme Runtime,Lisp / Scheme / Clojure,Language runtime / compiler runtime,"Common Lisp, Scheme, Clojure",Native compiler / bytecode interpreter / JVM / JS varies,Native / JVM bytecode / VM bytecode,Garbage collected,"Server, desktop, scripting, embedded",Host-dependent,,,,,,,,,,,No comparable runtime-by-country global table populated,No robust per-runtime gender cross-tab populated,,https://en.wikipedia.org/wiki/List_of_Lisp_software_and_tools
317,M,MJIT,Ruby,Language runtime / VM / JIT,Ruby,Interpreter / bytecode VM / JIT / AOT varies,YARV bytecode / JVM bytecode / native / JavaScript varies,Garbage collected,"Server, desktop, embedded, browser",Host-dependent,,,,,,,,,,,No comparable runtime-by-country global table populated,No robust per-runtime gender cross-tab populated,,https://en.wikipedia.org/wiki/Comparison_of_application_virtualization_software
318,M,mJS,JavaScript engines,Language engine / VM,JavaScript; some WebAssembly,Interpreter + JIT varies,Engine bytecode / machine code,Garbage collected,"Browsers, runtimes, embedded applications",Embedding host controls sandbox,,,,,,,,,,,No comparable runtime-by-country global table populated,No robust per-runtime gender cross-tab populated,,https://en.wikipedia.org/wiki/List_of_JavaScript_engines
319,M,MKCL Runtime,Lisp / Scheme / Clojure,Language runtime / compiler runtime,"Common Lisp, Scheme, Clojure",Native compiler / bytecode interpreter / JVM / JS varies,Native / JVM bytecode / VM bytecode,Garbage collected,"Server, desktop, scripting, embedded",Host-dependent,,,,,,,,,,,No comparable runtime-by-country global table populated,No robust per-runtime gender cross-tab populated,,https://en.wikipedia.org/wiki/List_of_Lisp_software_and_tools
320,M,MoarVM,Perl / Raku,Language VM / runtime,"Perl, Raku, NQP",Interpreter / JIT varies,OP tree / MoarVM bytecode / JVM bytecode / Parrot bytecode,Garbage collected / reference counting varies,"Server, CLI, scripting",Host-dependent,,,,,,,,,,,No comparable runtime-by-country global table populated,No robust per-runtime gender cross-tab populated,,https://en.wikipedia.org/wiki/Comparison_of_application_virtualization_software
321,M,Moddable XS,JavaScript engines,Language engine / VM,JavaScript; some WebAssembly,Interpreter + JIT varies,Engine bytecode / machine code,Garbage collected,"Browsers, runtimes, embedded applications",Embedding host controls sandbox,,,,,,,,,,,No comparable runtime-by-country global table populated,No robust per-runtime gender cross-tab populated,,https://en.wikipedia.org/wiki/List_of_JavaScript_engines
322,M,Moddable XS Embedded Runtime,Embedded / constrained,Embedded runtime / VM,"Java ME, .NET, Python, JavaScript, Ruby, Lua, Go, WebAssembly",Interpreter / AOT / JIT varies,Bytecode / native / Wasm,Small-footprint managed or manual,"Microcontrollers, IoT, RTOS",Device/firmware constraints,,,,,,,,,,,No comparable runtime-by-country global table populated,No robust per-runtime gender cross-tab populated,,https://en.wikipedia.org/wiki/Comparison_of_application_virtualization_software
323,M,Mono AOT,.NET / CLI,Managed runtime / AOT runtime,CLI languages / CIL,JIT / AOT / interpreter varies,CIL / native code / Wasm,Garbage collected,"Desktop, server, mobile, games, browser, embedded",Host-dependent,,,,,,,,,,,No comparable runtime-by-country global table populated,No robust per-runtime gender cross-tab populated,,https://learn.microsoft.com/en-us/dotnet/fundamentals/implementations
324,M,Mono Interpreter,.NET / CLI,Managed runtime / AOT runtime,CLI languages / CIL,JIT / AOT / interpreter varies,CIL / native code / Wasm,Garbage collected,"Desktop, server, mobile, games, browser, embedded",Host-dependent,,,,,,,,,,,No comparable runtime-by-country global table populated,No robust per-runtime gender cross-tab populated,,https://learn.microsoft.com/en-us/dotnet/fundamentals/implementations
325,M,Mono Runtime,.NET / CLI,Managed runtime / AOT runtime,CLI languages / CIL,JIT / AOT / interpreter varies,CIL / native code / Wasm,Garbage collected,"Desktop, server, mobile, games, browser, embedded",Host-dependent,,,,,,,,,,,No comparable runtime-by-country global table populated,No robust per-runtime gender cross-tab populated,,https://learn.microsoft.com/en-us/dotnet/fundamentals/implementations
326,M,MoonSharp,Lua,Language runtime / VM / JIT,Lua / Lua-derived languages,Interpreter / trace JIT / native varies,Lua bytecode / native / JavaScript / BEAM,Garbage collected,"Embedded, games, servers, scripting",Embedding host controls sandbox,,,,,,,,,,,No comparable runtime-by-country global table populated,No robust per-runtime gender cross-tab populated,,https://luajit.org/luajit.html
327,M,Movitz Runtime,Lisp / Scheme / Clojure,Language runtime / compiler runtime,"Common Lisp, Scheme, Clojure",Native compiler / bytecode interpreter / JVM / JS varies,Native / JVM bytecode / VM bytecode,Garbage collected,"Server, desktop, scripting, embedded",Host-dependent,,,,,,,,,,,No comparable runtime-by-country global table populated,No robust per-runtime gender cross-tab populated,,https://en.wikipedia.org/wiki/List_of_Lisp_software_and_tools
328,M,mruby,Ruby,Language runtime / VM / JIT,Ruby,Interpreter / bytecode VM / JIT / AOT varies,YARV bytecode / JVM bytecode / native / JavaScript varies,Garbage collected,"Server, desktop, embedded, browser",Host-dependent,,,,,,,,,,,No comparable runtime-by-country global table populated,No robust per-runtime gender cross-tab populated,,https://en.wikipedia.org/wiki/Comparison_of_application_virtualization_software
329,M,mruby Embedded Runtime,Embedded / constrained,Embedded runtime / VM,"Java ME, .NET, Python, JavaScript, Ruby, Lua, Go, WebAssembly",Interpreter / AOT / JIT varies,Bytecode / native / Wasm,Small-footprint managed or manual,"Microcontrollers, IoT, RTOS",Device/firmware constraints,,,,,,,,,,,No comparable runtime-by-country global table populated,No robust per-runtime gender cross-tab populated,,https://en.wikipedia.org/wiki/Comparison_of_application_virtualization_software
330,M,MSVC C++ Runtime,Native system runtimes,Runtime library / ABI layer,"C, C++ and native languages",Native execution support,Native machine code / ABI,Manual / language-specific,"Operating systems, embedded, native applications",OS process boundary,,,,,,,,,,,No comparable runtime-by-country global table populated,No robust per-runtime gender cross-tab populated,,https://en.wikipedia.org/wiki/Comparison_of_application_virtualization_software
331,M,MSVCRT,Native system runtimes,Runtime library / ABI layer,"C, C++ and native languages",Native execution support,Native machine code / ABI,Manual / language-specific,"Operating systems, embedded, native applications",OS process boundary,,,,,,,,,,,No comparable runtime-by-country global table populated,No robust per-runtime gender cross-tab populated,,https://en.wikipedia.org/wiki/Comparison_of_application_virtualization_software
332,M,MuJS,JavaScript engines,Language engine / VM,JavaScript; some WebAssembly,Interpreter + JIT varies,Engine bytecode / machine code,Garbage collected,"Browsers, runtimes, embedded applications",Embedding host controls sandbox,,,,,,,,,,,No comparable runtime-by-country global table populated,No robust per-runtime gender cross-tab populated,,https://en.wikipedia.org/wiki/List_of_JavaScript_engines
333,M,musl libc,Native system runtimes,Runtime library / ABI layer,"C, C++ and native languages",Native execution support,Native machine code / ABI,Manual / language-specific,"Operating systems, embedded, native applications",OS process boundary,,,,,,,,,,,No comparable runtime-by-country global table populated,No robust per-runtime gender cross-tab populated,,https://en.wikipedia.org/wiki/Comparison_of_application_virtualization_software
334,M,Mysaifu JVM,JVM,JVM implementation / managed runtime,Java bytecode / JVM languages,Interpreter + tiered JIT / AOT varies,JVM bytecode,Garbage collected,"Server, desktop, cloud, embedded",Managed runtime; process boundary,,,,,,,,,,,No comparable runtime-by-country global table populated,No robust per-runtime gender cross-tab populated,,https://en.wikipedia.org/wiki/List_of_Java_virtual_machines
335,N,NanoFramework CLR,.NET / CLI,Managed runtime / AOT runtime,CLI languages / CIL,JIT / AOT / interpreter varies,CIL / native code / Wasm,Garbage collected,"Desktop, server, mobile, games, browser, embedded",Host-dependent,,,,,,,,,,,No comparable runtime-by-country global table populated,No robust per-runtime gender cross-tab populated,,https://learn.microsoft.com/en-us/dotnet/fundamentals/implementations
336,N,Napa.js,JavaScript / TypeScript,Application runtime,JavaScript / TypeScript,Interpreter / JIT / AOT varies,JavaScript source / engine-specific bytecode,Garbage collected,Server / embedded / edge / experimental,Host-dependent,,,,,,,,,,,No comparable runtime-by-country global table populated,No robust per-runtime gender cross-tab populated,,https://en.wikipedia.org/wiki/List_of_JavaScript_engines
337,N,Nashorn,JavaScript engines,Language engine / VM,JavaScript; some WebAssembly,Interpreter + JIT varies,Engine bytecode / machine code,Garbage collected,"Browsers, runtimes, embedded applications",Embedding host controls sandbox,,,,,,,,,,,No comparable runtime-by-country global table populated,No robust per-runtime gender cross-tab populated,,https://en.wikipedia.org/wiki/List_of_JavaScript_engines
338,N,Natalie Ruby,Ruby,Language runtime / VM / JIT,Ruby,Interpreter / bytecode VM / JIT / AOT varies,YARV bytecode / JVM bytecode / native / JavaScript varies,Garbage collected,"Server, desktop, embedded, browser",Host-dependent,,,,,,,,,,,No comparable runtime-by-country global table populated,No robust per-runtime gender cross-tab populated,,https://en.wikipedia.org/wiki/Comparison_of_application_virtualization_software
339,N,NativeAOT,.NET / CLI,Managed runtime / AOT runtime,CLI languages / CIL,JIT / AOT / interpreter varies,CIL / native code / Wasm,Garbage collected,"Desktop, server, mobile, games, browser, embedded",Host-dependent,Microsoft / .NET,,,,,,,,,,No comparable runtime-by-country global table populated,No robust per-runtime gender cross-tab populated,Ahead-of-time deployment model that compiles .NET IL to native code and does not require JIT at runtime.,https://learn.microsoft.com/en-us/dotnet/core/deploying/native-aot/
340,N,Neko VM,Other language runtimes,Language runtime / VM / execution environment,"Prolog, Tcl, AWK, Forth, Haxe, Dart and others",Interpreter / JIT / AOT / native varies,Language-specific bytecode / native / JS / Wasm,Varies,"CLI, server, desktop, browser, embedded",Host-dependent,,,,,,,,,,,No comparable runtime-by-country global table populated,No robust per-runtime gender cross-tab populated,,https://en.wikipedia.org/wiki/Comparison_of_application_virtualization_software
341,N,NekoVM,Historical / portable VMs,Virtual machine / educational or legacy runtime,Various,Interpreter / JIT / AOT varies,Portable bytecode / IR,Varies,"Historical, research, legacy systems",Host-dependent,,,,,,,,,,,No comparable runtime-by-country global table populated,No robust per-runtime gender cross-tab populated,,https://en.wikipedia.org/wiki/Comparison_of_application_virtualization_software
342,N,Netlify Edge Functions Runtime,Edge / serverless,Managed execution platform,Multi-language / JavaScript / WebAssembly varies,Managed process / isolate / Wasm execution,Provider-defined,Provider-managed,Cloud / edge,Provider sandbox / isolate / container boundary,,,,,,6,609,6.3,,,No comparable runtime-by-country global table populated,No robust per-runtime gender cross-tab populated,Execution platform rather than a standalone language VM; overlaps cloud/serverless taxonomy.,https://2025.stateofjs.com/en-US/other-tools/
343,N,Netlify Functions Runtime,Edge / serverless,Managed execution platform,Multi-language / JavaScript / WebAssembly varies,Managed process / isolate / Wasm execution,Provider-defined,Provider-managed,Cloud / edge,Provider sandbox / isolate / container boundary,,,,,,,,,,,No comparable runtime-by-country global table populated,No robust per-runtime gender cross-tab populated,Execution platform rather than a standalone language VM; overlaps cloud/serverless taxonomy.,https://2025.stateofjs.com/en-US/other-tools/
344,N,newlib,Native system runtimes,Runtime library / ABI layer,"C, C++ and native languages",Native execution support,Native machine code / ABI,Manual / language-specific,"Operating systems, embedded, native applications",OS process boundary,,,,,,,,,,,No comparable runtime-by-country global table populated,No robust per-runtime gender cross-tab populated,,https://en.wikipedia.org/wiki/Comparison_of_application_virtualization_software
345,N,Newspeak VM,Smalltalk / Self,Object VM / language runtime,"Smalltalk, Self, Newspeak",Bytecode interpreter + JIT varies,Smalltalk bytecode / object memory,Garbage collected,"Desktop, research, server, browser",Host-dependent,,,,,,,,,,,No comparable runtime-by-country global table populated,No robust per-runtime gender cross-tab populated,,https://opensmalltalk.org/
346,N,Nidium,JavaScript / TypeScript,Application runtime,JavaScript / TypeScript,Interpreter / JIT / AOT varies,JavaScript source / engine-specific bytecode,Garbage collected,Server / embedded / edge / experimental,Host-dependent,,,,,,,,,,,No comparable runtime-by-country global table populated,No robust per-runtime gender cross-tab populated,,https://en.wikipedia.org/wiki/List_of_JavaScript_engines
347,N,Nim ARC/ORC Runtime,Native / compiled-language runtime systems,Runtime system / execution engine,"Go, Haskell, OCaml, Julia, R, Swift, Kotlin Native, Rust, Zig, Nim, D, Ada, Fortran and others",Native compiled / JIT / bytecode varies,Native code / LLVM IR / language-specific IR,Manual / GC / ARC / ownership varies,Native desktop/server/embedded,OS process boundary,,,,,,,,,,,No comparable runtime-by-country global table populated,No robust per-runtime gender cross-tab populated,,https://en.wikipedia.org/wiki/Comparison_of_application_virtualization_software
348,N,Nim C Runtime,Other language runtimes,Language runtime / VM / execution environment,"Prolog, Tcl, AWK, Forth, Haxe, Dart and others",Interpreter / JIT / AOT / native varies,Language-specific bytecode / native / JS / Wasm,Varies,"CLI, server, desktop, browser, embedded",Host-dependent,,,,,,,,,,,No comparable runtime-by-country global table populated,No robust per-runtime gender cross-tab populated,,https://en.wikipedia.org/wiki/Comparison_of_application_virtualization_software
349,N,Nim JS Runtime,Other language runtimes,Language runtime / VM / execution environment,"Prolog, Tcl, AWK, Forth, Haxe, Dart and others",Interpreter / JIT / AOT / native varies,Language-specific bytecode / native / JS / Wasm,Varies,"CLI, server, desktop, browser, embedded",Host-dependent,,,,,,,,,,,No comparable runtime-by-country global table populated,No robust per-runtime gender cross-tab populated,,https://en.wikipedia.org/wiki/Comparison_of_application_virtualization_software
350,N,Nim Runtime,Native / compiled-language runtime systems,Runtime system / execution engine,"Go, Haskell, OCaml, Julia, R, Swift, Kotlin Native, Rust, Zig, Nim, D, Ada, Fortran and others",Native compiled / JIT / bytecode varies,Native code / LLVM IR / language-specific IR,Manual / GC / ARC / ownership varies,Native desktop/server/embedded,OS process boundary,,,,,,,,,,,No comparable runtime-by-country global table populated,No robust per-runtime gender cross-tab populated,,https://en.wikipedia.org/wiki/Comparison_of_application_virtualization_software
351,N,Nitro JavaScript Engine,JavaScript engines,Language engine / VM,JavaScript; some WebAssembly,Interpreter + JIT varies,Engine bytecode / machine code,Garbage collected,"Browsers, runtimes, embedded applications",Embedding host controls sandbox,,,,,,,,,,,No comparable runtime-by-country global table populated,No robust per-runtime gender cross-tab populated,,https://en.wikipedia.org/wiki/List_of_JavaScript_engines
352,N,Node V8 Runtime,Other language runtimes,Language runtime / VM / execution environment,"Prolog, Tcl, AWK, Forth, Haxe, Dart and others",Interpreter / JIT / AOT / native varies,Language-specific bytecode / native / JS / Wasm,Varies,"CLI, server, desktop, browser, embedded",Host-dependent,,,,,,,,,,,No comparable runtime-by-country global table populated,No robust per-runtime gender cross-tab populated,,https://en.wikipedia.org/wiki/Comparison_of_application_virtualization_software
353,N,Node.js,JavaScript / TypeScript,Application runtime,JavaScript; TypeScript support,JIT + interpreter,JavaScript source / V8 bytecode,Garbage collected,"Server, CLI, tooling, desktop backends",Process/OS permissions,OpenJS Foundation,Built on V8,1,10062,90.3,,,,1,48.7,No comparable runtime-by-country global table populated,No robust per-runtime gender cross-tab populated,Cross-platform JavaScript runtime; major ecosystem runtime.,https://nodejs.org/en/learn/getting-started/introduction-to-nodejs
354,N,Nodyn,JavaScript / TypeScript,Application runtime,JavaScript / TypeScript,Interpreter / JIT / AOT varies,JavaScript source / engine-specific bytecode,Garbage collected,Server / embedded / edge / experimental,Host-dependent,,,,,,,,,,,No comparable runtime-by-country global table populated,No robust per-runtime gender cross-tab populated,,https://en.wikipedia.org/wiki/List_of_JavaScript_engines
355,N,NQP Runtime,Perl / Raku,Language VM / runtime,"Perl, Raku, NQP",Interpreter / JIT varies,OP tree / MoarVM bytecode / JVM bytecode / Parrot bytecode,Garbage collected / reference counting varies,"Server, CLI, scripting",Host-dependent,,,,,,,,,,,No comparable runtime-by-country global table populated,No robust per-runtime gender cross-tab populated,,https://en.wikipedia.org/wiki/Comparison_of_application_virtualization_software
356,N,Nuitka Embedded CPython Runtime,Python,Language runtime / implementation,Python,Bytecode interpreter / JIT / AOT varies,Python bytecode / JVM / CLR / Wasm / native varies,Garbage collected / reference counting varies,"Server, desktop, browser, embedded",Host-dependent,,,,,,,,,,,No comparable runtime-by-country global table populated,No robust per-runtime gender cross-tab populated,,https://www.python.org/download/alternatives/
357,N,NVIDIA OpenMP Offload Runtime,GPU / accelerator,Accelerator execution runtime,"CUDA, HIP, OpenCL, SYCL, C/C++, accelerator kernels",JIT / AOT / device execution,PTX / SPIR-V / native GPU code,Host/device managed,GPU / accelerator computing,Driver/device boundary,,,,,,,,,,,No comparable runtime-by-country global table populated,No robust per-runtime gender cross-tab populated,,https://docs.nvidia.com/cuda/cuda-runtime-api/index.html
358,N,NVIDIA Triton Runtime,GPU / accelerator,Accelerator execution runtime,"CUDA, HIP, OpenCL, SYCL, C/C++, accelerator kernels",JIT / AOT / device execution,PTX / SPIR-V / native GPU code,Host/device managed,GPU / accelerator computing,Driver/device boundary,,,,,,,,,,,No comparable runtime-by-country global table populated,No robust per-runtime gender cross-tab populated,,https://docs.nvidia.com/cuda/cuda-runtime-api/index.html
359,N,NVRTC Runtime Compiler,GPU / accelerator,Accelerator execution runtime,"CUDA, HIP, OpenCL, SYCL, C/C++, accelerator kernels",JIT / AOT / device execution,PTX / SPIR-V / native GPU code,Host/device managed,GPU / accelerator computing,Driver/device boundary,,,,,,,,,,,No comparable runtime-by-country global table populated,No robust per-runtime gender cross-tab populated,,https://docs.nvidia.com/cuda/cuda-runtime-api/index.html
360,O,O-code Machine,Historical / portable VMs,Virtual machine / educational or legacy runtime,Various,Interpreter / JIT / AOT varies,Portable bytecode / IR,Varies,"Historical, research, legacy systems",Host-dependent,,,,,,,,,,,No comparable runtime-by-country global table populated,No robust per-runtime gender cross-tab populated,,https://en.wikipedia.org/wiki/Comparison_of_application_virtualization_software
361,O,OCaml 5 Multicore Runtime,Native / compiled-language runtime systems,Runtime system / execution engine,"Go, Haskell, OCaml, Julia, R, Swift, Kotlin Native, Rust, Zig, Nim, D, Ada, Fortran and others",Native compiled / JIT / bytecode varies,Native code / LLVM IR / language-specific IR,Manual / GC / ARC / ownership varies,Native desktop/server/embedded,OS process boundary,,,,,,,,,,,No comparable runtime-by-country global table populated,No robust per-runtime gender cross-tab populated,,https://en.wikipedia.org/wiki/Comparison_of_application_virtualization_software
362,O,OCaml Runtime,Native / compiled-language runtime systems,Runtime system / execution engine,"Go, Haskell, OCaml, Julia, R, Swift, Kotlin Native, Rust, Zig, Nim, D, Ada, Fortran and others",Native compiled / JIT / bytecode varies,Native code / LLVM IR / language-specific IR,Manual / GC / ARC / ownership varies,Native desktop/server/embedded,OS process boundary,,,,,,,,,,,No comparable runtime-by-country global table populated,No robust per-runtime gender cross-tab populated,,https://en.wikipedia.org/wiki/Comparison_of_application_virtualization_software
363,O,oneAPI DPC++ Runtime,GPU / accelerator,Accelerator execution runtime,"CUDA, HIP, OpenCL, SYCL, C/C++, accelerator kernels",JIT / AOT / device execution,PTX / SPIR-V / native GPU code,Host/device managed,GPU / accelerator computing,Driver/device boundary,,,,,,,,,,,No comparable runtime-by-country global table populated,No robust per-runtime gender cross-tab populated,,https://docs.nvidia.com/cuda/cuda-runtime-api/index.html
364,O,Opal Runtime,Ruby,Language runtime / VM / JIT,Ruby,Interpreter / bytecode VM / JIT / AOT varies,YARV bytecode / JVM bytecode / native / JavaScript varies,Garbage collected,"Server, desktop, embedded, browser",Host-dependent,,,,,,,,,,,No comparable runtime-by-country global table populated,No robust per-runtime gender cross-tab populated,,https://en.wikipedia.org/wiki/Comparison_of_application_virtualization_software
365,O,Open Firmware Forth Runtime,Other language runtimes,Language runtime / VM / execution environment,"Prolog, Tcl, AWK, Forth, Haxe, Dart and others",Interpreter / JIT / AOT / native varies,Language-specific bytecode / native / JS / Wasm,Varies,"CLI, server, desktop, browser, embedded",Host-dependent,,,,,,,,,,,No comparable runtime-by-country global table populated,No robust per-runtime gender cross-tab populated,,https://en.wikipedia.org/wiki/Comparison_of_application_virtualization_software
366,O,OpenACC Runtime,GPU / accelerator,Accelerator execution runtime,"CUDA, HIP, OpenCL, SYCL, C/C++, accelerator kernels",JIT / AOT / device execution,PTX / SPIR-V / native GPU code,Host/device managed,GPU / accelerator computing,Driver/device boundary,,,,,,,,,,,No comparable runtime-by-country global table populated,No robust per-runtime gender cross-tab populated,,https://docs.nvidia.com/cuda/cuda-runtime-api/index.html
367,O,OpenCL ICD Loader,GPU / accelerator,Accelerator execution runtime,"CUDA, HIP, OpenCL, SYCL, C/C++, accelerator kernels",JIT / AOT / device execution,PTX / SPIR-V / native GPU code,Host/device managed,GPU / accelerator computing,Driver/device boundary,,,,,,,,,,,No comparable runtime-by-country global table populated,No robust per-runtime gender cross-tab populated,,https://docs.nvidia.com/cuda/cuda-runtime-api/index.html
368,O,OpenCL Runtime,GPU / accelerator,Accelerator execution runtime,"CUDA, HIP, OpenCL, SYCL, C/C++, accelerator kernels",JIT / AOT / device execution,PTX / SPIR-V / native GPU code,Host/device managed,GPU / accelerator computing,Driver/device boundary,,,,,,,,,,,No comparable runtime-by-country global table populated,No robust per-runtime gender cross-tab populated,,https://docs.nvidia.com/cuda/cuda-runtime-api/index.html
369,O,OpenJDK HotSpot,JVM,JVM implementation / managed runtime,Java bytecode / JVM languages,Interpreter + tiered JIT / AOT varies,JVM bytecode,Garbage collected,"Server, desktop, cloud, embedded",Managed runtime; process boundary,,,,,,,,,,,No comparable runtime-by-country global table populated,No robust per-runtime gender cross-tab populated,,https://en.wikipedia.org/wiki/List_of_Java_virtual_machines
370,O,OpenMP Runtime,GPU / accelerator,Accelerator execution runtime,"CUDA, HIP, OpenCL, SYCL, C/C++, accelerator kernels",JIT / AOT / device execution,PTX / SPIR-V / native GPU code,Host/device managed,GPU / accelerator computing,Driver/device boundary,,,,,,,,,,,No comparable runtime-by-country global table populated,No robust per-runtime gender cross-tab populated,,https://docs.nvidia.com/cuda/cuda-runtime-api/index.html
371,O,OpenResty LuaJIT,Lua,Language runtime / VM / JIT,Lua / Lua-derived languages,Interpreter / trace JIT / native varies,Lua bytecode / native / JavaScript / BEAM,Garbage collected,"Embedded, games, servers, scripting",Embedding host controls sandbox,,,,,,,,,,,No comparable runtime-by-country global table populated,No robust per-runtime gender cross-tab populated,,https://luajit.org/luajit.html
372,O,OpenSmalltalk VM,Smalltalk / Self,Object VM / language runtime,"Smalltalk, Self, Newspeak",Bytecode interpreter + JIT varies,Smalltalk bytecode / object memory,Garbage collected,"Desktop, research, server, browser",Host-dependent,,,,,,,,,,,No comparable runtime-by-country global table populated,No robust per-runtime gender cross-tab populated,,https://opensmalltalk.org/
373,O,Oracle Functions Runtime,Edge / serverless,Managed execution platform,Multi-language / JavaScript / WebAssembly varies,Managed process / isolate / Wasm execution,Provider-defined,Provider-managed,Cloud / edge,Provider sandbox / isolate / container boundary,,,,,,,,,,,No comparable runtime-by-country global table populated,No robust per-runtime gender cross-tab populated,Execution platform rather than a standalone language VM; overlaps cloud/serverless taxonomy.,https://2025.stateofjs.com/en-US/other-tools/
374,O,Oracle HotSpot,JVM,JVM implementation / managed runtime,Java bytecode / JVM languages,Interpreter + tiered JIT / AOT varies,JVM bytecode,Garbage collected,"Server, desktop, cloud, embedded",Managed runtime; process boundary,,,,,,,,,,,No comparable runtime-by-country global table populated,No robust per-runtime gender cross-tab populated,,https://en.wikipedia.org/wiki/List_of_Java_virtual_machines
375,O,Otto JavaScript VM,JavaScript engines,Language engine / VM,JavaScript; some WebAssembly,Interpreter + JIT varies,Engine bytecode / machine code,Garbage collected,"Browsers, runtimes, embedded applications",Embedding host controls sandbox,,,,,,,,,,,No comparable runtime-by-country global table populated,No robust per-runtime gender cross-tab populated,,https://en.wikipedia.org/wiki/List_of_JavaScript_engines
376,P,PaintWorklet Runtime,Browser / Web,Browser execution environment,"JavaScript, WebAssembly",JIT + interpreter,ECMAScript / Wasm,Garbage collected,Web browser / embedded browser,Web sandbox + origin model,,V8 / SpiderMonkey / JavaScriptCore depending browser,,,,,,,,,No comparable runtime-by-country global table populated,No robust per-runtime gender cross-tab populated,,https://en.wikipedia.org/wiki/List_of_JavaScript_engines
377,P,Pallene Runtime,Lua,Language runtime / VM / JIT,Lua / Lua-derived languages,Interpreter / trace JIT / native varies,Lua bytecode / native / JavaScript / BEAM,Garbage collected,"Embedded, games, servers, scripting",Embedding host controls sandbox,,,,,,,,,,,No comparable runtime-by-country global table populated,No robust per-runtime gender cross-tab populated,,https://luajit.org/luajit.html
378,P,ParparVM,JVM,JVM implementation / managed runtime,Java bytecode / JVM languages,Interpreter + tiered JIT / AOT varies,JVM bytecode,Garbage collected,"Server, desktop, cloud, embedded",Managed runtime; process boundary,,,,,,,,,,,No comparable runtime-by-country global table populated,No robust per-runtime gender cross-tab populated,,https://en.wikipedia.org/wiki/List_of_Java_virtual_machines
379,P,Parrot Virtual Machine,Perl / Raku,Language VM / runtime,"Perl, Raku, NQP",Interpreter / JIT varies,OP tree / MoarVM bytecode / JVM bytecode / Parrot bytecode,Garbage collected / reference counting varies,"Server, CLI, scripting",Host-dependent,,,,,,,,,,,No comparable runtime-by-country global table populated,No robust per-runtime gender cross-tab populated,,https://en.wikipedia.org/wiki/Comparison_of_application_virtualization_software
380,P,Parrot VM,Historical / portable VMs,Virtual machine / educational or legacy runtime,Various,Interpreter / JIT / AOT varies,Portable bytecode / IR,Varies,"Historical, research, legacy systems",Host-dependent,,,,,,,,,,,No comparable runtime-by-country global table populated,No robust per-runtime gender cross-tab populated,,https://en.wikipedia.org/wiki/Comparison_of_application_virtualization_software
381,P,Pascal P-code Machine,Historical / portable VMs,Virtual machine / educational or legacy runtime,Various,Interpreter / JIT / AOT varies,Portable bytecode / IR,Varies,"Historical, research, legacy systems",Host-dependent,,,,,,,,,,,No comparable runtime-by-country global table populated,No robust per-runtime gender cross-tab populated,,https://en.wikipedia.org/wiki/Comparison_of_application_virtualization_software
382,P,PeachPie PHP Runtime,PHP / Hack,Language runtime / VM,"PHP, Hack",Opcode VM / JIT / AOT varies,Zend opcodes / HHBC / CIL / native,Garbage collected + ref counting varies,"Web server, CLI, application server",Process/host-dependent,,,,,,,,,,,No comparable runtime-by-country global table populated,No robust per-runtime gender cross-tab populated,,https://wiki.php.net/internals/engine
383,P,PeachPie Runtime,.NET / CLI,Managed runtime / AOT runtime,CLI languages / CIL,JIT / AOT / interpreter varies,CIL / native code / Wasm,Garbage collected,"Desktop, server, mobile, games, browser, embedded",Host-dependent,,,,,,,,,,,No comparable runtime-by-country global table populated,No robust per-runtime gender cross-tab populated,,https://learn.microsoft.com/en-us/dotnet/fundamentals/implementations
384,P,PERC Ultra,JVM,JVM implementation / managed runtime,Java bytecode / JVM languages,Interpreter + tiered JIT / AOT varies,JVM bytecode,Garbage collected,"Server, desktop, cloud, embedded",Managed runtime; process boundary,,,,,,,,,,,No comparable runtime-by-country global table populated,No robust per-runtime gender cross-tab populated,,https://en.wikipedia.org/wiki/List_of_Java_virtual_machines
385,P,Perl 5 Interpreter,Perl / Raku,Language VM / runtime,"Perl, Raku, NQP",Interpreter / JIT varies,OP tree / MoarVM bytecode / JVM bytecode / Parrot bytecode,Garbage collected / reference counting varies,"Server, CLI, scripting",Host-dependent,,,,,,,,,,,No comparable runtime-by-country global table populated,No robust per-runtime gender cross-tab populated,,https://en.wikipedia.org/wiki/Comparison_of_application_virtualization_software
386,P,Perl OP Runtime,Perl / Raku,Language VM / runtime,"Perl, Raku, NQP",Interpreter / JIT varies,OP tree / MoarVM bytecode / JVM bytecode / Parrot bytecode,Garbage collected / reference counting varies,"Server, CLI, scripting",Host-dependent,,,,,,,,,,,No comparable runtime-by-country global table populated,No robust per-runtime gender cross-tab populated,,https://en.wikipedia.org/wiki/Comparison_of_application_virtualization_software
387,P,Perlito Runtime,Perl / Raku,Language VM / runtime,"Perl, Raku, NQP",Interpreter / JIT varies,OP tree / MoarVM bytecode / JVM bytecode / Parrot bytecode,Garbage collected / reference counting varies,"Server, CLI, scripting",Host-dependent,,,,,,,,,,,No comparable runtime-by-country global table populated,No robust per-runtime gender cross-tab populated,,https://en.wikipedia.org/wiki/Comparison_of_application_virtualization_software
388,P,Phalanger,PHP / Hack,Language runtime / VM,"PHP, Hack",Opcode VM / JIT / AOT varies,Zend opcodes / HHBC / CIL / native,Garbage collected + ref counting varies,"Web server, CLI, application server",Process/host-dependent,,,,,,,,,,,No comparable runtime-by-country global table populated,No robust per-runtime gender cross-tab populated,,https://wiki.php.net/internals/engine
389,P,Pharo VM,Smalltalk / Self,Object VM / language runtime,"Smalltalk, Self, Newspeak",Bytecode interpreter + JIT varies,Smalltalk bytecode / object memory,Garbage collected,"Desktop, research, server, browser",Host-dependent,,,,,,,,,,,No comparable runtime-by-country global table populated,No robust per-runtime gender cross-tab populated,,https://opensmalltalk.org/
390,P,PHP JIT,PHP / Hack,Language runtime / VM,"PHP, Hack",Opcode VM / JIT / AOT varies,Zend opcodes / HHBC / CIL / native,Garbage collected + ref counting varies,"Web server, CLI, application server",Process/host-dependent,,,,,,,,,,,No comparable runtime-by-country global table populated,No robust per-runtime gender cross-tab populated,,https://wiki.php.net/internals/engine
391,P,PHP VM,PHP / Hack,Language runtime / VM,"PHP, Hack",Opcode VM / JIT / AOT varies,Zend opcodes / HHBC / CIL / native,Garbage collected + ref counting varies,"Web server, CLI, application server",Process/host-dependent,,,,,,,,,,,No comparable runtime-by-country global table populated,No robust per-runtime gender cross-tab populated,,https://wiki.php.net/internals/engine
392,P,Picol Runtime,Other language runtimes,Language runtime / VM / execution environment,"Prolog, Tcl, AWK, Forth, Haxe, Dart and others",Interpreter / JIT / AOT / native varies,Language-specific bytecode / native / JS / Wasm,Varies,"CLI, server, desktop, browser, embedded",Host-dependent,,,,,,,,,,,No comparable runtime-by-country global table populated,No robust per-runtime gender cross-tab populated,,https://en.wikipedia.org/wiki/Comparison_of_application_virtualization_software
393,P,picolibc,Native system runtimes,Runtime library / ABI layer,"C, C++ and native languages",Native execution support,Native machine code / ABI,Manual / language-specific,"Operating systems, embedded, native applications",OS process boundary,,,,,,,,,,,No comparable runtime-by-country global table populated,No robust per-runtime gender cross-tab populated,,https://en.wikipedia.org/wiki/Comparison_of_application_virtualization_software
394,P,Picoruby,Ruby,Language runtime / VM / JIT,Ruby,Interpreter / bytecode VM / JIT / AOT varies,YARV bytecode / JVM bytecode / native / JavaScript varies,Garbage collected,"Server, desktop, embedded, browser",Host-dependent,,,,,,,,,,,No comparable runtime-by-country global table populated,No robust per-runtime gender cross-tab populated,,https://en.wikipedia.org/wiki/Comparison_of_application_virtualization_software
395,P,Picrin Runtime,Lisp / Scheme / Clojure,Language runtime / compiler runtime,"Common Lisp, Scheme, Clojure",Native compiler / bytecode interpreter / JVM / JS varies,Native / JVM bytecode / VM bytecode,Garbage collected,"Server, desktop, scripting, embedded",Host-dependent,,,,,,,,,,,No comparable runtime-by-country global table populated,No robust per-runtime gender cross-tab populated,,https://en.wikipedia.org/wiki/List_of_Lisp_software_and_tools
396,P,Pluto Lua Runtime,Lua,Language runtime / VM / JIT,Lua / Lua-derived languages,Interpreter / trace JIT / native varies,Lua bytecode / native / JavaScript / BEAM,Garbage collected,"Embedded, games, servers, scripting",Embedding host controls sandbox,,,,,,,,,,,No comparable runtime-by-country global table populated,No robust per-runtime gender cross-tab populated,,https://luajit.org/luajit.html
397,P,PocketPy,Python,Language runtime / implementation,Python,Bytecode interpreter / JIT / AOT varies,Python bytecode / JVM / CLR / Wasm / native varies,Garbage collected / reference counting varies,"Server, desktop, browser, embedded",Host-dependent,,,,,,,,,,,No comparable runtime-by-country global table populated,No robust per-runtime gender cross-tab populated,,https://www.python.org/download/alternatives/
398,P,PowerShell CLR Host,.NET / CLI,Managed runtime / AOT runtime,CLI languages / CIL,JIT / AOT / interpreter varies,CIL / native code / Wasm,Garbage collected,"Desktop, server, mobile, games, browser, embedded",Host-dependent,,,,,,,,,,,No comparable runtime-by-country global table populated,No robust per-runtime gender cross-tab populated,,https://learn.microsoft.com/en-us/dotnet/fundamentals/implementations
399,P,pqR,Native / compiled-language runtime systems,Runtime system / execution engine,"Go, Haskell, OCaml, Julia, R, Swift, Kotlin Native, Rust, Zig, Nim, D, Ada, Fortran and others",Native compiled / JIT / bytecode varies,Native code / LLVM IR / language-specific IR,Manual / GC / ARC / ownership varies,Native desktop/server/embedded,OS process boundary,,,,,,,,,,,No comparable runtime-by-country global table populated,No robust per-runtime gender cross-tab populated,,https://en.wikipedia.org/wiki/Comparison_of_application_virtualization_software
400,P,Psyco,Python,Language runtime / implementation,Python,Bytecode interpreter / JIT / AOT varies,Python bytecode / JVM / CLR / Wasm / native varies,Garbage collected / reference counting varies,"Server, desktop, browser, embedded",Host-dependent,,,,,,,,,,,No comparable runtime-by-country global table populated,No robust per-runtime gender cross-tab populated,,https://www.python.org/download/alternatives/
401,P,PUC Lua VM,Lua,Language runtime / VM / JIT,Lua / Lua-derived languages,Interpreter / trace JIT / native varies,Lua bytecode / native / JavaScript / BEAM,Garbage collected,"Embedded, games, servers, scripting",Embedding host controls sandbox,,,,,,,,,,,No comparable runtime-by-country global table populated,No robust per-runtime gender cross-tab populated,,https://luajit.org/luajit.html
402,P,Pugs Runtime,Perl / Raku,Language VM / runtime,"Perl, Raku, NQP",Interpreter / JIT varies,OP tree / MoarVM bytecode / JVM bytecode / Parrot bytecode,Garbage collected / reference counting varies,"Server, CLI, scripting",Host-dependent,,,,,,,,,,,No comparable runtime-by-country global table populated,No robust per-runtime gender cross-tab populated,,https://en.wikipedia.org/wiki/Comparison_of_application_virtualization_software
403,P,py-wasm,WebAssembly / WASI,WebAssembly runtime / engine,"WebAssembly, WASI components",Interpreter / JIT / AOT varies,Wasm / Component Model,Sandboxed linear memory,"Server, edge, embedded, plugins, blockchain",Wasm sandbox + capability model when WASI is used,,,,,,,,,,,No comparable runtime-by-country global table populated,No robust per-runtime gender cross-tab populated,,https://github.com/appcypher/awesome-wasm-runtimes
404,P,Pyjs Runtime,Python,Language runtime / implementation,Python,Bytecode interpreter / JIT / AOT varies,Python bytecode / JVM / CLR / Wasm / native varies,Garbage collected / reference counting varies,"Server, desktop, browser, embedded",Host-dependent,,,,,,,,,,,No comparable runtime-by-country global table populated,No robust per-runtime gender cross-tab populated,,https://www.python.org/download/alternatives/
405,P,PyMite / Python-on-a-Chip,Python,Language runtime / implementation,Python,Bytecode interpreter / JIT / AOT varies,Python bytecode / JVM / CLR / Wasm / native varies,Garbage collected / reference counting varies,"Server, desktop, browser, embedded",Host-dependent,,,,,,,,,,,No comparable runtime-by-country global table populated,No robust per-runtime gender cross-tab populated,,https://www.python.org/download/alternatives/
406,P,Pyodide,Python,Language runtime / implementation,Python,Bytecode interpreter / JIT / AOT varies,Python bytecode / JVM / CLR / Wasm / native varies,Garbage collected / reference counting varies,"Server, desktop, browser, embedded",Host-dependent,,,,,,,,,,,No comparable runtime-by-country global table populated,No robust per-runtime gender cross-tab populated,,https://www.python.org/download/alternatives/
407,P,PyPy,Python,Language runtime / implementation,Python,Bytecode interpreter / JIT / AOT varies,Python bytecode / JVM / CLR / Wasm / native varies,Garbage collected / reference counting varies,"Server, desktop, browser, embedded",Host-dependent,PyPy Project,,,,,,,,,,No comparable runtime-by-country global table populated,No robust per-runtime gender cross-tab populated,Alternative Python implementation with tracing JIT.,https://doc.pypy.org/
408,P,Pyston,Python,Language runtime / implementation,Python,Bytecode interpreter / JIT / AOT varies,Python bytecode / JVM / CLR / Wasm / native varies,Garbage collected / reference counting varies,"Server, desktop, browser, embedded",Host-dependent,,,,,,,,,,,No comparable runtime-by-country global table populated,No robust per-runtime gender cross-tab populated,,https://www.python.org/download/alternatives/
409,P,Python for S60,Python,Language runtime / implementation,Python,Bytecode interpreter / JIT / AOT varies,Python bytecode / JVM / CLR / Wasm / native varies,Garbage collected / reference counting varies,"Server, desktop, browser, embedded",Host-dependent,,,,,,,,,,,No comparable runtime-by-country global table populated,No robust per-runtime gender cross-tab populated,,https://www.python.org/download/alternatives/
410,Q,Qt QV4,JavaScript engines,Language engine / VM,JavaScript; some WebAssembly,Interpreter + JIT varies,Engine bytecode / machine code,Garbage collected,"Browsers, runtimes, embedded applications",Embedding host controls sandbox,,,,,,,,,,,No comparable runtime-by-country global table populated,No robust per-runtime gender cross-tab populated,,https://en.wikipedia.org/wiki/List_of_JavaScript_engines
411,Q,Quercus PHP Runtime,PHP / Hack,Language runtime / VM,"PHP, Hack",Opcode VM / JIT / AOT varies,Zend opcodes / HHBC / CIL / native,Garbage collected + ref counting varies,"Web server, CLI, application server",Process/host-dependent,,,,,,,,,,,No comparable runtime-by-country global table populated,No robust per-runtime gender cross-tab populated,,https://wiki.php.net/internals/engine
412,Q,QuickJS,JavaScript engines,Language engine / VM,JavaScript; some WebAssembly,Interpreter + JIT varies,Engine bytecode / machine code,Garbage collected,"Browsers, runtimes, embedded applications",Embedding host controls sandbox,,,,,,,,,,,No comparable runtime-by-country global table populated,No robust per-runtime gender cross-tab populated,,https://en.wikipedia.org/wiki/List_of_JavaScript_engines
413,Q,QuickJS-NG,JavaScript engines,Language engine / VM,JavaScript; some WebAssembly,Interpreter + JIT varies,Engine bytecode / machine code,Garbage collected,"Browsers, runtimes, embedded applications",Embedding host controls sandbox,,,,,,,,,,,No comparable runtime-by-country global table populated,No robust per-runtime gender cross-tab populated,,https://en.wikipedia.org/wiki/List_of_JavaScript_engines
414,R,Racket BC,Other language runtimes,Language runtime / VM / execution environment,"Prolog, Tcl, AWK, Forth, Haxe, Dart and others",Interpreter / JIT / AOT / native varies,Language-specific bytecode / native / JS / Wasm,Varies,"CLI, server, desktop, browser, embedded",Host-dependent,,,,,,,,,,,No comparable runtime-by-country global table populated,No robust per-runtime gender cross-tab populated,,https://en.wikipedia.org/wiki/Comparison_of_application_virtualization_software
415,R,Racket CS,Lisp / Scheme / Clojure,Language runtime / compiler runtime,"Common Lisp, Scheme, Clojure",Native compiler / bytecode interpreter / JVM / JS varies,Native / JVM bytecode / VM bytecode,Garbage collected,"Server, desktop, scripting, embedded",Host-dependent,,,,,,,,,,,No comparable runtime-by-country global table populated,No robust per-runtime gender cross-tab populated,,https://en.wikipedia.org/wiki/List_of_Lisp_software_and_tools
416,R,Racket VM,Lisp / Scheme / Clojure,Language runtime / compiler runtime,"Common Lisp, Scheme, Clojure",Native compiler / bytecode interpreter / JVM / JS varies,Native / JVM bytecode / VM bytecode,Garbage collected,"Server, desktop, scripting, embedded",Host-dependent,,,,,,,,,,,No comparable runtime-by-country global table populated,No robust per-runtime gender cross-tab populated,,https://en.wikipedia.org/wiki/List_of_Lisp_software_and_tools
417,R,Rakudo on JVM,Perl / Raku,Language VM / runtime,"Perl, Raku, NQP",Interpreter / JIT varies,OP tree / MoarVM bytecode / JVM bytecode / Parrot bytecode,Garbage collected / reference counting varies,"Server, CLI, scripting",Host-dependent,,,,,,,,,,,No comparable runtime-by-country global table populated,No robust per-runtime gender cross-tab populated,,https://en.wikipedia.org/wiki/Comparison_of_application_virtualization_software
418,R,Rakudo on MoarVM,Perl / Raku,Language VM / runtime,"Perl, Raku, NQP",Interpreter / JIT varies,OP tree / MoarVM bytecode / JVM bytecode / Parrot bytecode,Garbage collected / reference counting varies,"Server, CLI, scripting",Host-dependent,,,,,,,,,,,No comparable runtime-by-country global table populated,No robust per-runtime gender cross-tab populated,,https://en.wikipedia.org/wiki/Comparison_of_application_virtualization_software
419,R,Ravi Runtime,Lua,Language runtime / VM / JIT,Lua / Lua-derived languages,Interpreter / trace JIT / native varies,Lua bytecode / native / JavaScript / BEAM,Garbage collected,"Embedded, games, servers, scripting",Embedding host controls sandbox,,,,,,,,,,,No comparable runtime-by-country global table populated,No robust per-runtime gender cross-tab populated,,https://luajit.org/luajit.html
420,R,ReadyToRun Runtime,.NET / CLI,Managed runtime / AOT runtime,CLI languages / CIL,JIT / AOT / interpreter varies,CIL / native code / Wasm,Garbage collected,"Desktop, server, mobile, games, browser, embedded",Host-dependent,,,,,,,,,,,No comparable runtime-by-country global table populated,No robust per-runtime gender cross-tab populated,,https://learn.microsoft.com/en-us/dotnet/fundamentals/implementations
421,R,Red Hat OpenJDK HotSpot,JVM,JVM implementation / managed runtime,Java bytecode / JVM languages,Interpreter + tiered JIT / AOT varies,JVM bytecode,Garbage collected,"Server, desktop, cloud, embedded",Managed runtime; process boundary,,,,,,,,,,,No comparable runtime-by-country global table populated,No robust per-runtime gender cross-tab populated,,https://en.wikipedia.org/wiki/List_of_Java_virtual_machines
422,R,Renjin,Native / compiled-language runtime systems,Runtime system / execution engine,"Go, Haskell, OCaml, Julia, R, Swift, Kotlin Native, Rust, Zig, Nim, D, Ada, Fortran and others",Native compiled / JIT / bytecode varies,Native code / LLVM IR / language-specific IR,Manual / GC / ARC / ownership varies,Native desktop/server/embedded,OS process boundary,,,,,,,,,,,No comparable runtime-by-country global table populated,No robust per-runtime gender cross-tab populated,,https://en.wikipedia.org/wiki/Comparison_of_application_virtualization_software
423,R,Rhino,JavaScript engines,Language engine / VM,JavaScript; some WebAssembly,Interpreter + JIT varies,Engine bytecode / machine code,Garbage collected,"Browsers, runtimes, embedded applications",Embedding host controls sandbox,,,,,,,,,,,No comparable runtime-by-country global table populated,No robust per-runtime gender cross-tab populated,,https://en.wikipedia.org/wiki/List_of_JavaScript_engines
424,R,RingoJS,JavaScript / TypeScript,Application runtime,JavaScript / TypeScript,Interpreter / JIT / AOT varies,JavaScript source / engine-specific bytecode,Garbage collected,Server / embedded / edge / experimental,Host-dependent,,,,,,,,,,,No comparable runtime-by-country global table populated,No robust per-runtime gender cross-tab populated,,https://en.wikipedia.org/wiki/List_of_JavaScript_engines
425,R,RiteVM,Ruby,Language runtime / VM / JIT,Ruby,Interpreter / bytecode VM / JIT / AOT varies,YARV bytecode / JVM bytecode / native / JavaScript varies,Garbage collected,"Server, desktop, embedded, browser",Host-dependent,,,,,,,,,,,No comparable runtime-by-country global table populated,No robust per-runtime gender cross-tab populated,,https://en.wikipedia.org/wiki/Comparison_of_application_virtualization_software
426,R,RoadRunner PHP Worker Runtime,PHP / Hack,Language runtime / VM,"PHP, Hack",Opcode VM / JIT / AOT varies,Zend opcodes / HHBC / CIL / native,Garbage collected + ref counting varies,"Web server, CLI, application server",Process/host-dependent,,,,,,,,,,,No comparable runtime-by-country global table populated,No robust per-runtime gender cross-tab populated,,https://wiki.php.net/internals/engine
427,R,ROCm Runtime (ROCr),GPU / accelerator,Accelerator execution runtime,"CUDA, HIP, OpenCL, SYCL, C/C++, accelerator kernels",JIT / AOT / device execution,PTX / SPIR-V / native GPU code,Host/device managed,GPU / accelerator computing,Driver/device boundary,,,,,,,,,,,No comparable runtime-by-country global table populated,No robust per-runtime gender cross-tab populated,,https://docs.nvidia.com/cuda/cuda-runtime-api/index.html
428,R,Rotor / Shared Source CLI,.NET / CLI,Managed runtime / AOT runtime,CLI languages / CIL,JIT / AOT / interpreter varies,CIL / native code / Wasm,Garbage collected,"Desktop, server, mobile, games, browser, embedded",Host-dependent,,,,,,,,,,,No comparable runtime-by-country global table populated,No robust per-runtime gender cross-tab populated,,https://learn.microsoft.com/en-us/dotnet/fundamentals/implementations
429,R,Rotor CLR,Historical / portable VMs,Virtual machine / educational or legacy runtime,Various,Interpreter / JIT / AOT varies,Portable bytecode / IR,Varies,"Historical, research, legacy systems",Host-dependent,,,,,,,,,,,No comparable runtime-by-country global table populated,No robust per-runtime gender cross-tab populated,,https://en.wikipedia.org/wiki/Comparison_of_application_virtualization_software
430,R,Rubinius,Ruby,Language runtime / VM / JIT,Ruby,Interpreter / bytecode VM / JIT / AOT varies,YARV bytecode / JVM bytecode / native / JavaScript varies,Garbage collected,"Server, desktop, embedded, browser",Host-dependent,,,,,,,,,,,No comparable runtime-by-country global table populated,No robust per-runtime gender cross-tab populated,,https://en.wikipedia.org/wiki/Comparison_of_application_virtualization_software
431,R,RubyMotion Runtime,Ruby,Language runtime / VM / JIT,Ruby,Interpreter / bytecode VM / JIT / AOT varies,YARV bytecode / JVM bytecode / native / JavaScript varies,Garbage collected,"Server, desktop, embedded, browser",Host-dependent,,,,,,,,,,,No comparable runtime-by-country global table populated,No robust per-runtime gender cross-tab populated,,https://en.wikipedia.org/wiki/Comparison_of_application_virtualization_software
432,R,Rust Async Executor Environment,Native / compiled-language runtime systems,Runtime system / execution engine,"Go, Haskell, OCaml, Julia, R, Swift, Kotlin Native, Rust, Zig, Nim, D, Ada, Fortran and others",Native compiled / JIT / bytecode varies,Native code / LLVM IR / language-specific IR,Manual / GC / ARC / ownership varies,Native desktop/server/embedded,OS process boundary,,,,,,,,,,,No comparable runtime-by-country global table populated,No robust per-runtime gender cross-tab populated,,https://en.wikipedia.org/wiki/Comparison_of_application_virtualization_software
433,R,Rust Panic Runtime,Native / compiled-language runtime systems,Runtime system / execution engine,"Go, Haskell, OCaml, Julia, R, Swift, Kotlin Native, Rust, Zig, Nim, D, Ada, Fortran and others",Native compiled / JIT / bytecode varies,Native code / LLVM IR / language-specific IR,Manual / GC / ARC / ownership varies,Native desktop/server/embedded,OS process boundary,,,,,,,,,,,No comparable runtime-by-country global table populated,No robust per-runtime gender cross-tab populated,,https://en.wikipedia.org/wiki/Comparison_of_application_virtualization_software
434,R,Rust Standard Runtime,Native / compiled-language runtime systems,Runtime system / execution engine,"Go, Haskell, OCaml, Julia, R, Swift, Kotlin Native, Rust, Zig, Nim, D, Ada, Fortran and others",Native compiled / JIT / bytecode varies,Native code / LLVM IR / language-specific IR,Manual / GC / ARC / ownership varies,Native desktop/server/embedded,OS process boundary,,,,,,,,,,,No comparable runtime-by-country global table populated,No robust per-runtime gender cross-tab populated,,https://en.wikipedia.org/wiki/Comparison_of_application_virtualization_software
435,R,RustPython,Python,Language runtime / implementation,Python,Bytecode interpreter / JIT / AOT varies,Python bytecode / JVM / CLR / Wasm / native varies,Garbage collected / reference counting varies,"Server, desktop, browser, embedded",Host-dependent,,,,,,,,,,,No comparable runtime-by-country global table populated,No robust per-runtime gender cross-tab populated,,https://www.python.org/download/alternatives/
436,R,RyuJIT,.NET / CLI,Managed runtime / AOT runtime,CLI languages / CIL,JIT / AOT / interpreter varies,CIL / native code / Wasm,Garbage collected,"Desktop, server, mobile, games, browser, embedded",Host-dependent,,,,,,,,,,,No comparable runtime-by-country global table populated,No robust per-runtime gender cross-tab populated,,https://learn.microsoft.com/en-us/dotnet/fundamentals/implementations
437,S,S7 Scheme Runtime,Lisp / Scheme / Clojure,Language runtime / compiler runtime,"Common Lisp, Scheme, Clojure",Native compiler / bytecode interpreter / JVM / JS varies,Native / JVM bytecode / VM bytecode,Garbage collected,"Server, desktop, scripting, embedded",Host-dependent,,,,,,,,,,,No comparable runtime-by-country global table populated,No robust per-runtime gender cross-tab populated,,https://en.wikipedia.org/wiki/List_of_Lisp_software_and_tools
438,S,SableVM,JVM,JVM implementation / managed runtime,Java bytecode / JVM languages,Interpreter + tiered JIT / AOT varies,JVM bytecode,Garbage collected,"Server, desktop, cloud, embedded",Managed runtime; process boundary,,,,,,,,,,,No comparable runtime-by-country global table populated,No robust per-runtime gender cross-tab populated,,https://en.wikipedia.org/wiki/List_of_Java_virtual_machines
439,S,Safari WebKit JavaScript Environment,Browser / Web,Browser execution environment,"JavaScript, WebAssembly",JIT + interpreter,ECMAScript / Wasm,Garbage collected,Web browser / embedded browser,Web sandbox + origin model,,V8 / SpiderMonkey / JavaScriptCore depending browser,,,,,,,,,No comparable runtime-by-country global table populated,No robust per-runtime gender cross-tab populated,,https://en.wikipedia.org/wiki/List_of_JavaScript_engines
440,S,SAP JVM,JVM,JVM implementation / managed runtime,Java bytecode / JVM languages,Interpreter + tiered JIT / AOT varies,JVM bytecode,Garbage collected,"Server, desktop, cloud, embedded",Managed runtime; process boundary,,,,,,,,,,,No comparable runtime-by-country global table populated,No robust per-runtime gender cross-tab populated,,https://en.wikipedia.org/wiki/List_of_Java_virtual_machines
441,S,SapMachine HotSpot,JVM,JVM implementation / managed runtime,Java bytecode / JVM languages,Interpreter + tiered JIT / AOT varies,JVM bytecode,Garbage collected,"Server, desktop, cloud, embedded",Managed runtime; process boundary,,,,,,,,,,,No comparable runtime-by-country global table populated,No robust per-runtime gender cross-tab populated,,https://en.wikipedia.org/wiki/List_of_Java_virtual_machines
442,S,SBCL Runtime,Lisp / Scheme / Clojure,Language runtime / compiler runtime,"Common Lisp, Scheme, Clojure",Native compiler / bytecode interpreter / JVM / JS varies,Native / JVM bytecode / VM bytecode,Garbage collected,"Server, desktop, scripting, embedded",Host-dependent,,,,,,,,,,,No comparable runtime-by-country global table populated,No robust per-runtime gender cross-tab populated,,https://en.wikipedia.org/wiki/List_of_Lisp_software_and_tools
443,S,Scheme48 VM,Lisp / Scheme / Clojure,Language runtime / compiler runtime,"Common Lisp, Scheme, Clojure",Native compiler / bytecode interpreter / JVM / JS varies,Native / JVM bytecode / VM bytecode,Garbage collected,"Server, desktop, scripting, embedded",Host-dependent,,,,,,,,,,,No comparable runtime-by-country global table populated,No robust per-runtime gender cross-tab populated,,https://en.wikipedia.org/wiki/List_of_Lisp_software_and_tools
444,S,SCI Clojure Interpreter,Lisp / Scheme / Clojure,Language runtime / compiler runtime,"Common Lisp, Scheme, Clojure",Native compiler / bytecode interpreter / JVM / JS varies,Native / JVM bytecode / VM bytecode,Garbage collected,"Server, desktop, scripting, embedded",Host-dependent,,,,,,,,,,,No comparable runtime-by-country global table populated,No robust per-runtime gender cross-tab populated,,https://en.wikipedia.org/wiki/List_of_Lisp_software_and_tools
445,S,ScriptEase,JavaScript engines,Language engine / VM,JavaScript; some WebAssembly,Interpreter + JIT varies,Engine bytecode / machine code,Garbage collected,"Browsers, runtimes, embedded applications",Embedding host controls sandbox,,,,,,,,,,,No comparable runtime-by-country global table populated,No robust per-runtime gender cross-tab populated,,https://en.wikipedia.org/wiki/List_of_JavaScript_engines
446,S,Scsh Runtime,Lisp / Scheme / Clojure,Language runtime / compiler runtime,"Common Lisp, Scheme, Clojure",Native compiler / bytecode interpreter / JVM / JS varies,Native / JVM bytecode / VM bytecode,Garbage collected,"Server, desktop, scripting, embedded",Host-dependent,,,,,,,,,,,No comparable runtime-by-country global table populated,No robust per-runtime gender cross-tab populated,,https://en.wikipedia.org/wiki/List_of_Lisp_software_and_tools
447,S,SECD Machine,Historical / portable VMs,Virtual machine / educational or legacy runtime,Various,Interpreter / JIT / AOT varies,Portable bytecode / IR,Varies,"Historical, research, legacy systems",Host-dependent,,,,,,,,,,,No comparable runtime-by-country global table populated,No robust per-runtime gender cross-tab populated,,https://en.wikipedia.org/wiki/Comparison_of_application_virtualization_software
448,S,Self VM,Smalltalk / Self,Object VM / language runtime,"Smalltalk, Self, Newspeak",Bytecode interpreter + JIT varies,Smalltalk bytecode / object memory,Garbage collected,"Desktop, research, server, browser",Host-dependent,,,,,,,,,,,No comparable runtime-by-country global table populated,No robust per-runtime gender cross-tab populated,,https://opensmalltalk.org/
449,S,SerenityOS LibJS,JavaScript engines,Language engine / VM,JavaScript; some WebAssembly,Interpreter + JIT varies,Engine bytecode / machine code,Garbage collected,"Browsers, runtimes, embedded applications",Embedding host controls sandbox,,,,,,,,,,,No comparable runtime-by-country global table populated,No robust per-runtime gender cross-tab populated,,https://en.wikipedia.org/wiki/List_of_JavaScript_engines
450,S,Service Worker Runtime,Browser / Web,Browser execution environment,"JavaScript, WebAssembly",JIT + interpreter,ECMAScript / Wasm,Garbage collected,Web browser / embedded browser,Web sandbox + origin model,,V8 / SpiderMonkey / JavaScriptCore depending browser,4,1660,14.9,,,,,,No comparable runtime-by-country global table populated,No robust per-runtime gender cross-tab populated,,https://en.wikipedia.org/wiki/List_of_JavaScript_engines
451,S,SharedWorker Runtime,Browser / Web,Browser execution environment,"JavaScript, WebAssembly",JIT + interpreter,ECMAScript / Wasm,Garbage collected,Web browser / embedded browser,Web sandbox + origin model,,V8 / SpiderMonkey / JavaScriptCore depending browser,,,,,,,,,No comparable runtime-by-country global table populated,No robust per-runtime gender cross-tab populated,,https://en.wikipedia.org/wiki/List_of_JavaScript_engines
452,S,Shark JVM,JVM,JVM implementation / managed runtime,Java bytecode / JVM languages,Interpreter + tiered JIT / AOT varies,JVM bytecode,Garbage collected,"Server, desktop, cloud, embedded",Managed runtime; process boundary,,,,,,,,,,,No comparable runtime-by-country global table populated,No robust per-runtime gender cross-tab populated,,https://en.wikipedia.org/wiki/List_of_Java_virtual_machines
453,S,Shed Skin Runtime,Python,Language runtime / implementation,Python,Bytecode interpreter / JIT / AOT varies,Python bytecode / JVM / CLR / Wasm / native varies,Garbage collected / reference counting varies,"Server, desktop, browser, embedded",Host-dependent,,,,,,,,,,,No comparable runtime-by-country global table populated,No robust per-runtime gender cross-tab populated,,https://www.python.org/download/alternatives/
454,S,Shopify Functions Runtime,Edge / serverless,Managed execution platform,Multi-language / JavaScript / WebAssembly varies,Managed process / isolate / Wasm execution,Provider-defined,Provider-managed,Cloud / edge,Provider sandbox / isolate / container boundary,,,,,,,,,,,No comparable runtime-by-country global table populated,No robust per-runtime gender cross-tab populated,Execution platform rather than a standalone language VM; overlaps cloud/serverless taxonomy.,https://2025.stateofjs.com/en-US/other-tools/
455,S,SICStus Prolog Runtime,Other language runtimes,Language runtime / VM / execution environment,"Prolog, Tcl, AWK, Forth, Haxe, Dart and others",Interpreter / JIT / AOT / native varies,Language-specific bytecode / native / JS / Wasm,Varies,"CLI, server, desktop, browser, embedded",Host-dependent,,,,,,,,,,,No comparable runtime-by-country global table populated,No robust per-runtime gender cross-tab populated,,https://en.wikipedia.org/wiki/Comparison_of_application_virtualization_software
456,S,SilkJS,JavaScript / TypeScript,Application runtime,JavaScript / TypeScript,Interpreter / JIT / AOT varies,JavaScript source / engine-specific bytecode,Garbage collected,Server / embedded / edge / experimental,Host-dependent,,,,,,,,,,,No comparable runtime-by-country global table populated,No robust per-runtime gender cross-tab populated,,https://en.wikipedia.org/wiki/List_of_JavaScript_engines
457,S,Silverlight CLR,Historical / portable VMs,Virtual machine / educational or legacy runtime,Various,Interpreter / JIT / AOT varies,Portable bytecode / IR,Varies,"Historical, research, legacy systems",Host-dependent,,,,,,,,,,,No comparable runtime-by-country global table populated,No robust per-runtime gender cross-tab populated,,https://en.wikipedia.org/wiki/Comparison_of_application_virtualization_software
458,S,Singularity Bartok Runtime,Historical / portable VMs,Virtual machine / educational or legacy runtime,Various,Interpreter / JIT / AOT varies,Portable bytecode / IR,Varies,"Historical, research, legacy systems",Host-dependent,,,,,,,,,,,No comparable runtime-by-country global table populated,No robust per-runtime gender cross-tab populated,,https://en.wikipedia.org/wiki/Comparison_of_application_virtualization_software
459,S,Skulpt,Python,Language runtime / implementation,Python,Bytecode interpreter / JIT / AOT varies,Python bytecode / JVM / CLR / Wasm / native varies,Garbage collected / reference counting varies,"Server, desktop, browser, embedded",Host-dependent,,,,,,,,,,,No comparable runtime-by-country global table populated,No robust per-runtime gender cross-tab populated,,https://www.python.org/download/alternatives/
460,S,Smalltalk-80 VM,Historical / portable VMs,Virtual machine / educational or legacy runtime,Various,Interpreter / JIT / AOT varies,Portable bytecode / IR,Varies,"Historical, research, legacy systems",Host-dependent,,,,,,,,,,,No comparable runtime-by-country global table populated,No robust per-runtime gender cross-tab populated,,https://en.wikipedia.org/wiki/Comparison_of_application_virtualization_software
461,S,Smalltalk/X VM,Smalltalk / Self,Object VM / language runtime,"Smalltalk, Self, Newspeak",Bytecode interpreter + JIT varies,Smalltalk bytecode / object memory,Garbage collected,"Desktop, research, server, browser",Host-dependent,,,,,,,,,,,No comparable runtime-by-country global table populated,No robust per-runtime gender cross-tab populated,,https://opensmalltalk.org/
462,S,Snek,Python,Language runtime / implementation,Python,Bytecode interpreter / JIT / AOT varies,Python bytecode / JVM / CLR / Wasm / native varies,Garbage collected / reference counting varies,"Server, desktop, browser, embedded",Host-dependent,,,,,,,,,,,No comparable runtime-by-country global table populated,No robust per-runtime gender cross-tab populated,,https://www.python.org/download/alternatives/
463,S,Sobek JavaScript Runtime,JavaScript engines,Language engine / VM,JavaScript; some WebAssembly,Interpreter + JIT varies,Engine bytecode / machine code,Garbage collected,"Browsers, runtimes, embedded applications",Embedding host controls sandbox,,,,,,,,,,,No comparable runtime-by-country global table populated,No robust per-runtime gender cross-tab populated,,https://en.wikipedia.org/wiki/List_of_JavaScript_engines
464,S,Sparkplug,JavaScript engines,Language engine / VM,JavaScript; some WebAssembly,Interpreter + JIT varies,Engine bytecode / machine code,Garbage collected,"Browsers, runtimes, embedded applications",Embedding host controls sandbox,,,,,,,,,,,No comparable runtime-by-country global table populated,No robust per-runtime gender cross-tab populated,,https://en.wikipedia.org/wiki/List_of_JavaScript_engines
465,S,SpiderMonkey,JavaScript engines,Language engine / VM,JavaScript; some WebAssembly,Interpreter + JIT varies,Engine bytecode / machine code,Garbage collected,"Browsers, runtimes, embedded applications",Embedding host controls sandbox,,,,,,,,,,,No comparable runtime-by-country global table populated,No robust per-runtime gender cross-tab populated,,https://en.wikipedia.org/wiki/List_of_JavaScript_engines
466,S,Spin Runtime,WebAssembly / WASI,WebAssembly runtime / engine,"WebAssembly, WASI components",Interpreter / JIT / AOT varies,Wasm / Component Model,Sandboxed linear memory,"Server, edge, embedded, plugins, blockchain",Wasm sandbox + capability model when WASI is used,,,,,,,,,,,No comparable runtime-by-country global table populated,No robust per-runtime gender cross-tab populated,,https://github.com/appcypher/awesome-wasm-runtimes
467,S,Spur VM,Smalltalk / Self,Object VM / language runtime,"Smalltalk, Self, Newspeak",Bytecode interpreter + JIT varies,Smalltalk bytecode / object memory,Garbage collected,"Desktop, research, server, browser",Host-dependent,,,,,,,,,,,No comparable runtime-by-country global table populated,No robust per-runtime gender cross-tab populated,,https://opensmalltalk.org/
468,S,Squawk VM,JVM,JVM implementation / managed runtime,Java bytecode / JVM languages,Interpreter + tiered JIT / AOT varies,JVM bytecode,Garbage collected,"Server, desktop, cloud, embedded",Managed runtime; process boundary,,,,,,,,,,,No comparable runtime-by-country global table populated,No robust per-runtime gender cross-tab populated,,https://en.wikipedia.org/wiki/List_of_Java_virtual_machines
469,S,Squeak Stack VM,Historical / portable VMs,Virtual machine / educational or legacy runtime,Various,Interpreter / JIT / AOT varies,Portable bytecode / IR,Varies,"Historical, research, legacy systems",Host-dependent,,,,,,,,,,,No comparable runtime-by-country global table populated,No robust per-runtime gender cross-tab populated,,https://en.wikipedia.org/wiki/Comparison_of_application_virtualization_software
470,S,Squeak VM,Smalltalk / Self,Object VM / language runtime,"Smalltalk, Self, Newspeak",Bytecode interpreter + JIT varies,Smalltalk bytecode / object memory,Garbage collected,"Desktop, research, server, browser",Host-dependent,,,,,,,,,,,No comparable runtime-by-country global table populated,No robust per-runtime gender cross-tab populated,,https://opensmalltalk.org/
471,S,SquirrelFish,JavaScript engines,Language engine / VM,JavaScript; some WebAssembly,Interpreter + JIT varies,Engine bytecode / machine code,Garbage collected,"Browsers, runtimes, embedded applications",Embedding host controls sandbox,,,,,,,,,,,No comparable runtime-by-country global table populated,No robust per-runtime gender cross-tab populated,,https://en.wikipedia.org/wiki/List_of_JavaScript_engines
472,S,Stackless Python,Python,Language runtime / implementation,Python,Bytecode interpreter / JIT / AOT varies,Python bytecode / JVM / CLR / Wasm / native varies,Garbage collected / reference counting varies,"Server, desktop, browser, embedded",Host-dependent,,,,,,,,,,,No comparable runtime-by-country global table populated,No robust per-runtime gender cross-tab populated,,https://www.python.org/download/alternatives/
473,S,Strongtalk VM,Smalltalk / Self,Object VM / language runtime,"Smalltalk, Self, Newspeak",Bytecode interpreter + JIT varies,Smalltalk bytecode / object memory,Garbage collected,"Desktop, research, server, browser",Host-dependent,,,,,,,,,,,No comparable runtime-by-country global table populated,No robust per-runtime gender cross-tab populated,,https://opensmalltalk.org/
474,S,SubstrateVM,JVM,JVM implementation / managed runtime,Java bytecode / JVM languages,Interpreter + tiered JIT / AOT varies,JVM bytecode,Garbage collected,"Server, desktop, cloud, embedded",Managed runtime; process boundary,,,,,,,,,,,No comparable runtime-by-country global table populated,No robust per-runtime gender cross-tab populated,,https://en.wikipedia.org/wiki/List_of_Java_virtual_machines
475,S,Supabase Edge Runtime,Edge / serverless,Managed execution platform,Multi-language / JavaScript / WebAssembly varies,Managed process / isolate / Wasm execution,Provider-defined,Provider-managed,Cloud / edge,Provider sandbox / isolate / container boundary,,,,,,10,37,0.4,,,No comparable runtime-by-country global table populated,No robust per-runtime gender cross-tab populated,Execution platform rather than a standalone language VM; overlaps cloud/serverless taxonomy.,https://2025.stateofjs.com/en-US/other-tools/
476,S,Swam,WebAssembly / WASI,WebAssembly runtime / engine,"WebAssembly, WASI components",Interpreter / JIT / AOT varies,Wasm / Component Model,Sandboxed linear memory,"Server, edge, embedded, plugins, blockchain",Wasm sandbox + capability model when WASI is used,,,,,,,,,,,No comparable runtime-by-country global table populated,No robust per-runtime gender cross-tab populated,,https://github.com/appcypher/awesome-wasm-runtimes
477,S,SWI-Prolog Runtime,Other language runtimes,Language runtime / VM / execution environment,"Prolog, Tcl, AWK, Forth, Haxe, Dart and others",Interpreter / JIT / AOT / native varies,Language-specific bytecode / native / JS / Wasm,Varies,"CLI, server, desktop, browser, embedded",Host-dependent,,,,,,,,,,,No comparable runtime-by-country global table populated,No robust per-runtime gender cross-tab populated,,https://en.wikipedia.org/wiki/Comparison_of_application_virtualization_software
478,S,SWI-Prolog VM,Historical / portable VMs,Virtual machine / educational or legacy runtime,Various,Interpreter / JIT / AOT varies,Portable bytecode / IR,Varies,"Historical, research, legacy systems",Host-dependent,,,,,,,,,,,No comparable runtime-by-country global table populated,No robust per-runtime gender cross-tab populated,,https://en.wikipedia.org/wiki/Comparison_of_application_virtualization_software
479,S,Swift Concurrency Runtime,Native / compiled-language runtime systems,Runtime system / execution engine,"Go, Haskell, OCaml, Julia, R, Swift, Kotlin Native, Rust, Zig, Nim, D, Ada, Fortran and others",Native compiled / JIT / bytecode varies,Native code / LLVM IR / language-specific IR,Manual / GC / ARC / ownership varies,Native desktop/server/embedded,OS process boundary,,,,,,,,,,,No comparable runtime-by-country global table populated,No robust per-runtime gender cross-tab populated,,https://en.wikipedia.org/wiki/Comparison_of_application_virtualization_software
480,S,Swift Embedded Runtime,Native / compiled-language runtime systems,Runtime system / execution engine,"Go, Haskell, OCaml, Julia, R, Swift, Kotlin Native, Rust, Zig, Nim, D, Ada, Fortran and others",Native compiled / JIT / bytecode varies,Native code / LLVM IR / language-specific IR,Manual / GC / ARC / ownership varies,Native desktop/server/embedded,OS process boundary,,,,,,,,,,,No comparable runtime-by-country global table populated,No robust per-runtime gender cross-tab populated,,https://en.wikipedia.org/wiki/Comparison_of_application_virtualization_software
481,S,Swift Runtime,Native / compiled-language runtime systems,Runtime system / execution engine,"Go, Haskell, OCaml, Julia, R, Swift, Kotlin Native, Rust, Zig, Nim, D, Ada, Fortran and others",Native compiled / JIT / bytecode varies,Native code / LLVM IR / language-specific IR,Manual / GC / ARC / ownership varies,Native desktop/server/embedded,OS process boundary,,,,,,,,,,,No comparable runtime-by-country global table populated,No robust per-runtime gender cross-tab populated,,https://en.wikipedia.org/wiki/Comparison_of_application_virtualization_software
482,S,SYCL Runtime,GPU / accelerator,Accelerator execution runtime,"CUDA, HIP, OpenCL, SYCL, C/C++, accelerator kernels",JIT / AOT / device execution,PTX / SPIR-V / native GPU code,Host/device managed,GPU / accelerator computing,Driver/device boundary,,,,,,,,,,,No comparable runtime-by-country global table populated,No robust per-runtime gender cross-tab populated,,https://docs.nvidia.com/cuda/cuda-runtime-api/index.html
483,T,Tamarin,JavaScript engines,Language engine / VM,JavaScript; some WebAssembly,Interpreter + JIT varies,Engine bytecode / machine code,Garbage collected,"Browsers, runtimes, embedded applications",Embedding host controls sandbox,,,,,,,,,,,No comparable runtime-by-country global table populated,No robust per-runtime gender cross-tab populated,,https://en.wikipedia.org/wiki/List_of_JavaScript_engines
484,T,Tamarin VM,Historical / portable VMs,Virtual machine / educational or legacy runtime,Various,Interpreter / JIT / AOT varies,Portable bytecode / IR,Varies,"Historical, research, legacy systems",Host-dependent,,,,,,,,,,,No comparable runtime-by-country global table populated,No robust per-runtime gender cross-tab populated,,https://en.wikipedia.org/wiki/Comparison_of_application_virtualization_software
485,T,Tau Prolog Runtime,Other language runtimes,Language runtime / VM / execution environment,"Prolog, Tcl, AWK, Forth, Haxe, Dart and others",Interpreter / JIT / AOT / native varies,Language-specific bytecode / native / JS / Wasm,Varies,"CLI, server, desktop, browser, embedded",Host-dependent,,,,,,,,,,,No comparable runtime-by-country global table populated,No robust per-runtime gender cross-tab populated,,https://en.wikipedia.org/wiki/Comparison_of_application_virtualization_software
486,T,Tcl bytecode VM,Other language runtimes,Language runtime / VM / execution environment,"Prolog, Tcl, AWK, Forth, Haxe, Dart and others",Interpreter / JIT / AOT / native varies,Language-specific bytecode / native / JS / Wasm,Varies,"CLI, server, desktop, browser, embedded",Host-dependent,,,,,,,,,,,No comparable runtime-by-country global table populated,No robust per-runtime gender cross-tab populated,,https://en.wikipedia.org/wiki/Comparison_of_application_virtualization_software
487,T,Tcl Runtime,Other language runtimes,Language runtime / VM / execution environment,"Prolog, Tcl, AWK, Forth, Haxe, Dart and others",Interpreter / JIT / AOT / native varies,Language-specific bytecode / native / JS / Wasm,Varies,"CLI, server, desktop, browser, embedded",Host-dependent,,,,,,,,,,,No comparable runtime-by-country global table populated,No robust per-runtime gender cross-tab populated,,https://en.wikipedia.org/wiki/Comparison_of_application_virtualization_software
488,T,TeaJS,JavaScript / TypeScript,Application runtime,JavaScript / TypeScript,Interpreter / JIT / AOT varies,JavaScript source / engine-specific bytecode,Garbage collected,Server / embedded / edge / experimental,Host-dependent,,,,,,,,,,,No comparable runtime-by-country global table populated,No robust per-runtime gender cross-tab populated,,https://en.wikipedia.org/wiki/List_of_JavaScript_engines
489,T,Tencent Cloud SCF Runtime,Edge / serverless,Managed execution platform,Multi-language / JavaScript / WebAssembly varies,Managed process / isolate / Wasm execution,Provider-defined,Provider-managed,Cloud / edge,Provider sandbox / isolate / container boundary,,,,,,,,,,,No comparable runtime-by-country global table populated,No robust per-runtime gender cross-tab populated,Execution platform rather than a standalone language VM; overlaps cloud/serverless taxonomy.,https://2025.stateofjs.com/en-US/other-tools/
490,T,Terra Runtime,Lua,Language runtime / VM / JIT,Lua / Lua-derived languages,Interpreter / trace JIT / native varies,Lua bytecode / native / JavaScript / BEAM,Garbage collected,"Embedded, games, servers, scripting",Embedding host controls sandbox,,,,,,,,,,,No comparable runtime-by-country global table populated,No robust per-runtime gender cross-tab populated,,https://luajit.org/luajit.html
491,T,Tessel JavaScript Runtime,JavaScript / TypeScript,Application runtime,JavaScript / TypeScript,Interpreter / JIT / AOT varies,JavaScript source / engine-specific bytecode,Garbage collected,Server / embedded / edge / experimental,Host-dependent,,,,,,,,,,,No comparable runtime-by-country global table populated,No robust per-runtime gender cross-tab populated,,https://en.wikipedia.org/wiki/List_of_JavaScript_engines
492,T,Tiny-JS,JavaScript engines,Language engine / VM,JavaScript; some WebAssembly,Interpreter + JIT varies,Engine bytecode / machine code,Garbage collected,"Browsers, runtimes, embedded applications",Embedding host controls sandbox,,,,,,,,,,,No comparable runtime-by-country global table populated,No robust per-runtime gender cross-tab populated,,https://en.wikipedia.org/wiki/List_of_JavaScript_engines
493,T,TinyGo Embedded Runtime,Embedded / constrained,Embedded runtime / VM,"Java ME, .NET, Python, JavaScript, Ruby, Lua, Go, WebAssembly",Interpreter / AOT / JIT varies,Bytecode / native / Wasm,Small-footprint managed or manual,"Microcontrollers, IoT, RTOS",Device/firmware constraints,,,,,,,,,,,No comparable runtime-by-country global table populated,No robust per-runtime gender cross-tab populated,,https://en.wikipedia.org/wiki/Comparison_of_application_virtualization_software
494,T,TinyGo Runtime,Native / compiled-language runtime systems,Runtime system / execution engine,"Go, Haskell, OCaml, Julia, R, Swift, Kotlin Native, Rust, Zig, Nim, D, Ada, Fortran and others",Native compiled / JIT / bytecode varies,Native code / LLVM IR / language-specific IR,Manual / GC / ARC / ownership varies,Native desktop/server/embedded,OS process boundary,,,,,,,,,,,No comparable runtime-by-country global table populated,No robust per-runtime gender cross-tab populated,,https://en.wikipedia.org/wiki/Comparison_of_application_virtualization_software
495,T,TinyPy,Python,Language runtime / implementation,Python,Bytecode interpreter / JIT / AOT varies,Python bytecode / JVM / CLR / Wasm / native varies,Garbage collected / reference counting varies,"Server, desktop, browser, embedded",Host-dependent,,,,,,,,,,,No comparable runtime-by-country global table populated,No robust per-runtime gender cross-tab populated,,https://www.python.org/download/alternatives/
496,T,TinyScheme Runtime,Lisp / Scheme / Clojure,Language runtime / compiler runtime,"Common Lisp, Scheme, Clojure",Native compiler / bytecode interpreter / JVM / JS varies,Native / JVM bytecode / VM bytecode,Garbage collected,"Server, desktop, scripting, embedded",Host-dependent,,,,,,,,,,,No comparable runtime-by-country global table populated,No robust per-runtime gender cross-tab populated,,https://en.wikipedia.org/wiki/List_of_Lisp_software_and_tools
497,T,TOAM Jr.,Historical / portable VMs,Virtual machine / educational or legacy runtime,Various,Interpreter / JIT / AOT varies,Portable bytecode / IR,Varies,"Historical, research, legacy systems",Host-dependent,,,,,,,,,,,No comparable runtime-by-country global table populated,No robust per-runtime gender cross-tab populated,,https://en.wikipedia.org/wiki/Comparison_of_application_virtualization_software
498,T,Tock Process Runtime,Embedded / constrained,Embedded runtime / VM,"Java ME, .NET, Python, JavaScript, Ruby, Lua, Go, WebAssembly",Interpreter / AOT / JIT varies,Bytecode / native / Wasm,Small-footprint managed or manual,"Microcontrollers, IoT, RTOS",Device/firmware constraints,,,,,,,,,,,No comparable runtime-by-country global table populated,No robust per-runtime gender cross-tab populated,,https://en.wikipedia.org/wiki/Comparison_of_application_virtualization_software
499,T,Topaz,Ruby,Language runtime / VM / JIT,Ruby,Interpreter / bytecode VM / JIT / AOT varies,YARV bytecode / JVM bytecode / native / JavaScript varies,Garbage collected,"Server, desktop, embedded, browser",Host-dependent,,,,,,,,,,,No comparable runtime-by-country global table populated,No robust per-runtime gender cross-tab populated,,https://en.wikipedia.org/wiki/Comparison_of_application_virtualization_software
500,T,TraceMonkey,JavaScript engines,Language engine / VM,JavaScript; some WebAssembly,Interpreter + JIT varies,Engine bytecode / machine code,Garbage collected,"Browsers, runtimes, embedded applications",Embedding host controls sandbox,,,,,,,,,,,No comparable runtime-by-country global table populated,No robust per-runtime gender cross-tab populated,,https://en.wikipedia.org/wiki/List_of_JavaScript_engines
501,T,Transcrypt Runtime,Python,Language runtime / implementation,Python,Bytecode interpreter / JIT / AOT varies,Python bytecode / JVM / CLR / Wasm / native varies,Garbage collected / reference counting varies,"Server, desktop, browser, embedded",Host-dependent,,,,,,,,,,,No comparable runtime-by-country global table populated,No robust per-runtime gender cross-tab populated,,https://www.python.org/download/alternatives/
502,T,Trealla Prolog Runtime,Other language runtimes,Language runtime / VM / execution environment,"Prolog, Tcl, AWK, Forth, Haxe, Dart and others",Interpreter / JIT / AOT / native varies,Language-specific bytecode / native / JS / Wasm,Varies,"CLI, server, desktop, browser, embedded",Host-dependent,,,,,,,,,,,No comparable runtime-by-country global table populated,No robust per-runtime gender cross-tab populated,,https://en.wikipedia.org/wiki/Comparison_of_application_virtualization_software
503,T,Triton Language Runtime,GPU / accelerator,Accelerator execution runtime,"CUDA, HIP, OpenCL, SYCL, C/C++, accelerator kernels",JIT / AOT / device execution,PTX / SPIR-V / native GPU code,Host/device managed,GPU / accelerator computing,Driver/device boundary,,,,,,,,,,,No comparable runtime-by-country global table populated,No robust per-runtime gender cross-tab populated,,https://docs.nvidia.com/cuda/cuda-runtime-api/index.html
504,T,TruffleRuby,Ruby,Language runtime / VM / JIT,Ruby,Interpreter / bytecode VM / JIT / AOT varies,YARV bytecode / JVM bytecode / native / JavaScript varies,Garbage collected,"Server, desktop, embedded, browser",Host-dependent,,,,,,,,,,,No comparable runtime-by-country global table populated,No robust per-runtime gender cross-tab populated,,https://en.wikipedia.org/wiki/Comparison_of_application_virtualization_software
505,T,TurboFan,JavaScript engines,Language engine / VM,JavaScript; some WebAssembly,Interpreter + JIT varies,Engine bytecode / machine code,Garbage collected,"Browsers, runtimes, embedded applications",Embedding host controls sandbox,,,,,,,,,,,No comparable runtime-by-country global table populated,No robust per-runtime gender cross-tab populated,,https://en.wikipedia.org/wiki/List_of_JavaScript_engines
506,T,Txiki.js,JavaScript / TypeScript,Application runtime,JavaScript / TypeScript,Interpreter / JIT / AOT varies,JavaScript source / engine-specific bytecode,Garbage collected,Server / embedded / edge / experimental,Host-dependent,,,,,,,,,,,No comparable runtime-by-country global table populated,No robust per-runtime gender cross-tab populated,,https://en.wikipedia.org/wiki/List_of_JavaScript_engines
507,U,uClibc-ng,Native system runtimes,Runtime library / ABI layer,"C, C++ and native languages",Native execution support,Native machine code / ABI,Manual / language-specific,"Operating systems, embedded, native applications",OS process boundary,,,,,,,,,,,No comparable runtime-by-country global table populated,No robust per-runtime gender cross-tab populated,,https://en.wikipedia.org/wiki/Comparison_of_application_virtualization_software
508,U,UCSD p-System p-code Machine,Historical / portable VMs,Virtual machine / educational or legacy runtime,Various,Interpreter / JIT / AOT varies,Portable bytecode / IR,Varies,"Historical, research, legacy systems",Host-dependent,,,,,,,,,,,No comparable runtime-by-country global table populated,No robust per-runtime gender cross-tab populated,,https://en.wikipedia.org/wiki/Comparison_of_application_virtualization_software
509,U,UHC Runtime,Native / compiled-language runtime systems,Runtime system / execution engine,"Go, Haskell, OCaml, Julia, R, Swift, Kotlin Native, Rust, Zig, Nim, D, Ada, Fortran and others",Native compiled / JIT / bytecode varies,Native code / LLVM IR / language-specific IR,Manual / GC / ARC / ownership varies,Native desktop/server/embedded,OS process boundary,,,,,,,,,,,No comparable runtime-by-country global table populated,No robust per-runtime gender cross-tab populated,,https://en.wikipedia.org/wiki/Comparison_of_application_virtualization_software
510,U,Unicon Runtime,Other language runtimes,Language runtime / VM / execution environment,"Prolog, Tcl, AWK, Forth, Haxe, Dart and others",Interpreter / JIT / AOT / native varies,Language-specific bytecode / native / JS / Wasm,Varies,"CLI, server, desktop, browser, embedded",Host-dependent,,,,,,,,,,,No comparable runtime-by-country global table populated,No robust per-runtime gender cross-tab populated,,https://en.wikipedia.org/wiki/Comparison_of_application_virtualization_software
511,U,Unity IL2CPP Runtime,.NET / CLI,Managed runtime / AOT runtime,CLI languages / CIL,JIT / AOT / interpreter varies,CIL / native code / Wasm,Garbage collected,"Desktop, server, mobile, games, browser, embedded",Host-dependent,,,,,,,,,,,No comparable runtime-by-country global table populated,No robust per-runtime gender cross-tab populated,,https://learn.microsoft.com/en-us/dotnet/fundamentals/implementations
512,U,Unity Mono Runtime,.NET / CLI,Managed runtime / AOT runtime,CLI languages / CIL,JIT / AOT / interpreter varies,CIL / native code / Wasm,Garbage collected,"Desktop, server, mobile, games, browser, embedded",Host-dependent,,,,,,,,,,,No comparable runtime-by-country global table populated,No robust per-runtime gender cross-tab populated,,https://learn.microsoft.com/en-us/dotnet/fundamentals/implementations
513,U,Unladen Swallow,Python,Language runtime / implementation,Python,Bytecode interpreter / JIT / AOT varies,Python bytecode / JVM / CLR / Wasm / native varies,Garbage collected / reference counting varies,"Server, desktop, browser, embedded",Host-dependent,,,,,,,,,,,No comparable runtime-by-country global table populated,No robust per-runtime gender cross-tab populated,,https://www.python.org/download/alternatives/
514,V,V Language Runtime,Other language runtimes,Language runtime / VM / execution environment,"Prolog, Tcl, AWK, Forth, Haxe, Dart and others",Interpreter / JIT / AOT / native varies,Language-specific bytecode / native / JS / Wasm,Varies,"CLI, server, desktop, browser, embedded",Host-dependent,,,,,,,,,,,No comparable runtime-by-country global table populated,No robust per-runtime gender cross-tab populated,,https://en.wikipedia.org/wiki/Comparison_of_application_virtualization_software
515,V,V8,JavaScript engines,Language engine / VM,JavaScript; some WebAssembly,Interpreter + JIT varies,Engine bytecode / machine code,Garbage collected,"Browsers, runtimes, embedded applications",Embedding host controls sandbox,Google / Chromium,"Used by Chrome, Node.js, Deno and embedders",,,,,,,,,No comparable runtime-by-country global table populated,No robust per-runtime gender cross-tab populated,Open-source JavaScript and WebAssembly engine written in C++.,https://v8.dev/docs
516,V,Vercel Edge Runtime,Edge / serverless,Managed execution platform,Multi-language / JavaScript / WebAssembly varies,Managed process / isolate / Wasm execution,Provider-defined,Provider-managed,Cloud / edge,Provider sandbox / isolate / container boundary,,,,,,,,,,,No comparable runtime-by-country global table populated,No robust per-runtime gender cross-tab populated,Execution platform rather than a standalone language VM; overlaps cloud/serverless taxonomy.,https://2025.stateofjs.com/en-US/other-tools/
517,V,Vercel Functions Runtime,Edge / serverless,Managed execution platform,Multi-language / JavaScript / WebAssembly varies,Managed process / isolate / Wasm execution,Provider-defined,Provider-managed,Cloud / edge,Provider sandbox / isolate / container boundary,,,,,,3,1608,16.8,,,No comparable runtime-by-country global table populated,No robust per-runtime gender cross-tab populated,Execution platform rather than a standalone language VM; overlaps cloud/serverless taxonomy.,https://2025.stateofjs.com/en-US/other-tools/
518,V,Vert.x JavaScript Runtime,JavaScript / TypeScript,Application runtime,JavaScript / TypeScript,Interpreter / JIT / AOT varies,JavaScript source / engine-specific bytecode,Garbage collected,Server / embedded / edge / experimental,Host-dependent,,,,,,,,,,,No comparable runtime-by-country global table populated,No robust per-runtime gender cross-tab populated,,https://en.wikipedia.org/wiki/List_of_JavaScript_engines
519,V,Vicare Runtime,Lisp / Scheme / Clojure,Language runtime / compiler runtime,"Common Lisp, Scheme, Clojure",Native compiler / bytecode interpreter / JVM / JS varies,Native / JVM bytecode / VM bytecode,Garbage collected,"Server, desktop, scripting, embedded",Host-dependent,,,,,,,,,,,No comparable runtime-by-country global table populated,No robust per-runtime gender cross-tab populated,,https://en.wikipedia.org/wiki/List_of_Lisp_software_and_tools
520,V,VisualAge Smalltalk VM,Smalltalk / Self,Object VM / language runtime,"Smalltalk, Self, Newspeak",Bytecode interpreter + JIT varies,Smalltalk bytecode / object memory,Garbage collected,"Desktop, research, server, browser",Host-dependent,,,,,,,,,,,No comparable runtime-by-country global table populated,No robust per-runtime gender cross-tab populated,,https://opensmalltalk.org/
521,V,VisualWorks VM,Smalltalk / Self,Object VM / language runtime,"Smalltalk, Self, Newspeak",Bytecode interpreter + JIT varies,Smalltalk bytecode / object memory,Garbage collected,"Desktop, research, server, browser",Host-dependent,,,,,,,,,,,No comparable runtime-by-country global table populated,No robust per-runtime gender cross-tab populated,,https://opensmalltalk.org/
522,V,VOC Python Runtime,Python,Language runtime / implementation,Python,Bytecode interpreter / JIT / AOT varies,Python bytecode / JVM / CLR / Wasm / native varies,Garbage collected / reference counting varies,"Server, desktop, browser, embedded",Host-dependent,,,,,,,,,,,No comparable runtime-by-country global table populated,No robust per-runtime gender cross-tab populated,,https://www.python.org/download/alternatives/
523,V,Vulkan Compute Runtime,GPU / accelerator,Accelerator execution runtime,"CUDA, HIP, OpenCL, SYCL, C/C++, accelerator kernels",JIT / AOT / device execution,PTX / SPIR-V / native GPU code,Host/device managed,GPU / accelerator computing,Driver/device boundary,,,,,,,,,,,No comparable runtime-by-country global table populated,No robust per-runtime gender cross-tab populated,,https://docs.nvidia.com/cuda/cuda-runtime-api/index.html
524,W,Wagon,WebAssembly / WASI,WebAssembly runtime / engine,"WebAssembly, WASI components",Interpreter / JIT / AOT varies,Wasm / Component Model,Sandboxed linear memory,"Server, edge, embedded, plugins, blockchain",Wasm sandbox + capability model when WASI is used,,,,,,,,,,,No comparable runtime-by-country global table populated,No robust per-runtime gender cross-tab populated,,https://github.com/appcypher/awesome-wasm-runtimes
525,W,WAKit,WebAssembly / WASI,WebAssembly runtime / engine,"WebAssembly, WASI components",Interpreter / JIT / AOT varies,Wasm / Component Model,Sandboxed linear memory,"Server, edge, embedded, plugins, blockchain",Wasm sandbox + capability model when WASI is used,,,,,,,,,,,No comparable runtime-by-country global table populated,No robust per-runtime gender cross-tab populated,,https://github.com/appcypher/awesome-wasm-runtimes
526,W,WAM Prolog Runtime,Historical / portable VMs,Virtual machine / educational or legacy runtime,Various,Interpreter / JIT / AOT varies,Portable bytecode / IR,Varies,"Historical, research, legacy systems",Host-dependent,,,,,,,,,,,No comparable runtime-by-country global table populated,No robust per-runtime gender cross-tab populated,,https://en.wikipedia.org/wiki/Comparison_of_application_virtualization_software
527,W,WAMR AOT Runtime,WebAssembly / WASI,WebAssembly runtime / engine,"WebAssembly, WASI components",Interpreter / JIT / AOT varies,Wasm / Component Model,Sandboxed linear memory,"Server, edge, embedded, plugins, blockchain",Wasm sandbox + capability model when WASI is used,,,,,,,,,,,No comparable runtime-by-country global table populated,No robust per-runtime gender cross-tab populated,,https://github.com/appcypher/awesome-wasm-runtimes
528,W,WAMR Classic Interpreter,WebAssembly / WASI,WebAssembly runtime / engine,"WebAssembly, WASI components",Interpreter / JIT / AOT varies,Wasm / Component Model,Sandboxed linear memory,"Server, edge, embedded, plugins, blockchain",Wasm sandbox + capability model when WASI is used,,,,,,,,,,,No comparable runtime-by-country global table populated,No robust per-runtime gender cross-tab populated,,https://github.com/appcypher/awesome-wasm-runtimes
529,W,WAMR Embedded Runtime,Embedded / constrained,Embedded runtime / VM,"Java ME, .NET, Python, JavaScript, Ruby, Lua, Go, WebAssembly",Interpreter / AOT / JIT varies,Bytecode / native / Wasm,Small-footprint managed or manual,"Microcontrollers, IoT, RTOS",Device/firmware constraints,,,,,,,,,,,No comparable runtime-by-country global table populated,No robust per-runtime gender cross-tab populated,,https://en.wikipedia.org/wiki/Comparison_of_application_virtualization_software
530,W,WAMR Fast Interpreter,WebAssembly / WASI,WebAssembly runtime / engine,"WebAssembly, WASI components",Interpreter / JIT / AOT varies,Wasm / Component Model,Sandboxed linear memory,"Server, edge, embedded, plugins, blockchain",Wasm sandbox + capability model when WASI is used,,,,,,,,,,,No comparable runtime-by-country global table populated,No robust per-runtime gender cross-tab populated,,https://github.com/appcypher/awesome-wasm-runtimes
531,W,WarpMonkey,JavaScript engines,Language engine / VM,JavaScript; some WebAssembly,Interpreter + JIT varies,Engine bytecode / machine code,Garbage collected,"Browsers, runtimes, embedded applications",Embedding host controls sandbox,,,,,,,,,,,No comparable runtime-by-country global table populated,No robust per-runtime gender cross-tab populated,,https://en.wikipedia.org/wiki/List_of_JavaScript_engines
532,W,Warpy,WebAssembly / WASI,WebAssembly runtime / engine,"WebAssembly, WASI components",Interpreter / JIT / AOT varies,Wasm / Component Model,Sandboxed linear memory,"Server, edge, embedded, plugins, blockchain",Wasm sandbox + capability model when WASI is used,,,,,,,,,,,No comparable runtime-by-country global table populated,No robust per-runtime gender cross-tab populated,,https://github.com/appcypher/awesome-wasm-runtimes
533,W,Warren Abstract Machine,Historical / portable VMs,Virtual machine / educational or legacy runtime,Various,Interpreter / JIT / AOT varies,Portable bytecode / IR,Varies,"Historical, research, legacy systems",Host-dependent,,,,,,,,,,,No comparable runtime-by-country global table populated,No robust per-runtime gender cross-tab populated,,https://en.wikipedia.org/wiki/Comparison_of_application_virtualization_software
534,W,WASI libc,Native system runtimes,Runtime library / ABI layer,"C, C++ and native languages",Native execution support,Native machine code / ABI,Manual / language-specific,"Operating systems, embedded, native applications",OS process boundary,,,,,,,,,,,No comparable runtime-by-country global table populated,No robust per-runtime gender cross-tab populated,,https://en.wikipedia.org/wiki/Comparison_of_application_virtualization_software
535,W,WASM Mono Runtime,.NET / CLI,Managed runtime / AOT runtime,CLI languages / CIL,JIT / AOT / interpreter varies,CIL / native code / Wasm,Garbage collected,"Desktop, server, mobile, games, browser, embedded",Host-dependent,,,,,,,,,,,No comparable runtime-by-country global table populated,No robust per-runtime gender cross-tab populated,,https://learn.microsoft.com/en-us/dotnet/fundamentals/implementations
536,W,Wasm2c Runtime,WebAssembly / WASI,WebAssembly runtime / engine,"WebAssembly, WASI components",Interpreter / JIT / AOT varies,Wasm / Component Model,Sandboxed linear memory,"Server, edge, embedded, plugins, blockchain",Wasm sandbox + capability model when WASI is used,,,,,,,,,,,No comparable runtime-by-country global table populated,No robust per-runtime gender cross-tab populated,,https://github.com/appcypher/awesome-wasm-runtimes
537,W,wasm3,WebAssembly / WASI,WebAssembly runtime / engine,"WebAssembly, WASI components",Interpreter / JIT / AOT varies,Wasm / Component Model,Sandboxed linear memory,"Server, edge, embedded, plugins, blockchain",Wasm sandbox + capability model when WASI is used,,,,,,,,,,,No comparable runtime-by-country global table populated,No robust per-runtime gender cross-tab populated,,https://github.com/appcypher/awesome-wasm-runtimes
538,W,wasm3 Embedded Runtime,Embedded / constrained,Embedded runtime / VM,"Java ME, .NET, Python, JavaScript, Ruby, Lua, Go, WebAssembly",Interpreter / AOT / JIT varies,Bytecode / native / Wasm,Small-footprint managed or manual,"Microcontrollers, IoT, RTOS",Device/firmware constraints,,,,,,,,,,,No comparable runtime-by-country global table populated,No robust per-runtime gender cross-tab populated,,https://en.wikipedia.org/wiki/Comparison_of_application_virtualization_software
539,W,wasmCloud Runtime,WebAssembly / WASI,WebAssembly runtime / engine,"WebAssembly, WASI components",Interpreter / JIT / AOT varies,Wasm / Component Model,Sandboxed linear memory,"Server, edge, embedded, plugins, blockchain",Wasm sandbox + capability model when WASI is used,,,,,,,,,,,No comparable runtime-by-country global table populated,No robust per-runtime gender cross-tab populated,,https://github.com/appcypher/awesome-wasm-runtimes
540,W,WasmEdge,WebAssembly / WASI,WebAssembly runtime / engine,"WebAssembly, WASI components",Interpreter / JIT / AOT varies,Wasm / Component Model,Sandboxed linear memory,"Server, edge, embedded, plugins, blockchain",Wasm sandbox + capability model when WASI is used,,,,,,,,,,,No comparable runtime-by-country global table populated,No robust per-runtime gender cross-tab populated,,https://github.com/appcypher/awesome-wasm-runtimes
541,W,WasmEdge AOT Runtime,WebAssembly / WASI,WebAssembly runtime / engine,"WebAssembly, WASI components",Interpreter / JIT / AOT varies,Wasm / Component Model,Sandboxed linear memory,"Server, edge, embedded, plugins, blockchain",Wasm sandbox + capability model when WASI is used,,,,,,,,,,,No comparable runtime-by-country global table populated,No robust per-runtime gender cross-tab populated,,https://github.com/appcypher/awesome-wasm-runtimes
542,W,WasmEdge Interpreter,WebAssembly / WASI,WebAssembly runtime / engine,"WebAssembly, WASI components",Interpreter / JIT / AOT varies,Wasm / Component Model,Sandboxed linear memory,"Server, edge, embedded, plugins, blockchain",Wasm sandbox + capability model when WASI is used,,,,,,,,,,,No comparable runtime-by-country global table populated,No robust per-runtime gender cross-tab populated,,https://github.com/appcypher/awesome-wasm-runtimes
543,W,Wasmer,WebAssembly / WASI,WebAssembly runtime / engine,"WebAssembly, WASI components",Interpreter / JIT / AOT varies,Wasm / Component Model,Sandboxed linear memory,"Server, edge, embedded, plugins, blockchain",Wasm sandbox + capability model when WASI is used,,,,,,,,,,,No comparable runtime-by-country global table populated,No robust per-runtime gender cross-tab populated,,https://github.com/appcypher/awesome-wasm-runtimes
544,W,Wasmer Cranelift,WebAssembly / WASI,WebAssembly runtime / engine,"WebAssembly, WASI components",Interpreter / JIT / AOT varies,Wasm / Component Model,Sandboxed linear memory,"Server, edge, embedded, plugins, blockchain",Wasm sandbox + capability model when WASI is used,,,,,,,,,,,No comparable runtime-by-country global table populated,No robust per-runtime gender cross-tab populated,,https://github.com/appcypher/awesome-wasm-runtimes
545,W,Wasmer LLVM Backend,WebAssembly / WASI,WebAssembly runtime / engine,"WebAssembly, WASI components",Interpreter / JIT / AOT varies,Wasm / Component Model,Sandboxed linear memory,"Server, edge, embedded, plugins, blockchain",Wasm sandbox + capability model when WASI is used,,,,,,,,,,,No comparable runtime-by-country global table populated,No robust per-runtime gender cross-tab populated,,https://github.com/appcypher/awesome-wasm-runtimes
546,W,Wasmer Singlepass,WebAssembly / WASI,WebAssembly runtime / engine,"WebAssembly, WASI components",Interpreter / JIT / AOT varies,Wasm / Component Model,Sandboxed linear memory,"Server, edge, embedded, plugins, blockchain",Wasm sandbox + capability model when WASI is used,,,,,,,,,,,No comparable runtime-by-country global table populated,No robust per-runtime gender cross-tab populated,,https://github.com/appcypher/awesome-wasm-runtimes
547,W,Wasmer-JS,WebAssembly / WASI,WebAssembly runtime / engine,"WebAssembly, WASI components",Interpreter / JIT / AOT varies,Wasm / Component Model,Sandboxed linear memory,"Server, edge, embedded, plugins, blockchain",Wasm sandbox + capability model when WASI is used,,,,,,,,,,,No comparable runtime-by-country global table populated,No robust per-runtime gender cross-tab populated,,https://github.com/appcypher/awesome-wasm-runtimes
548,W,Wasmi,WebAssembly / WASI,WebAssembly runtime / engine,"WebAssembly, WASI components",Interpreter / JIT / AOT varies,Wasm / Component Model,Sandboxed linear memory,"Server, edge, embedded, plugins, blockchain",Wasm sandbox + capability model when WASI is used,,,,,,,,,,,No comparable runtime-by-country global table populated,No robust per-runtime gender cross-tab populated,,https://github.com/appcypher/awesome-wasm-runtimes
549,W,wasmi_runtime_layer,WebAssembly / WASI,WebAssembly runtime / engine,"WebAssembly, WASI components",Interpreter / JIT / AOT varies,Wasm / Component Model,Sandboxed linear memory,"Server, edge, embedded, plugins, blockchain",Wasm sandbox + capability model when WASI is used,,,,,,,,,,,No comparable runtime-by-country global table populated,No robust per-runtime gender cross-tab populated,,https://github.com/appcypher/awesome-wasm-runtimes
550,W,WasmKit,WebAssembly / WASI,WebAssembly runtime / engine,"WebAssembly, WASI components",Interpreter / JIT / AOT varies,Wasm / Component Model,Sandboxed linear memory,"Server, edge, embedded, plugins, blockchain",Wasm sandbox + capability model when WASI is used,,,,,,,,,,,No comparable runtime-by-country global table populated,No robust per-runtime gender cross-tab populated,,https://github.com/appcypher/awesome-wasm-runtimes
551,W,WasmRT,WebAssembly / WASI,WebAssembly runtime / engine,"WebAssembly, WASI components",Interpreter / JIT / AOT varies,Wasm / Component Model,Sandboxed linear memory,"Server, edge, embedded, plugins, blockchain",Wasm sandbox + capability model when WASI is used,,,,,,,,,,,No comparable runtime-by-country global table populated,No robust per-runtime gender cross-tab populated,,https://github.com/appcypher/awesome-wasm-runtimes
552,W,Wasmtime,WebAssembly / WASI,WebAssembly runtime / engine,"WebAssembly, WASI components",Interpreter / JIT / AOT varies,Wasm / Component Model,Sandboxed linear memory,"Server, edge, embedded, plugins, blockchain",Wasm sandbox + capability model when WASI is used,Bytecode Alliance,,,,,,,,,,No comparable runtime-by-country global table populated,No robust per-runtime gender cross-tab populated,"Standalone WebAssembly, WASI and Component Model runtime built around Cranelift.",https://docs.wasmtime.dev/
553,W,Wasmtime Cranelift,WebAssembly / WASI,WebAssembly runtime / engine,"WebAssembly, WASI components",Interpreter / JIT / AOT varies,Wasm / Component Model,Sandboxed linear memory,"Server, edge, embedded, plugins, blockchain",Wasm sandbox + capability model when WASI is used,,,,,,,,,,,No comparable runtime-by-country global table populated,No robust per-runtime gender cross-tab populated,,https://github.com/appcypher/awesome-wasm-runtimes
554,W,Wasmtime Winch,WebAssembly / WASI,WebAssembly runtime / engine,"WebAssembly, WASI components",Interpreter / JIT / AOT varies,Wasm / Component Model,Sandboxed linear memory,"Server, edge, embedded, plugins, blockchain",Wasm sandbox + capability model when WASI is used,,,,,,,,,,,No comparable runtime-by-country global table populated,No robust per-runtime gender cross-tab populated,,https://github.com/appcypher/awesome-wasm-runtimes
555,W,WasmVM,WebAssembly / WASI,WebAssembly runtime / engine,"WebAssembly, WASI components",Interpreter / JIT / AOT varies,Wasm / Component Model,Sandboxed linear memory,"Server, edge, embedded, plugins, blockchain",Wasm sandbox + capability model when WASI is used,,,,,,,,,,,No comparable runtime-by-country global table populated,No robust per-runtime gender cross-tab populated,,https://github.com/appcypher/awesome-wasm-runtimes
556,W,WAVM,WebAssembly / WASI,WebAssembly runtime / engine,"WebAssembly, WASI components",Interpreter / JIT / AOT varies,Wasm / Component Model,Sandboxed linear memory,"Server, edge, embedded, plugins, blockchain",Wasm sandbox + capability model when WASI is used,,,,,,,,,,,No comparable runtime-by-country global table populated,No robust per-runtime gender cross-tab populated,,https://github.com/appcypher/awesome-wasm-runtimes
557,W,wazero,WebAssembly / WASI,WebAssembly runtime / engine,"WebAssembly, WASI components",Interpreter / JIT / AOT varies,Wasm / Component Model,Sandboxed linear memory,"Server, edge, embedded, plugins, blockchain",Wasm sandbox + capability model when WASI is used,,,,,,,,,,,No comparable runtime-by-country global table populated,No robust per-runtime gender cross-tab populated,,https://github.com/appcypher/awesome-wasm-runtimes
558,W,Web Worker Runtime,Browser / Web,Browser execution environment,"JavaScript, WebAssembly",JIT + interpreter,ECMAScript / Wasm,Garbage collected,Web browser / embedded browser,Web sandbox + origin model,,V8 / SpiderMonkey / JavaScriptCore depending browser,,,,,,,,,No comparable runtime-by-country global table populated,No robust per-runtime gender cross-tab populated,,https://en.wikipedia.org/wiki/List_of_JavaScript_engines
559,W,WebAssembly Embedded Runtime,Embedded / constrained,Embedded runtime / VM,"Java ME, .NET, Python, JavaScript, Ruby, Lua, Go, WebAssembly",Interpreter / AOT / JIT varies,Bytecode / native / Wasm,Small-footprint managed or manual,"Microcontrollers, IoT, RTOS",Device/firmware constraints,,,,,,,,,,,No comparable runtime-by-country global table populated,No robust per-runtime gender cross-tab populated,,https://en.wikipedia.org/wiki/Comparison_of_application_virtualization_software
560,W,WebAssembly Micro Runtime (WAMR),WebAssembly / WASI,WebAssembly runtime / engine,"WebAssembly, WASI components",Interpreter / JIT / AOT varies,Wasm / Component Model,Sandboxed linear memory,"Server, edge, embedded, plugins, blockchain",Wasm sandbox + capability model when WASI is used,,,,,,,,,,,No comparable runtime-by-country global table populated,No robust per-runtime gender cross-tab populated,,https://github.com/appcypher/awesome-wasm-runtimes
561,W,WebView JavaScript Runtime,Browser / Web,Browser execution environment,"JavaScript, WebAssembly",JIT + interpreter,ECMAScript / Wasm,Garbage collected,Web browser / embedded browser,Web sandbox + origin model,,V8 / SpiderMonkey / JavaScriptCore depending browser,,,,,,,,,No comparable runtime-by-country global table populated,No robust per-runtime gender cross-tab populated,,https://en.wikipedia.org/wiki/List_of_JavaScript_engines
562,W,Wine Runtime,Native system runtimes,Runtime library / ABI layer,"C, C++ and native languages",Native execution support,Native machine code / ABI,Manual / language-specific,"Operating systems, embedded, native applications",OS process boundary,,,,,,,,,,,No comparable runtime-by-country global table populated,No robust per-runtime gender cross-tab populated,,https://en.wikipedia.org/wiki/Comparison_of_application_virtualization_software
563,W,WinPython CPython Runtime,Python,Language runtime / implementation,Python,Bytecode interpreter / JIT / AOT varies,Python bytecode / JVM / CLR / Wasm / native varies,Garbage collected / reference counting varies,"Server, desktop, browser, embedded",Host-dependent,,,,,,,,,,,No comparable runtime-by-country global table populated,No robust per-runtime gender cross-tab populated,,https://www.python.org/download/alternatives/
564,W,WinterJS,JavaScript / TypeScript,Application runtime,JavaScript / TypeScript,Interpreter / JIT / AOT varies,JavaScript source / engine-specific bytecode,Garbage collected,Server / embedded / edge / experimental,Host-dependent,,,,,,,,,,,No comparable runtime-by-country global table populated,No robust per-runtime gender cross-tab populated,,https://en.wikipedia.org/wiki/List_of_JavaScript_engines
565,W,Wizard Research Engine,WebAssembly / WASI,WebAssembly runtime / engine,"WebAssembly, WASI components",Interpreter / JIT / AOT varies,Wasm / Component Model,Sandboxed linear memory,"Server, edge, embedded, plugins, blockchain",Wasm sandbox + capability model when WASI is used,,,,,,,,,,,No comparable runtime-by-country global table populated,No robust per-runtime gender cross-tab populated,,https://github.com/appcypher/awesome-wasm-runtimes
566,W,Wolfram Language Kernel,Other language runtimes,Language runtime / VM / execution environment,"Prolog, Tcl, AWK, Forth, Haxe, Dart and others",Interpreter / JIT / AOT / native varies,Language-specific bytecode / native / JS / Wasm,Varies,"CLI, server, desktop, browser, embedded",Host-dependent,,,,,,,,,,,No comparable runtime-by-country global table populated,No robust per-runtime gender cross-tab populated,,https://en.wikipedia.org/wiki/Comparison_of_application_virtualization_software
567,W,Wonka VM,JVM,JVM implementation / managed runtime,Java bytecode / JVM languages,Interpreter + tiered JIT / AOT varies,JVM bytecode,Garbage collected,"Server, desktop, cloud, embedded",Managed runtime; process boundary,,,,,,,,,,,No comparable runtime-by-country global table populated,No robust per-runtime gender cross-tab populated,,https://en.wikipedia.org/wiki/List_of_Java_virtual_machines
568,W,workerd,Edge / serverless,Managed execution platform,Multi-language / JavaScript / WebAssembly varies,Managed process / isolate / Wasm execution,Provider-defined,Provider-managed,Cloud / edge,Provider sandbox / isolate / container boundary,,,,,,,,,,,No comparable runtime-by-country global table populated,No robust per-runtime gender cross-tab populated,Execution platform rather than a standalone language VM; overlaps cloud/serverless taxonomy.,https://2025.stateofjs.com/en-US/other-tools/
569,W,Worklet Runtime,Browser / Web,Browser execution environment,"JavaScript, WebAssembly",JIT + interpreter,ECMAScript / Wasm,Garbage collected,Web browser / embedded browser,Web sandbox + origin model,,V8 / SpiderMonkey / JavaScriptCore depending browser,,,,,,,,,No comparable runtime-by-country global table populated,No robust per-runtime gender cross-tab populated,,https://en.wikipedia.org/wiki/List_of_JavaScript_engines
570,X,Xamarin Mono Runtime,.NET / CLI,Managed runtime / AOT runtime,CLI languages / CIL,JIT / AOT / interpreter varies,CIL / native code / Wasm,Garbage collected,"Desktop, server, mobile, games, browser, embedded",Host-dependent,,,,,,,,,,,No comparable runtime-by-country global table populated,No robust per-runtime gender cross-tab populated,,https://learn.microsoft.com/en-us/dotnet/fundamentals/implementations
571,X,XS,JavaScript engines,Language engine / VM,JavaScript; some WebAssembly,Interpreter + JIT varies,Engine bytecode / machine code,Garbage collected,"Browsers, runtimes, embedded applications",Embedding host controls sandbox,,,,,,,,,,,No comparable runtime-by-country global table populated,No robust per-runtime gender cross-tab populated,,https://en.wikipedia.org/wiki/List_of_JavaScript_engines
572,Y,YAP Abstract Machine,Historical / portable VMs,Virtual machine / educational or legacy runtime,Various,Interpreter / JIT / AOT varies,Portable bytecode / IR,Varies,"Historical, research, legacy systems",Host-dependent,,,,,,,,,,,No comparable runtime-by-country global table populated,No robust per-runtime gender cross-tab populated,,https://en.wikipedia.org/wiki/Comparison_of_application_virtualization_software
573,Y,YAP Prolog Runtime,Other language runtimes,Language runtime / VM / execution environment,"Prolog, Tcl, AWK, Forth, Haxe, Dart and others",Interpreter / JIT / AOT / native varies,Language-specific bytecode / native / JS / Wasm,Varies,"CLI, server, desktop, browser, embedded",Host-dependent,,,,,,,,,,,No comparable runtime-by-country global table populated,No robust per-runtime gender cross-tab populated,,https://en.wikipedia.org/wiki/Comparison_of_application_virtualization_software
574,Y,Yarr,JavaScript engines,Language engine / VM,JavaScript; some WebAssembly,Interpreter + JIT varies,Engine bytecode / machine code,Garbage collected,"Browsers, runtimes, embedded applications",Embedding host controls sandbox,,,,,,,,,,,No comparable runtime-by-country global table populated,No robust per-runtime gender cross-tab populated,,https://en.wikipedia.org/wiki/List_of_JavaScript_engines
575,Y,YARV,Ruby,Language runtime / VM / JIT,Ruby,Interpreter / bytecode VM / JIT / AOT varies,YARV bytecode / JVM bytecode / native / JavaScript varies,Garbage collected,"Server, desktop, embedded, browser",Host-dependent,,,,,,,,,,,No comparable runtime-by-country global table populated,No robust per-runtime gender cross-tab populated,,https://en.wikipedia.org/wiki/Comparison_of_application_virtualization_software
576,Y,YJIT,Ruby,Language runtime / VM / JIT,Ruby,Interpreter / bytecode VM / JIT / AOT varies,YARV bytecode / JVM bytecode / native / JavaScript varies,Garbage collected,"Server, desktop, embedded, browser",Host-dependent,,,,,,,,,,,No comparable runtime-by-country global table populated,No robust per-runtime gender cross-tab populated,,https://en.wikipedia.org/wiki/Comparison_of_application_virtualization_software
577,Z,Z-machine,Historical / portable VMs,Virtual machine / educational or legacy runtime,Various,Interpreter / JIT / AOT varies,Portable bytecode / IR,Varies,"Historical, research, legacy systems",Host-dependent,,,,,,,,,,,No comparable runtime-by-country global table populated,No robust per-runtime gender cross-tab populated,,https://en.wikipedia.org/wiki/Comparison_of_application_virtualization_software
578,Z,Zend Engine,PHP / Hack,Language runtime / VM,"PHP, Hack",Opcode VM / JIT / AOT varies,Zend opcodes / HHBC / CIL / native,Garbage collected + ref counting varies,"Web server, CLI, application server",Process/host-dependent,,,,,,,,,,,No comparable runtime-by-country global table populated,No robust per-runtime gender cross-tab populated,,https://wiki.php.net/internals/engine
579,Z,Zero JVM,JVM,JVM implementation / managed runtime,Java bytecode / JVM languages,Interpreter + tiered JIT / AOT varies,JVM bytecode,Garbage collected,"Server, desktop, cloud, embedded",Managed runtime; process boundary,,,,,,,,,,,No comparable runtime-by-country global table populated,No robust per-runtime gender cross-tab populated,,https://en.wikipedia.org/wiki/List_of_Java_virtual_machines
580,Z,Zig Runtime Support,Native / compiled-language runtime systems,Runtime system / execution engine,"Go, Haskell, OCaml, Julia, R, Swift, Kotlin Native, Rust, Zig, Nim, D, Ada, Fortran and others",Native compiled / JIT / bytecode varies,Native code / LLVM IR / language-specific IR,Manual / GC / ARC / ownership varies,Native desktop/server/embedded,OS process boundary,,,,,,,,,,,No comparable runtime-by-country global table populated,No robust per-runtime gender cross-tab populated,,https://en.wikipedia.org/wiki/Comparison_of_application_virtualization_software
581,Z,Zig Stage Runtime Support,Other language runtimes,Language runtime / VM / execution environment,"Prolog, Tcl, AWK, Forth, Haxe, Dart and others",Interpreter / JIT / AOT / native varies,Language-specific bytecode / native / JS / Wasm,Varies,"CLI, server, desktop, browser, embedded",Host-dependent,,,,,,,,,,,No comparable runtime-by-country global table populated,No robust per-runtime gender cross-tab populated,,https://en.wikipedia.org/wiki/Comparison_of_application_virtualization_software
