catalog_id,initial,name,primary_model,secondary_models,product_type,deployment,provider_or_project,stackoverflow_rank_2025,stackoverflow_used_pct_2025,dbengines_rank_2026_09,dbengines_score_2026_09,dbengines_top20_model,country_breakdown_status,gender_breakdown_status,notes,source_url
1,#,389 Directory Server,Object / XML / multivalue / specialty,,Database engine / DBMS,Self-managed or varies,,,,,,,Not populated: no comparable global database-by-country usage table verified for the full catalogue,Not populated: no robust per-database gender cross-tab verified for the full catalogue,,https://en.wikipedia.org/wiki/Comparison_of_object_database_management_systems
2,#,4store,RDF / semantic graph,,Database engine / DBMS,Self-managed or varies,,,,,,,Not populated: no comparable global database-by-country usage table verified for the full catalogue,Not populated: no robust per-database gender cross-tab verified for the full catalogue,,https://db-engines.com/en/ranking/
3,#,4th Dimension,Relational / SQL,,Database engine / DBMS,Self-managed or varies,,,,,,,Not populated: no comparable global database-by-country usage table verified for the full catalogue,Not populated: no robust per-database gender cross-tab verified for the full catalogue,,https://en.wikipedia.org/wiki/List_of_relational_database_management_systems
4,A,Absurd-SQL,Embedded / local / edge,,Embedded / local database,Embedded / local / edge,,,,,,,Not populated: no comparable global database-by-country usage table verified for the full catalogue,Not populated: no robust per-database gender cross-tab verified for the full catalogue,,https://db-engines.com/en/ranking/
5,A,Access Database Engine,Relational / SQL,,Database engine / DBMS,Self-managed or varies,,,,,,,Not populated: no comparable global database-by-country usage table verified for the full catalogue,Not populated: no robust per-database gender cross-tab verified for the full catalogue,,https://en.wikipedia.org/wiki/List_of_relational_database_management_systems
6,A,Accumulo,Wide-column / columnar,,Database engine / DBMS,Self-managed or varies,,,,,,,Not populated: no comparable global database-by-country usage table verified for the full catalogue,Not populated: no robust per-database gender cross-tab verified for the full catalogue,,https://en.wikipedia.org/wiki/List_of_column-oriented_DBMSes
7,A,AceBase,Document,,Database engine / DBMS,Self-managed or varies,,,,,,,Not populated: no comparable global database-by-country usage table verified for the full catalogue,Not populated: no robust per-database gender cross-tab verified for the full catalogue,,https://en.wikipedia.org/wiki/Document-oriented_database
8,A,Actian Vector,Relational / SQL,,Database engine / DBMS,Self-managed or varies,,,,,,,Not populated: no comparable global database-by-country usage table verified for the full catalogue,Not populated: no robust per-database gender cross-tab verified for the full catalogue,,https://en.wikipedia.org/wiki/List_of_relational_database_management_systems
9,A,Actian Zen,Relational / SQL,,Database engine / DBMS,Self-managed or varies,,,,,,,Not populated: no comparable global database-by-country usage table verified for the full catalogue,Not populated: no robust per-database gender cross-tab verified for the full catalogue,,https://en.wikipedia.org/wiki/List_of_relational_database_management_systems
10,A,Adabas D,Relational / SQL,,Database engine / DBMS,Self-managed or varies,,,,,,,Not populated: no comparable global database-by-country usage table verified for the full catalogue,Not populated: no robust per-database gender cross-tab verified for the full catalogue,,https://en.wikipedia.org/wiki/List_of_relational_database_management_systems
11,A,Aerospike,Key-value / in-memory,,Database engine / DBMS,Self-managed or varies,,,,,,,Not populated: no comparable global database-by-country usage table verified for the full catalogue,Not populated: no robust per-database gender cross-tab verified for the full catalogue,,https://en.wikipedia.org/wiki/List_of_in-memory_databases
12,A,AgensGraph,Graph,,Database engine / DBMS,Self-managed or varies,,,,,,,Not populated: no comparable global database-by-country usage table verified for the full catalogue,Not populated: no robust per-database gender cross-tab verified for the full catalogue,,https://db-engines.com/en/ranking/
13,A,Aiven,Developer data platform / BaaS,,Managed developer data platform,Managed cloud / developer platform,,,,,,,Not populated: no comparable global database-by-country usage table verified for the full catalogue,Not populated: no robust per-database gender cross-tab verified for the full catalogue,Platform or managed service rather than a standalone database engine.,https://db-engines.com/en/ranking/
14,A,Aiven for ClickHouse,Relational / SQL,,Managed database service,Managed cloud,,,,,,,Not populated: no comparable global database-by-country usage table verified for the full catalogue,Not populated: no robust per-database gender cross-tab verified for the full catalogue,Managed service; underlying engine may be separately listed.,https://db-engines.com/en/ranking/
15,A,Aiven for MySQL,Relational / SQL,,Managed database service,Managed cloud,,,,,,,Not populated: no comparable global database-by-country usage table verified for the full catalogue,Not populated: no robust per-database gender cross-tab verified for the full catalogue,Managed service; underlying engine may be separately listed.,https://db-engines.com/en/ranking/
16,A,Aiven for PostgreSQL,Relational / SQL,,Managed database service,Managed cloud,,,,,,,Not populated: no comparable global database-by-country usage table verified for the full catalogue,Not populated: no robust per-database gender cross-tab verified for the full catalogue,Managed service; underlying engine may be separately listed.,https://db-engines.com/en/ranking/
17,A,Akumuli,Time series,,Database engine / DBMS,Self-managed or varies,,,,,,,Not populated: no comparable global database-by-country usage table verified for the full catalogue,Not populated: no robust per-database gender cross-tab verified for the full catalogue,,https://db-engines.com/en/ranking/
18,A,Algolia,Search / indexing,,Search engine / search database,Self-managed or varies,,,,,,,Not populated: no comparable global database-by-country usage table verified for the full catalogue,Not populated: no robust per-database gender cross-tab verified for the full catalogue,,https://db-engines.com/en/ranking/
19,A,AllegroGraph,Graph,,Database engine / DBMS,Self-managed or varies,,,,,,,Not populated: no comparable global database-by-country usage table verified for the full catalogue,Not populated: no robust per-database gender cross-tab verified for the full catalogue,,https://db-engines.com/en/ranking/
20,A,AllegroGraph RDFStore,RDF / semantic graph,,Database engine / DBMS,Self-managed or varies,,,,,,,Not populated: no comparable global database-by-country usage table verified for the full catalogue,Not populated: no robust per-database gender cross-tab verified for the full catalogue,,https://db-engines.com/en/ranking/
21,A,AlloyDB Omni,Analytical / warehouse / lakehouse,,Analytical data platform / warehouse,Self-managed or varies,,,,,,,Not populated: no comparable global database-by-country usage table verified for the full catalogue,Not populated: no robust per-database gender cross-tab verified for the full catalogue,,https://db-engines.com/en/ranking/
22,A,Altibase,Relational / SQL,,Database engine / DBMS,Self-managed or varies,,,,,,,Not populated: no comparable global database-by-country usage table verified for the full catalogue,Not populated: no robust per-database gender cross-tab verified for the full catalogue,,https://en.wikipedia.org/wiki/List_of_relational_database_management_systems
23,A,Amazon Aurora,Relational / SQL,,Managed database service,Managed cloud,Amazon Web Services,,,,,,Not populated: no comparable global database-by-country usage table verified for the full catalogue,Not populated: no robust per-database gender cross-tab verified for the full catalogue,AWS managed relational database service.,https://docs.aws.amazon.com/decision-guides/latest/decision-guides/databases-on-aws-how-to-choose.html
24,A,Amazon Aurora DSQL,Relational / SQL,,Managed database service,Managed cloud,,,,,,,Not populated: no comparable global database-by-country usage table verified for the full catalogue,Not populated: no robust per-database gender cross-tab verified for the full catalogue,Managed service; underlying engine may be separately listed.,https://db-engines.com/en/ranking/
25,A,Amazon Aurora MySQL,Relational / SQL,,Managed database service,Managed cloud,,,,,,,Not populated: no comparable global database-by-country usage table verified for the full catalogue,Not populated: no robust per-database gender cross-tab verified for the full catalogue,Managed service; underlying engine may be separately listed.,https://db-engines.com/en/ranking/
26,A,Amazon Aurora PostgreSQL,Relational / SQL,,Managed database service,Managed cloud,,,,,,,Not populated: no comparable global database-by-country usage table verified for the full catalogue,Not populated: no robust per-database gender cross-tab verified for the full catalogue,Managed service; underlying engine may be separately listed.,https://db-engines.com/en/ranking/
27,A,Amazon Aurora PostgreSQL pgvector,Vector / similarity,,Vector database / vector-capable data system,Self-managed or varies,,,,,,,Not populated: no comparable global database-by-country usage table verified for the full catalogue,Not populated: no robust per-database gender cross-tab verified for the full catalogue,,https://db-engines.com/en/ranking/
28,A,Amazon DocumentDB,Document,,Database engine / DBMS,Self-managed or varies,,,,,,,Not populated: no comparable global database-by-country usage table verified for the full catalogue,Not populated: no robust per-database gender cross-tab verified for the full catalogue,,https://en.wikipedia.org/wiki/Document-oriented_database
29,A,Amazon DynamoDB,Key-value / document,,Database engine / DBMS,Managed cloud,Amazon Web Services,10,9.8,18,56.36,Key-value / document,Not populated: no comparable global database-by-country usage table verified for the full catalogue,Not populated: no robust per-database gender cross-tab verified for the full catalogue,AWS managed NoSQL key-value/document database.,https://docs.aws.amazon.com/decision-guides/latest/decision-guides/databases-on-aws-how-to-choose.html
30,A,Amazon ElastiCache,Cloud managed database,,Managed cloud database service,Managed cloud,,,,,,,Not populated: no comparable global database-by-country usage table verified for the full catalogue,Not populated: no robust per-database gender cross-tab verified for the full catalogue,,https://db-engines.com/en/ranking/
31,A,Amazon ElastiCache for Memcached,Key-value / in-memory,,Database engine / DBMS,Self-managed or varies,,,,,,,Not populated: no comparable global database-by-country usage table verified for the full catalogue,Not populated: no robust per-database gender cross-tab verified for the full catalogue,,https://en.wikipedia.org/wiki/List_of_in-memory_databases
32,A,Amazon ElastiCache for Redis,Key-value / in-memory,,Database engine / DBMS,Self-managed or varies,,,,,,,Not populated: no comparable global database-by-country usage table verified for the full catalogue,Not populated: no robust per-database gender cross-tab verified for the full catalogue,,https://en.wikipedia.org/wiki/List_of_in-memory_databases
33,A,Amazon ElastiCache for Valkey,Key-value / in-memory,,Database engine / DBMS,Self-managed or varies,,,,,,,Not populated: no comparable global database-by-country usage table verified for the full catalogue,Not populated: no robust per-database gender cross-tab verified for the full catalogue,,https://en.wikipedia.org/wiki/List_of_in-memory_databases
34,A,Amazon Keyspaces,Wide-column / Cassandra-compatible,,Database engine / DBMS,Managed cloud,Amazon Web Services,,,,,,Not populated: no comparable global database-by-country usage table verified for the full catalogue,Not populated: no robust per-database gender cross-tab verified for the full catalogue,AWS managed Apache Cassandra-compatible database.,https://docs.aws.amazon.com/decision-guides/latest/decision-guides/databases-on-aws-how-to-choose.html
35,A,Amazon MemoryDB,In-memory / Redis-compatible,,Database engine / DBMS,Managed cloud,Amazon Web Services,,,,,,Not populated: no comparable global database-by-country usage table verified for the full catalogue,Not populated: no robust per-database gender cross-tab verified for the full catalogue,AWS durable in-memory database service.,https://docs.aws.amazon.com/decision-guides/latest/decision-guides/databases-on-aws-how-to-choose.html
36,A,Amazon Neptune,Graph / RDF,,Database engine / DBMS,Managed cloud,Amazon Web Services,,,,,,Not populated: no comparable global database-by-country usage table verified for the full catalogue,Not populated: no robust per-database gender cross-tab verified for the full catalogue,AWS managed graph database.,https://docs.aws.amazon.com/decision-guides/latest/decision-guides/databases-on-aws-how-to-choose.html
37,A,Amazon Neptune RDF,RDF / semantic graph,,Database engine / DBMS,Self-managed or varies,,,,,,,Not populated: no comparable global database-by-country usage table verified for the full catalogue,Not populated: no robust per-database gender cross-tab verified for the full catalogue,,https://db-engines.com/en/ranking/
38,A,Amazon OpenSearch Service,Search / indexing,,Search engine / search database,Self-managed or varies,,,,,,,Not populated: no comparable global database-by-country usage table verified for the full catalogue,Not populated: no robust per-database gender cross-tab verified for the full catalogue,,https://db-engines.com/en/ranking/
39,A,Amazon OpenSearch Vector Engine,Vector / similarity,,Vector database / vector-capable data system,Self-managed or varies,,,,,,,Not populated: no comparable global database-by-country usage table verified for the full catalogue,Not populated: no robust per-database gender cross-tab verified for the full catalogue,,https://db-engines.com/en/ranking/
40,A,Amazon RDS,Cloud managed database,,Managed cloud database service,Managed cloud,,,,,,,Not populated: no comparable global database-by-country usage table verified for the full catalogue,Not populated: no robust per-database gender cross-tab verified for the full catalogue,,https://db-engines.com/en/ranking/
41,A,Amazon RDS for Db2,Relational / SQL,,Managed database service,Managed cloud,,,,,,,Not populated: no comparable global database-by-country usage table verified for the full catalogue,Not populated: no robust per-database gender cross-tab verified for the full catalogue,Managed service; underlying engine may be separately listed.,https://db-engines.com/en/ranking/
42,A,Amazon RDS for MariaDB,Relational / SQL,,Managed database service,Managed cloud,,,,,,,Not populated: no comparable global database-by-country usage table verified for the full catalogue,Not populated: no robust per-database gender cross-tab verified for the full catalogue,Managed service; underlying engine may be separately listed.,https://db-engines.com/en/ranking/
43,A,Amazon RDS for MySQL,Relational / SQL,,Managed database service,Managed cloud,,,,,,,Not populated: no comparable global database-by-country usage table verified for the full catalogue,Not populated: no robust per-database gender cross-tab verified for the full catalogue,Managed service; underlying engine may be separately listed.,https://db-engines.com/en/ranking/
44,A,Amazon RDS for Oracle,Relational / SQL,,Managed database service,Managed cloud,,,,,,,Not populated: no comparable global database-by-country usage table verified for the full catalogue,Not populated: no robust per-database gender cross-tab verified for the full catalogue,Managed service; underlying engine may be separately listed.,https://db-engines.com/en/ranking/
45,A,Amazon RDS for PostgreSQL,Relational / SQL,,Managed database service,Managed cloud,,,,,,,Not populated: no comparable global database-by-country usage table verified for the full catalogue,Not populated: no robust per-database gender cross-tab verified for the full catalogue,Managed service; underlying engine may be separately listed.,https://db-engines.com/en/ranking/
46,A,Amazon RDS for SQL Server,Relational / SQL,,Managed database service,Managed cloud,,,,,,,Not populated: no comparable global database-by-country usage table verified for the full catalogue,Not populated: no robust per-database gender cross-tab verified for the full catalogue,Managed service; underlying engine may be separately listed.,https://db-engines.com/en/ranking/
47,A,Amazon RDS PostgreSQL pgvector,Vector / similarity,,Vector database / vector-capable data system,Self-managed or varies,,,,,,,Not populated: no comparable global database-by-country usage table verified for the full catalogue,Not populated: no robust per-database gender cross-tab verified for the full catalogue,,https://db-engines.com/en/ranking/
48,A,Amazon Redshift,Analytical / warehouse / lakehouse,,Analytical data platform / warehouse,Self-managed or varies,,,,,,,Not populated: no comparable global database-by-country usage table verified for the full catalogue,Not populated: no robust per-database gender cross-tab verified for the full catalogue,,https://db-engines.com/en/ranking/
49,A,Amazon Timestream,Time series,,Managed cloud database service,Managed cloud,Amazon Web Services,,,,,,Not populated: no comparable global database-by-country usage table verified for the full catalogue,Not populated: no robust per-database gender cross-tab verified for the full catalogue,AWS managed time-series database family.,https://docs.aws.amazon.com/decision-guides/latest/decision-guides/databases-on-aws-how-to-choose.html
50,A,Amazon Timestream for InfluxDB,Time series,,Database engine / DBMS,Self-managed or varies,,,,,,,Not populated: no comparable global database-by-country usage table verified for the full catalogue,Not populated: no robust per-database gender cross-tab verified for the full catalogue,,https://db-engines.com/en/ranking/
51,A,Amazon Timestream for LiveAnalytics,Time series,,Database engine / DBMS,Self-managed or varies,,,,,,,Not populated: no comparable global database-by-country usage table verified for the full catalogue,Not populated: no robust per-database gender cross-tab verified for the full catalogue,,https://db-engines.com/en/ranking/
52,A,Anzo,RDF / semantic graph,,Database engine / DBMS,Self-managed or varies,,,,,,,Not populated: no comparable global database-by-country usage table verified for the full catalogue,Not populated: no robust per-database gender cross-tab verified for the full catalogue,,https://db-engines.com/en/ranking/
53,A,AnzoGraph DB,Graph,,Database engine / DBMS,Self-managed or varies,,,,,,,Not populated: no comparable global database-by-country usage table verified for the full catalogue,Not populated: no robust per-database gender cross-tab verified for the full catalogue,,https://db-engines.com/en/ranking/
54,A,Apache AGE,Graph,,Database engine / DBMS,Self-managed or varies,,,,,,,Not populated: no comparable global database-by-country usage table verified for the full catalogue,Not populated: no robust per-database gender cross-tab verified for the full catalogue,,https://db-engines.com/en/ranking/
55,A,Apache Calcite,Relational / SQL,,Database engine / DBMS,Self-managed or varies,,,,,,,Not populated: no comparable global database-by-country usage table verified for the full catalogue,Not populated: no robust per-database gender cross-tab verified for the full catalogue,,https://en.wikipedia.org/wiki/List_of_relational_database_management_systems
56,A,Apache Cassandra,Wide-column / columnar,,Database engine / DBMS,Self-managed or varies,,,,12,93.96,Wide-column / vector-capable,Not populated: no comparable global database-by-country usage table verified for the full catalogue,Not populated: no robust per-database gender cross-tab verified for the full catalogue,,https://en.wikipedia.org/wiki/List_of_column-oriented_DBMSes
57,A,Apache Cassandra Vector Search,Vector / similarity,,Vector database / vector-capable data system,Self-managed or varies,,,,,,,Not populated: no comparable global database-by-country usage table verified for the full catalogue,Not populated: no robust per-database gender cross-tab verified for the full catalogue,,https://db-engines.com/en/ranking/
58,A,Apache CouchDB,Document,,Database engine / DBMS,Self-managed or varies,,,,,,,Not populated: no comparable global database-by-country usage table verified for the full catalogue,Not populated: no robust per-database gender cross-tab verified for the full catalogue,,https://en.wikipedia.org/wiki/Document-oriented_database
59,A,Apache Derby,Relational / SQL,,Database engine / DBMS,Self-managed or varies,,,,,,,Not populated: no comparable global database-by-country usage table verified for the full catalogue,Not populated: no robust per-database gender cross-tab verified for the full catalogue,,https://en.wikipedia.org/wiki/List_of_relational_database_management_systems
60,A,Apache Derby Java DB,Relational / SQL,,Database engine / DBMS,Self-managed or varies,,,,,,,Not populated: no comparable global database-by-country usage table verified for the full catalogue,Not populated: no robust per-database gender cross-tab verified for the full catalogue,,https://en.wikipedia.org/wiki/List_of_relational_database_management_systems
61,A,Apache Directory Server,Object / XML / multivalue / specialty,,Database engine / DBMS,Self-managed or varies,,,,,,,Not populated: no comparable global database-by-country usage table verified for the full catalogue,Not populated: no robust per-database gender cross-tab verified for the full catalogue,,https://en.wikipedia.org/wiki/Comparison_of_object_database_management_systems
62,A,Apache Doris,Relational / SQL,,Database engine / DBMS,Self-managed or varies,,,,,,,Not populated: no comparable global database-by-country usage table verified for the full catalogue,Not populated: no robust per-database gender cross-tab verified for the full catalogue,,https://en.wikipedia.org/wiki/List_of_relational_database_management_systems
63,A,Apache Drill,Relational / SQL,,Database engine / DBMS,Self-managed or varies,,,,,,,Not populated: no comparable global database-by-country usage table verified for the full catalogue,Not populated: no robust per-database gender cross-tab verified for the full catalogue,,https://en.wikipedia.org/wiki/List_of_relational_database_management_systems
64,A,Apache Druid,Wide-column / columnar,,Database engine / DBMS,Self-managed or varies,,,,,,,Not populated: no comparable global database-by-country usage table verified for the full catalogue,Not populated: no robust per-database gender cross-tab verified for the full catalogue,,https://en.wikipedia.org/wiki/List_of_column-oriented_DBMSes
65,A,Apache Geode,Key-value / in-memory,,Database engine / DBMS,Self-managed or varies,,,,,,,Not populated: no comparable global database-by-country usage table verified for the full catalogue,Not populated: no robust per-database gender cross-tab verified for the full catalogue,,https://en.wikipedia.org/wiki/List_of_in-memory_databases
66,A,Apache HBase,Wide-column / columnar,,Database engine / DBMS,Self-managed or varies,,,,,,,Not populated: no comparable global database-by-country usage table verified for the full catalogue,Not populated: no robust per-database gender cross-tab verified for the full catalogue,,https://en.wikipedia.org/wiki/List_of_column-oriented_DBMSes
67,A,Apache Hive,Analytical / warehouse / lakehouse,,Analytical data platform / warehouse,Self-managed or varies,,,,16,70.11,Relational / analytical,Not populated: no comparable global database-by-country usage table verified for the full catalogue,Not populated: no robust per-database gender cross-tab verified for the full catalogue,,https://db-engines.com/en/ranking/
68,A,Apache Hudi,Analytical / warehouse / lakehouse,,Analytical data platform / warehouse,Self-managed or varies,,,,,,,Not populated: no comparable global database-by-country usage table verified for the full catalogue,Not populated: no robust per-database gender cross-tab verified for the full catalogue,,https://db-engines.com/en/ranking/
69,A,Apache Iceberg,Analytical / warehouse / lakehouse,,Analytical data platform / warehouse,Self-managed or varies,,,,,,,Not populated: no comparable global database-by-country usage table verified for the full catalogue,Not populated: no robust per-database gender cross-tab verified for the full catalogue,,https://db-engines.com/en/ranking/
70,A,Apache Ignite,Relational / SQL,,Database engine / DBMS,Self-managed or varies,,,,,,,Not populated: no comparable global database-by-country usage table verified for the full catalogue,Not populated: no robust per-database gender cross-tab verified for the full catalogue,,https://en.wikipedia.org/wiki/List_of_relational_database_management_systems
71,A,Apache Ignite Cache,Key-value / in-memory,,Database engine / DBMS,Self-managed or varies,,,,,,,Not populated: no comparable global database-by-country usage table verified for the full catalogue,Not populated: no robust per-database gender cross-tab verified for the full catalogue,,https://en.wikipedia.org/wiki/List_of_in-memory_databases
72,A,Apache Impala,Analytical / warehouse / lakehouse,,Analytical data platform / warehouse,Self-managed or varies,,,,,,,Not populated: no comparable global database-by-country usage table verified for the full catalogue,Not populated: no robust per-database gender cross-tab verified for the full catalogue,,https://db-engines.com/en/ranking/
73,A,Apache IoTDB,Time series,,Database engine / DBMS,Self-managed or varies,,,,,,,Not populated: no comparable global database-by-country usage table verified for the full catalogue,Not populated: no robust per-database gender cross-tab verified for the full catalogue,,https://db-engines.com/en/ranking/
74,A,Apache Jackrabbit,Document,,Database engine / DBMS,Self-managed or varies,,,,,,,Not populated: no comparable global database-by-country usage table verified for the full catalogue,Not populated: no robust per-database gender cross-tab verified for the full catalogue,,https://en.wikipedia.org/wiki/Document-oriented_database
75,A,Apache Jena TDB,RDF / semantic graph,,Database engine / DBMS,Self-managed or varies,,,,,,,Not populated: no comparable global database-by-country usage table verified for the full catalogue,Not populated: no robust per-database gender cross-tab verified for the full catalogue,,https://db-engines.com/en/ranking/
76,A,Apache Kafka,Object / XML / multivalue / specialty,,Database engine / DBMS,Self-managed or varies,,,,,,,Not populated: no comparable global database-by-country usage table verified for the full catalogue,Not populated: no robust per-database gender cross-tab verified for the full catalogue,,https://en.wikipedia.org/wiki/Comparison_of_object_database_management_systems
77,A,Apache Kudu,Wide-column / columnar,,Database engine / DBMS,Self-managed or varies,,,,,,,Not populated: no comparable global database-by-country usage table verified for the full catalogue,Not populated: no robust per-database gender cross-tab verified for the full catalogue,,https://en.wikipedia.org/wiki/List_of_column-oriented_DBMSes
78,A,Apache Kylin,Analytical / warehouse / lakehouse,,Analytical data platform / warehouse,Self-managed or varies,,,,,,,Not populated: no comparable global database-by-country usage table verified for the full catalogue,Not populated: no robust per-database gender cross-tab verified for the full catalogue,,https://db-engines.com/en/ranking/
79,A,Apache Marmotta,RDF / semantic graph,,Database engine / DBMS,Self-managed or varies,,,,,,,Not populated: no comparable global database-by-country usage table verified for the full catalogue,Not populated: no robust per-database gender cross-tab verified for the full catalogue,,https://db-engines.com/en/ranking/
80,A,Apache Phoenix,Relational / SQL,,Database engine / DBMS,Self-managed or varies,,,,,,,Not populated: no comparable global database-by-country usage table verified for the full catalogue,Not populated: no robust per-database gender cross-tab verified for the full catalogue,,https://en.wikipedia.org/wiki/List_of_relational_database_management_systems
81,A,Apache Pinot,Time series,,Database engine / DBMS,Self-managed or varies,,,,,,,Not populated: no comparable global database-by-country usage table verified for the full catalogue,Not populated: no robust per-database gender cross-tab verified for the full catalogue,,https://db-engines.com/en/ranking/
82,A,Apache Pulsar,Object / XML / multivalue / specialty,,Database engine / DBMS,Self-managed or varies,,,,,,,Not populated: no comparable global database-by-country usage table verified for the full catalogue,Not populated: no robust per-database gender cross-tab verified for the full catalogue,,https://en.wikipedia.org/wiki/Comparison_of_object_database_management_systems
83,A,Apache Solr,Search / indexing,,Search engine / search database,Self-managed or varies,,,,,,,Not populated: no comparable global database-by-country usage table verified for the full catalogue,Not populated: no robust per-database gender cross-tab verified for the full catalogue,,https://db-engines.com/en/ranking/
84,A,Apache Spark SQL,Analytical / warehouse / lakehouse,,Analytical data platform / warehouse,Self-managed or varies,,,,,,,Not populated: no comparable global database-by-country usage table verified for the full catalogue,Not populated: no robust per-database gender cross-tab verified for the full catalogue,,https://db-engines.com/en/ranking/
85,A,Apache Trafodion,Relational / SQL,,Database engine / DBMS,Self-managed or varies,,,,,,,Not populated: no comparable global database-by-country usage table verified for the full catalogue,Not populated: no robust per-database gender cross-tab verified for the full catalogue,,https://en.wikipedia.org/wiki/List_of_relational_database_management_systems
86,A,Appwrite,Developer data platform,,Managed developer data platform,Managed cloud / self-host,Appwrite,,,,,,Not populated: no comparable global database-by-country usage table verified for the full catalogue,Not populated: no robust per-database gender cross-tab verified for the full catalogue,"Backend platform offering TablesDB, DocumentsDB, VectorsDB plus managed PostgreSQL/MySQL.",https://appwrite.io/docs/products/databases
87,A,ArangoDB,Document,,Database engine / DBMS,Self-managed or varies,,,,,,,Not populated: no comparable global database-by-country usage table verified for the full catalogue,Not populated: no robust per-database gender cross-tab verified for the full catalogue,,https://en.wikipedia.org/wiki/Document-oriented_database
88,A,ArangoGraph Insights Platform,Graph,,Database engine / DBMS,Self-managed or varies,,,,,,,Not populated: no comparable global database-by-country usage table verified for the full catalogue,Not populated: no robust per-database gender cross-tab verified for the full catalogue,,https://db-engines.com/en/ranking/
89,A,ArcadeDB,Graph,,Database engine / DBMS,Self-managed or varies,,,,,,,Not populated: no comparable global database-by-country usage table verified for the full catalogue,Not populated: no robust per-database gender cross-tab verified for the full catalogue,,https://db-engines.com/en/ranking/
90,A,ArcticDB,Key-value / in-memory,,Database engine / DBMS,Self-managed or varies,,,,,,,Not populated: no comparable global database-by-country usage table verified for the full catalogue,Not populated: no robust per-database gender cross-tab verified for the full catalogue,,https://en.wikipedia.org/wiki/List_of_in-memory_databases
91,A,Aster Data,Relational / SQL,,Database engine / DBMS,Self-managed or varies,,,,,,,Not populated: no comparable global database-by-country usage table verified for the full catalogue,Not populated: no robust per-database gender cross-tab verified for the full catalogue,,https://en.wikipedia.org/wiki/List_of_relational_database_management_systems
92,A,AWS Amplify Data,Developer data platform / BaaS,,Managed developer data platform,Managed cloud / developer platform,,,,,,,Not populated: no comparable global database-by-country usage table verified for the full catalogue,Not populated: no robust per-database gender cross-tab verified for the full catalogue,Platform or managed service rather than a standalone database engine.,https://db-engines.com/en/ranking/
93,A,Azure AI Search,Search / indexing,,Search engine / search database,Self-managed or varies,,,,,,,Not populated: no comparable global database-by-country usage table verified for the full catalogue,Not populated: no robust per-database gender cross-tab verified for the full catalogue,,https://db-engines.com/en/ranking/
94,A,Azure AI Search Vector,Vector / similarity,,Vector database / vector-capable data system,Self-managed or varies,,,,,,,Not populated: no comparable global database-by-country usage table verified for the full catalogue,Not populated: no robust per-database gender cross-tab verified for the full catalogue,,https://db-engines.com/en/ranking/
95,A,Azure Cosmos DB,Multi-model NoSQL,,Database engine / DBMS,Managed cloud,Microsoft Azure,,,,,,Not populated: no comparable global database-by-country usage table verified for the full catalogue,Not populated: no robust per-database gender cross-tab verified for the full catalogue,Managed distributed NoSQL database service.,https://azure.microsoft.com/en-us/products
96,A,Azure Cosmos DB Cassandra API,Wide-column / columnar,,Database engine / DBMS,Self-managed or varies,,,,,,,Not populated: no comparable global database-by-country usage table verified for the full catalogue,Not populated: no robust per-database gender cross-tab verified for the full catalogue,,https://en.wikipedia.org/wiki/List_of_column-oriented_DBMSes
97,A,Azure Cosmos DB Table API,Key-value / in-memory,,Database engine / DBMS,Self-managed or varies,,,,,,,Not populated: no comparable global database-by-country usage table verified for the full catalogue,Not populated: no robust per-database gender cross-tab verified for the full catalogue,,https://en.wikipedia.org/wiki/List_of_in-memory_databases
98,A,Azure Cosmos DB Vector Search,Vector / similarity,,Vector database / vector-capable data system,Self-managed or varies,,,,,,,Not populated: no comparable global database-by-country usage table verified for the full catalogue,Not populated: no robust per-database gender cross-tab verified for the full catalogue,,https://db-engines.com/en/ranking/
99,A,Azure Data Explorer,Time series,,Database engine / DBMS,Self-managed or varies,,,,,,,Not populated: no comparable global database-by-country usage table verified for the full catalogue,Not populated: no robust per-database gender cross-tab verified for the full catalogue,,https://db-engines.com/en/ranking/
100,A,Azure Database for MySQL,Relational / SQL,,Managed database service,Managed cloud,,,,,,,Not populated: no comparable global database-by-country usage table verified for the full catalogue,Not populated: no robust per-database gender cross-tab verified for the full catalogue,Managed service; underlying engine may be separately listed.,https://db-engines.com/en/ranking/
101,A,Azure Database for PostgreSQL,Relational / SQL,,Managed database service,Managed cloud,,,,,,,Not populated: no comparable global database-by-country usage table verified for the full catalogue,Not populated: no robust per-database gender cross-tab verified for the full catalogue,Managed service; underlying engine may be separately listed.,https://db-engines.com/en/ranking/
102,A,Azure DocumentDB,Document,,Database engine / DBMS,Self-managed or varies,,,,,,,Not populated: no comparable global database-by-country usage table verified for the full catalogue,Not populated: no robust per-database gender cross-tab verified for the full catalogue,,https://en.wikipedia.org/wiki/Document-oriented_database
103,A,Azure Managed Redis,Cloud managed database,,Managed cloud database service,Managed cloud,,,,,,,Not populated: no comparable global database-by-country usage table verified for the full catalogue,Not populated: no robust per-database gender cross-tab verified for the full catalogue,,https://db-engines.com/en/ranking/
104,A,Azure SQL Database,Relational / SQL,,Managed database service,Managed cloud,Microsoft Azure,,,15,70.84,Relational / multi-model,Not populated: no comparable global database-by-country usage table verified for the full catalogue,Not populated: no robust per-database gender cross-tab verified for the full catalogue,Managed SQL database service.,https://azure.microsoft.com/en-us/products
105,A,Azure SQL Managed Instance,Relational / SQL,,Managed database service,Managed cloud,Microsoft Azure,,,,,,Not populated: no comparable global database-by-country usage table verified for the full catalogue,Not populated: no robust per-database gender cross-tab verified for the full catalogue,Managed SQL Server-compatible instance service.,https://azure.microsoft.com/en-us/products
106,A,Azure Synapse Analytics,Analytical / warehouse / lakehouse,,Analytical data platform / warehouse,Self-managed or varies,,,,,,,Not populated: no comparable global database-by-country usage table verified for the full catalogue,Not populated: no robust per-database gender cross-tab verified for the full catalogue,,https://db-engines.com/en/ranking/
107,B,BadgerDB,Key-value / in-memory,,Database engine / DBMS,Self-managed or varies,,,,,,,Not populated: no comparable global database-by-country usage table verified for the full catalogue,Not populated: no robust per-database gender cross-tab verified for the full catalogue,,https://en.wikipedia.org/wiki/List_of_in-memory_databases
108,B,BaseX,Object / XML / multivalue / specialty,,Database engine / DBMS,Self-managed or varies,,,,,,,Not populated: no comparable global database-by-country usage table verified for the full catalogue,Not populated: no robust per-database gender cross-tab verified for the full catalogue,,https://en.wikipedia.org/wiki/Comparison_of_object_database_management_systems
109,B,bbolt,Key-value / in-memory,,Database engine / DBMS,Self-managed or varies,,,,,,,Not populated: no comparable global database-by-country usage table verified for the full catalogue,Not populated: no robust per-database gender cross-tab verified for the full catalogue,,https://en.wikipedia.org/wiki/List_of_in-memory_databases
110,B,Beringei,Time series,,Database engine / DBMS,Self-managed or varies,,,,,,,Not populated: no comparable global database-by-country usage table verified for the full catalogue,Not populated: no robust per-database gender cross-tab verified for the full catalogue,,https://db-engines.com/en/ranking/
111,B,Berkeley DB,Key-value / in-memory,,Database engine / DBMS,Self-managed or varies,,,,,,,Not populated: no comparable global database-by-country usage table verified for the full catalogue,Not populated: no robust per-database gender cross-tab verified for the full catalogue,,https://en.wikipedia.org/wiki/List_of_in-memory_databases
112,B,Berkeley DB XML,Object / XML / multivalue / specialty,,Database engine / DBMS,Self-managed or varies,,,,,,,Not populated: no comparable global database-by-country usage table verified for the full catalogue,Not populated: no robust per-database gender cross-tab verified for the full catalogue,,https://en.wikipedia.org/wiki/Comparison_of_object_database_management_systems
113,B,Bigtable,Wide-column / columnar,,Database engine / DBMS,Self-managed or varies,,,,,,,Not populated: no comparable global database-by-country usage table verified for the full catalogue,Not populated: no robust per-database gender cross-tab verified for the full catalogue,,https://en.wikipedia.org/wiki/List_of_column-oriented_DBMSes
114,B,Bitnine AgensGraph,Graph,,Database engine / DBMS,Self-managed or varies,,,,,,,Not populated: no comparable global database-by-country usage table verified for the full catalogue,Not populated: no robust per-database gender cross-tab verified for the full catalogue,,https://db-engines.com/en/ranking/
115,B,Bitsy,Graph,,Database engine / DBMS,Self-managed or varies,,,,,,,Not populated: no comparable global database-by-country usage table verified for the full catalogue,Not populated: no robust per-database gender cross-tab verified for the full catalogue,,https://db-engines.com/en/ranking/
116,B,Blazegraph,Graph,,Database engine / DBMS,Self-managed or varies,,,,,,,Not populated: no comparable global database-by-country usage table verified for the full catalogue,Not populated: no robust per-database gender cross-tab verified for the full catalogue,,https://db-engines.com/en/ranking/
117,B,Blazegraph RDF,RDF / semantic graph,,Database engine / DBMS,Self-managed or varies,,,,,,,Not populated: no comparable global database-by-country usage table verified for the full catalogue,Not populated: no robust per-database gender cross-tab verified for the full catalogue,,https://db-engines.com/en/ranking/
118,B,Blueflood,Time series,,Database engine / DBMS,Self-managed or varies,,,,,,,Not populated: no comparable global database-by-country usage table verified for the full catalogue,Not populated: no robust per-database gender cross-tab verified for the full catalogue,,https://db-engines.com/en/ranking/
119,B,BoltDB,Key-value / in-memory,,Database engine / DBMS,Self-managed or varies,,,,,,,Not populated: no comparable global database-by-country usage table verified for the full catalogue,Not populated: no robust per-database gender cross-tab verified for the full catalogue,,https://en.wikipedia.org/wiki/List_of_in-memory_databases
120,B,BrightstarDB,RDF / semantic graph,,Database engine / DBMS,Self-managed or varies,,,,,,,Not populated: no comparable global database-by-country usage table verified for the full catalogue,Not populated: no robust per-database gender cross-tab verified for the full catalogue,,https://db-engines.com/en/ranking/
121,C,C-Store,Wide-column / columnar,,Database engine / DBMS,Self-managed or varies,,,,,,,Not populated: no comparable global database-by-country usage table verified for the full catalogue,Not populated: no robust per-database gender cross-tab verified for the full catalogue,,https://en.wikipedia.org/wiki/List_of_column-oriented_DBMSes
122,C,CA Datacom,Relational / SQL,,Database engine / DBMS,Self-managed or varies,,,,,,,Not populated: no comparable global database-by-country usage table verified for the full catalogue,Not populated: no robust per-database gender cross-tab verified for the full catalogue,,https://en.wikipedia.org/wiki/List_of_relational_database_management_systems
123,C,CA IDMS,Relational / SQL,,Database engine / DBMS,Self-managed or varies,,,,,,,Not populated: no comparable global database-by-country usage table verified for the full catalogue,Not populated: no robust per-database gender cross-tab verified for the full catalogue,,https://en.wikipedia.org/wiki/List_of_relational_database_management_systems
124,C,Cache2k,Key-value / in-memory,,Database engine / DBMS,Self-managed or varies,,,,,,,Not populated: no comparable global database-by-country usage table verified for the full catalogue,Not populated: no robust per-database gender cross-tab verified for the full catalogue,,https://en.wikipedia.org/wiki/List_of_in-memory_databases
125,C,Caché MultiValue,Object / XML / multivalue / specialty,,Database engine / DBMS,Self-managed or varies,,,,,,,Not populated: no comparable global database-by-country usage table verified for the full catalogue,Not populated: no robust per-database gender cross-tab verified for the full catalogue,,https://en.wikipedia.org/wiki/Comparison_of_object_database_management_systems
126,C,Caffeine,Key-value / in-memory,,Database engine / DBMS,Self-managed or varies,,,,,,,Not populated: no comparable global database-by-country usage table verified for the full catalogue,Not populated: no robust per-database gender cross-tab verified for the full catalogue,,https://en.wikipedia.org/wiki/List_of_in-memory_databases
127,C,Cassandra Enterprise,Wide-column / columnar,,Database engine / DBMS,Self-managed or varies,,,,,,,Not populated: no comparable global database-by-country usage table verified for the full catalogue,Not populated: no robust per-database gender cross-tab verified for the full catalogue,,https://en.wikipedia.org/wiki/List_of_column-oriented_DBMSes
128,C,Cayley,Graph,,Database engine / DBMS,Self-managed or varies,,,,,,,Not populated: no comparable global database-by-country usage table verified for the full catalogue,Not populated: no robust per-database gender cross-tab verified for the full catalogue,,https://db-engines.com/en/ranking/
129,C,Chroma,Vector / similarity,,Vector database / vector-capable data system,Self-managed or varies,,,,,,,Not populated: no comparable global database-by-country usage table verified for the full catalogue,Not populated: no robust per-database gender cross-tab verified for the full catalogue,,https://db-engines.com/en/ranking/
130,C,Chroma Cloud,Vector / similarity,,Vector database / vector-capable data system,Self-managed or varies,,,,,,,Not populated: no comparable global database-by-country usage table verified for the full catalogue,Not populated: no robust per-database gender cross-tab verified for the full catalogue,,https://db-engines.com/en/ranking/
131,C,Chronicle Map,Key-value / in-memory,,Database engine / DBMS,Self-managed or varies,,,,,,,Not populated: no comparable global database-by-country usage table verified for the full catalogue,Not populated: no robust per-database gender cross-tab verified for the full catalogue,,https://en.wikipedia.org/wiki/List_of_in-memory_databases
132,C,Chronix,Time series,,Database engine / DBMS,Self-managed or varies,,,,,,,Not populated: no comparable global database-by-country usage table verified for the full catalogue,Not populated: no robust per-database gender cross-tab verified for the full catalogue,,https://db-engines.com/en/ranking/
133,C,Citus,Analytical / warehouse / lakehouse,,Analytical data platform / warehouse,Self-managed or varies,,,,,,,Not populated: no comparable global database-by-country usage table verified for the full catalogue,Not populated: no robust per-database gender cross-tab verified for the full catalogue,,https://db-engines.com/en/ranking/
134,C,Citus on Azure Database for PostgreSQL,Relational / SQL,,Managed database service,Managed cloud,,,,,,,Not populated: no comparable global database-by-country usage table verified for the full catalogue,Not populated: no robust per-database gender cross-tab verified for the full catalogue,Managed service; underlying engine may be separately listed.,https://db-engines.com/en/ranking/
135,C,Clarion,Relational / SQL,,Database engine / DBMS,Self-managed or varies,,,,,,,Not populated: no comparable global database-by-country usage table verified for the full catalogue,Not populated: no robust per-database gender cross-tab verified for the full catalogue,,https://en.wikipedia.org/wiki/List_of_relational_database_management_systems
136,C,ClickHouse,Relational / SQL,,Database engine / DBMS,Self-managed or varies,,,,,,,Not populated: no comparable global database-by-country usage table verified for the full catalogue,Not populated: no robust per-database gender cross-tab verified for the full catalogue,,https://en.wikipedia.org/wiki/List_of_relational_database_management_systems
137,C,ClickHouse Vector Search,Vector / similarity,,Vector database / vector-capable data system,Self-managed or varies,,,,,,,Not populated: no comparable global database-by-country usage table verified for the full catalogue,Not populated: no robust per-database gender cross-tab verified for the full catalogue,,https://db-engines.com/en/ranking/
138,C,Cloud Firestore,Document,,Managed developer data platform,Managed cloud / BaaS,Google,13,5.7,,,,Not populated: no comparable global database-by-country usage table verified for the full catalogue,Not populated: no robust per-database gender cross-tab verified for the full catalogue,Serverless NoSQL document database in Firebase / Google Cloud.,https://firebase.google.com/docs/firestore
139,C,Cloudant,Document,,Database engine / DBMS,Self-managed or varies,,,,,,,Not populated: no comparable global database-by-country usage table verified for the full catalogue,Not populated: no robust per-database gender cross-tab verified for the full catalogue,,https://en.wikipedia.org/wiki/Document-oriented_database
140,C,Cloudflare D1,Developer data platform / BaaS,,Managed developer data platform,Managed cloud / developer platform,,,,,,,Not populated: no comparable global database-by-country usage table verified for the full catalogue,Not populated: no robust per-database gender cross-tab verified for the full catalogue,Platform or managed service rather than a standalone database engine.,https://db-engines.com/en/ranking/
141,C,Cloudflare Durable Objects SQLite,Developer data platform / BaaS,,Managed developer data platform,Managed cloud / developer platform,,,,,,,Not populated: no comparable global database-by-country usage table verified for the full catalogue,Not populated: no robust per-database gender cross-tab verified for the full catalogue,Platform or managed service rather than a standalone database engine.,https://db-engines.com/en/ranking/
142,C,CnosDB,Time series,,Database engine / DBMS,Self-managed or varies,,,,,,,Not populated: no comparable global database-by-country usage table verified for the full catalogue,Not populated: no robust per-database gender cross-tab verified for the full catalogue,,https://db-engines.com/en/ranking/
143,C,CockroachDB,Relational / SQL,,Database engine / DBMS,Self-managed or varies,,,,,,,Not populated: no comparable global database-by-country usage table verified for the full catalogue,Not populated: no robust per-database gender cross-tab verified for the full catalogue,,https://en.wikipedia.org/wiki/List_of_relational_database_management_systems
144,C,CockroachDB Cloud,Developer data platform / BaaS,,Managed developer data platform,Managed cloud / developer platform,,,,,,,Not populated: no comparable global database-by-country usage table verified for the full catalogue,Not populated: no robust per-database gender cross-tab verified for the full catalogue,Platform or managed service rather than a standalone database engine.,https://db-engines.com/en/ranking/
145,C,CockroachDB Serverless,Relational / SQL,,Database engine / DBMS,Self-managed or varies,,,,,,,Not populated: no comparable global database-by-country usage table verified for the full catalogue,Not populated: no robust per-database gender cross-tab verified for the full catalogue,,https://en.wikipedia.org/wiki/List_of_relational_database_management_systems
146,C,ConceptBase,Object / XML / multivalue / specialty,,Database engine / DBMS,Self-managed or varies,,,,,,,Not populated: no comparable global database-by-country usage table verified for the full catalogue,Not populated: no robust per-database gender cross-tab verified for the full catalogue,,https://en.wikipedia.org/wiki/Comparison_of_object_database_management_systems
147,C,Convex,Reactive database / backend platform,,Managed developer data platform,Managed cloud / self-host,Convex,,,,,,Not populated: no comparable global database-by-country usage table verified for the full catalogue,Not populated: no robust per-database gender cross-tab verified for the full catalogue,Open-source reactive database with TypeScript queries and backend functions.,https://docs.convex.dev/
148,C,Cosmos DB Gremlin API,Graph,,Database engine / DBMS,Self-managed or varies,,,,,,,Not populated: no comparable global database-by-country usage table verified for the full catalogue,Not populated: no robust per-database gender cross-tab verified for the full catalogue,,https://db-engines.com/en/ranking/
149,C,Couchbase,Document,,Database engine / DBMS,Self-managed or varies,,,,,,,Not populated: no comparable global database-by-country usage table verified for the full catalogue,Not populated: no robust per-database gender cross-tab verified for the full catalogue,,https://en.wikipedia.org/wiki/Document-oriented_database
150,C,Couchbase Capella,Developer data platform / BaaS,,Managed developer data platform,Managed cloud / developer platform,,,,,,,Not populated: no comparable global database-by-country usage table verified for the full catalogue,Not populated: no robust per-database gender cross-tab verified for the full catalogue,Platform or managed service rather than a standalone database engine.,https://db-engines.com/en/ranking/
151,C,Couchbase Capella Columnar,Wide-column / columnar,,Database engine / DBMS,Self-managed or varies,,,,,,,Not populated: no comparable global database-by-country usage table verified for the full catalogue,Not populated: no robust per-database gender cross-tab verified for the full catalogue,,https://en.wikipedia.org/wiki/List_of_column-oriented_DBMSes
152,C,Couchbase Full Text Search,Search / indexing,,Search engine / search database,Self-managed or varies,,,,,,,Not populated: no comparable global database-by-country usage table verified for the full catalogue,Not populated: no robust per-database gender cross-tab verified for the full catalogue,,https://db-engines.com/en/ranking/
153,C,Couchbase Lite,Embedded / local / edge,,Embedded / local database,Embedded / local / edge,,,,,,,Not populated: no comparable global database-by-country usage table verified for the full catalogue,Not populated: no robust per-database gender cross-tab verified for the full catalogue,,https://db-engines.com/en/ranking/
154,C,Couchbase Vector Search,Vector / similarity,,Vector database / vector-capable data system,Self-managed or varies,,,,,,,Not populated: no comparable global database-by-country usage table verified for the full catalogue,Not populated: no robust per-database gender cross-tab verified for the full catalogue,,https://db-engines.com/en/ranking/
155,C,CouchDB,Document,,Database engine / DBMS,Self-managed or varies,,,,,,,Not populated: no comparable global database-by-country usage table verified for the full catalogue,Not populated: no robust per-database gender cross-tab verified for the full catalogue,,https://en.wikipedia.org/wiki/Document-oriented_database
156,C,CrateDB,Relational / SQL,,Database engine / DBMS,Self-managed or varies,,,,,,,Not populated: no comparable global database-by-country usage table verified for the full catalogue,Not populated: no robust per-database gender cross-tab verified for the full catalogue,,https://en.wikipedia.org/wiki/List_of_relational_database_management_systems
157,C,CrateDB Search,Search / indexing,,Search engine / search database,Self-managed or varies,,,,,,,Not populated: no comparable global database-by-country usage table verified for the full catalogue,Not populated: no robust per-database gender cross-tab verified for the full catalogue,,https://db-engines.com/en/ranking/
158,C,Crunchy Bridge,Relational / SQL,,Managed database service,Managed cloud,,,,,,,Not populated: no comparable global database-by-country usage table verified for the full catalogue,Not populated: no robust per-database gender cross-tab verified for the full catalogue,Managed service; underlying engine may be separately listed.,https://db-engines.com/en/ranking/
159,C,Crux / XTDB,Object / XML / multivalue / specialty,,Database engine / DBMS,Self-managed or varies,,,,,,,Not populated: no comparable global database-by-country usage table verified for the full catalogue,Not populated: no robust per-database gender cross-tab verified for the full catalogue,,https://en.wikipedia.org/wiki/Comparison_of_object_database_management_systems
160,C,CUBRID,Relational / SQL,,Database engine / DBMS,Self-managed or varies,,,,,,,Not populated: no comparable global database-by-country usage table verified for the full catalogue,Not populated: no robust per-database gender cross-tab verified for the full catalogue,,https://en.wikipedia.org/wiki/List_of_relational_database_management_systems
161,D,D3,Object / XML / multivalue / specialty,,Database engine / DBMS,Self-managed or varies,,,,,,,Not populated: no comparable global database-by-country usage table verified for the full catalogue,Not populated: no robust per-database gender cross-tab verified for the full catalogue,,https://en.wikipedia.org/wiki/Comparison_of_object_database_management_systems
162,D,Databend,Analytical / warehouse / lakehouse,,Analytical data platform / warehouse,Self-managed or varies,,,,,,,Not populated: no comparable global database-by-country usage table verified for the full catalogue,Not populated: no robust per-database gender cross-tab verified for the full catalogue,,https://db-engines.com/en/ranking/
163,D,Databricks SQL,Analytical / warehouse / lakehouse,,Analytical data platform / warehouse,Self-managed or varies,,,,7,168.34,Multi-model / relational,Not populated: no comparable global database-by-country usage table verified for the full catalogue,Not populated: no robust per-database gender cross-tab verified for the full catalogue,,https://db-engines.com/en/ranking/
164,D,DataEase,Relational / SQL,,Database engine / DBMS,Self-managed or varies,,,,,,,Not populated: no comparable global database-by-country usage table verified for the full catalogue,Not populated: no robust per-database gender cross-tab verified for the full catalogue,,https://en.wikipedia.org/wiki/List_of_relational_database_management_systems
165,D,DataFlex,Relational / SQL,,Database engine / DBMS,Self-managed or varies,,,,,,,Not populated: no comparable global database-by-country usage table verified for the full catalogue,Not populated: no robust per-database gender cross-tab verified for the full catalogue,,https://en.wikipedia.org/wiki/List_of_relational_database_management_systems
166,D,Dataphor,Relational / SQL,,Database engine / DBMS,Self-managed or varies,,,,,,,Not populated: no comparable global database-by-country usage table verified for the full catalogue,Not populated: no robust per-database gender cross-tab verified for the full catalogue,,https://en.wikipedia.org/wiki/List_of_relational_database_management_systems
167,D,DataStax Astra DB,Wide-column / columnar,,Database engine / DBMS,Self-managed or varies,,,,,,,Not populated: no comparable global database-by-country usage table verified for the full catalogue,Not populated: no robust per-database gender cross-tab verified for the full catalogue,,https://en.wikipedia.org/wiki/List_of_column-oriented_DBMSes
168,D,DataStax Astra DB Vector,Vector / similarity,,Vector database / vector-capable data system,Self-managed or varies,,,,,,,Not populated: no comparable global database-by-country usage table verified for the full catalogue,Not populated: no robust per-database gender cross-tab verified for the full catalogue,,https://db-engines.com/en/ranking/
169,D,DataStax Enterprise,Wide-column / columnar,,Database engine / DBMS,Self-managed or varies,,,,,,,Not populated: no comparable global database-by-country usage table verified for the full catalogue,Not populated: no robust per-database gender cross-tab verified for the full catalogue,,https://en.wikipedia.org/wiki/List_of_column-oriented_DBMSes
170,D,Datomic,Object / XML / multivalue / specialty,,Database engine / DBMS,Self-managed or varies,,,,,,,Not populated: no comparable global database-by-country usage table verified for the full catalogue,Not populated: no robust per-database gender cross-tab verified for the full catalogue,,https://en.wikipedia.org/wiki/Comparison_of_object_database_management_systems
171,D,Db4o,Object / XML / multivalue / specialty,,Database engine / DBMS,Self-managed or varies,,,,,,,Not populated: no comparable global database-by-country usage table verified for the full catalogue,Not populated: no robust per-database gender cross-tab verified for the full catalogue,,https://en.wikipedia.org/wiki/Comparison_of_object_database_management_systems
172,D,dBase,Relational / SQL,,Database engine / DBMS,Self-managed or varies,,,,,,,Not populated: no comparable global database-by-country usage table verified for the full catalogue,Not populated: no robust per-database gender cross-tab verified for the full catalogue,,https://en.wikipedia.org/wiki/List_of_relational_database_management_systems
173,D,Delta Lake,Analytical / warehouse / lakehouse,,Analytical data platform / warehouse,Self-managed or varies,,,,,,,Not populated: no comparable global database-by-country usage table verified for the full catalogue,Not populated: no robust per-database gender cross-tab verified for the full catalogue,,https://db-engines.com/en/ranking/
174,D,Deno KV,Document,,Database engine / DBMS,Self-managed or varies,,,,,,,Not populated: no comparable global database-by-country usage table verified for the full catalogue,Not populated: no robust per-database gender cross-tab verified for the full catalogue,,https://en.wikipedia.org/wiki/Document-oriented_database
175,D,Denodo,Analytical / warehouse / lakehouse,,Analytical data platform / warehouse,Self-managed or varies,,,,,,,Not populated: no comparable global database-by-country usage table verified for the full catalogue,Not populated: no robust per-database gender cross-tab verified for the full catalogue,,https://db-engines.com/en/ranking/
176,D,Derby Embedded,Embedded / local / edge,,Embedded / local database,Embedded / local / edge,,,,,,,Not populated: no comparable global database-by-country usage table verified for the full catalogue,Not populated: no robust per-database gender cross-tab verified for the full catalogue,,https://db-engines.com/en/ranking/
177,D,Dexie.js,Embedded / local / edge,,Embedded / local database,Embedded / local / edge,,,,,,,Not populated: no comparable global database-by-country usage table verified for the full catalogue,Not populated: no robust per-database gender cross-tab verified for the full catalogue,,https://db-engines.com/en/ranking/
178,D,Dgraph,Graph,,Database engine / DBMS,Self-managed or varies,,,,,,,Not populated: no comparable global database-by-country usage table verified for the full catalogue,Not populated: no robust per-database gender cross-tab verified for the full catalogue,,https://db-engines.com/en/ranking/
179,D,DigitalOcean Managed Databases,Developer data platform / BaaS,,Managed developer data platform,Managed cloud / developer platform,,,,,,,Not populated: no comparable global database-by-country usage table verified for the full catalogue,Not populated: no robust per-database gender cross-tab verified for the full catalogue,Platform or managed service rather than a standalone database engine.,https://db-engines.com/en/ranking/
180,D,DigitalOcean Managed MySQL,Relational / SQL,,Managed database service,Managed cloud,,,,,,,Not populated: no comparable global database-by-country usage table verified for the full catalogue,Not populated: no robust per-database gender cross-tab verified for the full catalogue,Managed service; underlying engine may be separately listed.,https://db-engines.com/en/ranking/
181,D,DigitalOcean Managed PostgreSQL,Relational / SQL,,Managed database service,Managed cloud,,,,,,,Not populated: no comparable global database-by-country usage table verified for the full catalogue,Not populated: no robust per-database gender cross-tab verified for the full catalogue,Managed service; underlying engine may be separately listed.,https://db-engines.com/en/ranking/
182,D,Djondb,Document,,Database engine / DBMS,Self-managed or varies,,,,,,,Not populated: no comparable global database-by-country usage table verified for the full catalogue,Not populated: no robust per-database gender cross-tab verified for the full catalogue,,https://en.wikipedia.org/wiki/Document-oriented_database
183,D,DM8,Relational / SQL,,Database engine / DBMS,Self-managed or varies,,,,,,,Not populated: no comparable global database-by-country usage table verified for the full catalogue,Not populated: no robust per-database gender cross-tab verified for the full catalogue,,https://en.wikipedia.org/wiki/List_of_relational_database_management_systems
184,D,DolphinDB,Time series,,Database engine / DBMS,Self-managed or varies,,,,,,,Not populated: no comparable global database-by-country usage table verified for the full catalogue,Not populated: no robust per-database gender cross-tab verified for the full catalogue,,https://db-engines.com/en/ranking/
185,D,Dragonfly,Key-value / in-memory,,Database engine / DBMS,Self-managed or varies,,,,,,,Not populated: no comparable global database-by-country usage table verified for the full catalogue,Not populated: no robust per-database gender cross-tab verified for the full catalogue,,https://en.wikipedia.org/wiki/List_of_in-memory_databases
186,D,Dremio,Analytical / warehouse / lakehouse,,Analytical data platform / warehouse,Self-managed or varies,,,,,,,Not populated: no comparable global database-by-country usage table verified for the full catalogue,Not populated: no robust per-database gender cross-tab verified for the full catalogue,,https://db-engines.com/en/ranking/
187,D,Druid,Wide-column / columnar,,Database engine / DBMS,Self-managed or varies,,,,,,,Not populated: no comparable global database-by-country usage table verified for the full catalogue,Not populated: no robust per-database gender cross-tab verified for the full catalogue,,https://en.wikipedia.org/wiki/List_of_column-oriented_DBMSes
188,D,DuckDB,Relational / SQL,,Database engine / DBMS,Self-managed or varies,,,,,,,Not populated: no comparable global database-by-country usage table verified for the full catalogue,Not populated: no robust per-database gender cross-tab verified for the full catalogue,,https://en.wikipedia.org/wiki/List_of_relational_database_management_systems
189,D,DuckDB VSS,Vector / similarity,,Vector database / vector-capable data system,Self-managed or varies,,,,,,,Not populated: no comparable global database-by-country usage table verified for the full catalogue,Not populated: no robust per-database gender cross-tab verified for the full catalogue,,https://db-engines.com/en/ranking/
190,D,DuckDB-Wasm,Embedded / local / edge,,Embedded / local database,Embedded / local / edge,,,,,,,Not populated: no comparable global database-by-country usage table verified for the full catalogue,Not populated: no robust per-database gender cross-tab verified for the full catalogue,,https://db-engines.com/en/ranking/
191,E,Eclipse RDF4J,RDF / semantic graph,,Database engine / DBMS,Self-managed or varies,,,,,,,Not populated: no comparable global database-by-country usage table verified for the full catalogue,Not populated: no robust per-database gender cross-tab verified for the full catalogue,,https://db-engines.com/en/ranking/
192,E,EDB Postgres Advanced Server,Relational / SQL,,Database engine / DBMS,Self-managed or varies,,,,,,,Not populated: no comparable global database-by-country usage table verified for the full catalogue,Not populated: no robust per-database gender cross-tab verified for the full catalogue,,https://en.wikipedia.org/wiki/List_of_relational_database_management_systems
193,E,EDB Postgres AI Cloud,Relational / SQL,,Managed database service,Managed cloud,,,,,,,Not populated: no comparable global database-by-country usage table verified for the full catalogue,Not populated: no robust per-database gender cross-tab verified for the full catalogue,Managed service; underlying engine may be separately listed.,https://db-engines.com/en/ranking/
194,E,Ehcache,Key-value / in-memory,,Database engine / DBMS,Self-managed or varies,,,,,,,Not populated: no comparable global database-by-country usage table verified for the full catalogue,Not populated: no robust per-database gender cross-tab verified for the full catalogue,,https://en.wikipedia.org/wiki/List_of_in-memory_databases
195,E,EJDB,Document,,Database engine / DBMS,Self-managed or varies,,,,,,,Not populated: no comparable global database-by-country usage table verified for the full catalogue,Not populated: no robust per-database gender cross-tab verified for the full catalogue,,https://en.wikipedia.org/wiki/Document-oriented_database
196,E,EJDB2,Document,,Database engine / DBMS,Self-managed or varies,,,,,,,Not populated: no comparable global database-by-country usage table verified for the full catalogue,Not populated: no robust per-database gender cross-tab verified for the full catalogue,,https://en.wikipedia.org/wiki/Document-oriented_database
197,E,Elasticsearch,Search / indexing,,Search engine / search database,Self-managed or varies,,8,16.7,11,95.5,Search / vector / document,Not populated: no comparable global database-by-country usage table verified for the full catalogue,Not populated: no robust per-database gender cross-tab verified for the full catalogue,,https://db-engines.com/en/ranking/
198,E,Elasticsearch Vector Search,Vector / similarity,,Vector database / vector-capable data system,Self-managed or varies,,,,,,,Not populated: no comparable global database-by-country usage table verified for the full catalogue,Not populated: no robust per-database gender cross-tab verified for the full catalogue,,https://db-engines.com/en/ranking/
199,E,ElectricSQL,Developer data platform / BaaS,,Managed developer data platform,Managed cloud / developer platform,,,,,,,Not populated: no comparable global database-by-country usage table verified for the full catalogue,Not populated: no robust per-database gender cross-tab verified for the full catalogue,Platform or managed service rather than a standalone database engine.,https://db-engines.com/en/ranking/
200,E,ElectricSQL PGlite,Embedded / local / edge,,Embedded / local database,Embedded / local / edge,,,,,,,Not populated: no comparable global database-by-country usage table verified for the full catalogue,Not populated: no robust per-database gender cross-tab verified for the full catalogue,,https://db-engines.com/en/ranking/
201,E,Empress Embedded Database,Relational / SQL,,Database engine / DBMS,Self-managed or varies,,,,,,,Not populated: no comparable global database-by-country usage table verified for the full catalogue,Not populated: no robust per-database gender cross-tab verified for the full catalogue,,https://en.wikipedia.org/wiki/List_of_relational_database_management_systems
202,E,EnterpriseDB,Relational / SQL,,Database engine / DBMS,Self-managed or varies,,,,,,,Not populated: no comparable global database-by-country usage table verified for the full catalogue,Not populated: no robust per-database gender cross-tab verified for the full catalogue,,https://en.wikipedia.org/wiki/List_of_relational_database_management_systems
203,E,EnterpriseDB Postgres Distributed,Relational / SQL,,Database engine / DBMS,Self-managed or varies,,,,,,,Not populated: no comparable global database-by-country usage table verified for the full catalogue,Not populated: no robust per-database gender cross-tab verified for the full catalogue,,https://en.wikipedia.org/wiki/List_of_relational_database_management_systems
204,E,etcd,Key-value / in-memory,,Database engine / DBMS,Self-managed or varies,,,,,,,Not populated: no comparable global database-by-country usage table verified for the full catalogue,Not populated: no robust per-database gender cross-tab verified for the full catalogue,,https://en.wikipedia.org/wiki/List_of_in-memory_databases
205,E,EventStoreDB,Object / XML / multivalue / specialty,,Database engine / DBMS,Self-managed or varies,,,,,,,Not populated: no comparable global database-by-country usage table verified for the full catalogue,Not populated: no robust per-database gender cross-tab verified for the full catalogue,,https://en.wikipedia.org/wiki/Comparison_of_object_database_management_systems
206,E,Exasol,Relational / SQL,,Database engine / DBMS,Self-managed or varies,,,,,,,Not populated: no comparable global database-by-country usage table verified for the full catalogue,Not populated: no robust per-database gender cross-tab verified for the full catalogue,,https://en.wikipedia.org/wiki/List_of_relational_database_management_systems
207,E,eXist-db,Object / XML / multivalue / specialty,,Database engine / DBMS,Self-managed or varies,,,,,,,Not populated: no comparable global database-by-country usage table verified for the full catalogue,Not populated: no robust per-database gender cross-tab verified for the full catalogue,,https://en.wikipedia.org/wiki/Comparison_of_object_database_management_systems
208,E,Extensible Storage Engine,Relational / SQL,,Database engine / DBMS,Self-managed or varies,,,,,,,Not populated: no comparable global database-by-country usage table verified for the full catalogue,Not populated: no robust per-database gender cross-tab verified for the full catalogue,,https://en.wikipedia.org/wiki/List_of_relational_database_management_systems
209,E,eXtremeDB,Relational / SQL,,Database engine / DBMS,Self-managed or varies,,,,,,,Not populated: no comparable global database-by-country usage table verified for the full catalogue,Not populated: no robust per-database gender cross-tab verified for the full catalogue,,https://en.wikipedia.org/wiki/List_of_relational_database_management_systems
210,E,eXtremeDB Embedded,Embedded / local / edge,,Embedded / local database,Embedded / local / edge,,,,,,,Not populated: no comparable global database-by-country usage table verified for the full catalogue,Not populated: no robust per-database gender cross-tab verified for the full catalogue,,https://db-engines.com/en/ranking/
211,E,eXtremeDB Financial Edition,Time series,,Database engine / DBMS,Self-managed or varies,,,,,,,Not populated: no comparable global database-by-country usage table verified for the full catalogue,Not populated: no robust per-database gender cross-tab verified for the full catalogue,,https://db-engines.com/en/ranking/
212,F,FalkorDB,Graph,,Database engine / DBMS,Self-managed or varies,,,,,,,Not populated: no comparable global database-by-country usage table verified for the full catalogue,Not populated: no robust per-database gender cross-tab verified for the full catalogue,,https://db-engines.com/en/ranking/
213,F,FalkorDB Search,Search / indexing,,Search engine / search database,Self-managed or varies,,,,,,,Not populated: no comparable global database-by-country usage table verified for the full catalogue,Not populated: no robust per-database gender cross-tab verified for the full catalogue,,https://db-engines.com/en/ranking/
214,F,FASTER,Key-value / in-memory,,Database engine / DBMS,Self-managed or varies,,,,,,,Not populated: no comparable global database-by-country usage table verified for the full catalogue,Not populated: no robust per-database gender cross-tab verified for the full catalogue,,https://en.wikipedia.org/wiki/List_of_in-memory_databases
215,F,Fauna,Developer data platform / BaaS,,Managed developer data platform,Managed cloud / developer platform,,,,,,,Not populated: no comparable global database-by-country usage table verified for the full catalogue,Not populated: no robust per-database gender cross-tab verified for the full catalogue,Platform or managed service rather than a standalone database engine.,https://db-engines.com/en/ranking/
216,F,FerretDB,Document,,Database engine / DBMS,Self-managed or varies,,,,,,,Not populated: no comparable global database-by-country usage table verified for the full catalogue,Not populated: no robust per-database gender cross-tab verified for the full catalogue,,https://en.wikipedia.org/wiki/Document-oriented_database
217,F,FileMaker Pro,Relational / SQL,,Database engine / DBMS,Self-managed or varies,,,,,,,Not populated: no comparable global database-by-country usage table verified for the full catalogue,Not populated: no robust per-database gender cross-tab verified for the full catalogue,,https://en.wikipedia.org/wiki/List_of_relational_database_management_systems
218,F,Firebase,Managed developer data platform,,Managed developer data platform,Managed cloud / BaaS,Google,,,,,,Not populated: no comparable global database-by-country usage table verified for the full catalogue,Not populated: no robust per-database gender cross-tab verified for the full catalogue,Developer platform; database products include Cloud Firestore and Realtime Database.,https://firebase.google.com/docs/database/rtdb-vs-firestore
219,F,Firebase Data Connect,Developer data platform / BaaS,,Managed developer data platform,Managed cloud / developer platform,,,,,,,Not populated: no comparable global database-by-country usage table verified for the full catalogue,Not populated: no robust per-database gender cross-tab verified for the full catalogue,Platform or managed service rather than a standalone database engine.,https://db-engines.com/en/ranking/
220,F,Firebase Realtime Database,Document / realtime JSON,,Database engine / DBMS,Managed cloud / BaaS,Google,15,5.0,,,,Not populated: no comparable global database-by-country usage table verified for the full catalogue,Not populated: no robust per-database gender cross-tab verified for the full catalogue,Cloud-hosted JSON database with realtime client synchronization.,https://firebase.google.com/docs/database
221,F,Firebase SQL Connect,Developer data platform / BaaS,,Managed developer data platform,Managed cloud / developer platform,,,,,,,Not populated: no comparable global database-by-country usage table verified for the full catalogue,Not populated: no robust per-database gender cross-tab verified for the full catalogue,Platform or managed service rather than a standalone database engine.,https://db-engines.com/en/ranking/
222,F,Firebird,Relational / SQL,,Database engine / DBMS,Self-managed or varies,,,,,,,Not populated: no comparable global database-by-country usage table verified for the full catalogue,Not populated: no robust per-database gender cross-tab verified for the full catalogue,,https://en.wikipedia.org/wiki/List_of_relational_database_management_systems
223,F,Firebird Embedded,Embedded / local / edge,,Embedded / local database,Embedded / local / edge,,,,,,,Not populated: no comparable global database-by-country usage table verified for the full catalogue,Not populated: no robust per-database gender cross-tab verified for the full catalogue,,https://db-engines.com/en/ranking/
224,F,Firebolt,Analytical / warehouse / lakehouse,,Analytical data platform / warehouse,Self-managed or varies,,,,,,,Not populated: no comparable global database-by-country usage table verified for the full catalogue,Not populated: no robust per-database gender cross-tab verified for the full catalogue,,https://db-engines.com/en/ranking/
225,F,FlockDB,Graph,,Database engine / DBMS,Self-managed or varies,,,,,,,Not populated: no comparable global database-by-country usage table verified for the full catalogue,Not populated: no robust per-database gender cross-tab verified for the full catalogue,,https://db-engines.com/en/ranking/
226,F,Fly Postgres,Developer data platform / BaaS,,Managed developer data platform,Managed cloud / developer platform,,,,,,,Not populated: no comparable global database-by-country usage table verified for the full catalogue,Not populated: no robust per-database gender cross-tab verified for the full catalogue,Platform or managed service rather than a standalone database engine.,https://db-engines.com/en/ranking/
227,F,ForerunnerDB,Document,,Database engine / DBMS,Self-managed or varies,,,,,,,Not populated: no comparable global database-by-country usage table verified for the full catalogue,Not populated: no robust per-database gender cross-tab verified for the full catalogue,,https://en.wikipedia.org/wiki/Document-oriented_database
228,F,ForestDB,Key-value / in-memory,,Database engine / DBMS,Self-managed or varies,,,,,,,Not populated: no comparable global database-by-country usage table verified for the full catalogue,Not populated: no robust per-database gender cross-tab verified for the full catalogue,,https://en.wikipedia.org/wiki/List_of_in-memory_databases
229,F,FoundationDB,Relational / SQL,,Database engine / DBMS,Self-managed or varies,,,,,,,Not populated: no comparable global database-by-country usage table verified for the full catalogue,Not populated: no robust per-database gender cross-tab verified for the full catalogue,,https://en.wikipedia.org/wiki/List_of_relational_database_management_systems
230,F,FoundationDB Key-Value Store,Key-value / in-memory,,Database engine / DBMS,Self-managed or varies,,,,,,,Not populated: no comparable global database-by-country usage table verified for the full catalogue,Not populated: no robust per-database gender cross-tab verified for the full catalogue,,https://en.wikipedia.org/wiki/List_of_in-memory_databases
231,F,FoundationDB Record Layer,Object / XML / multivalue / specialty,,Database engine / DBMS,Self-managed or varies,,,,,,,Not populated: no comparable global database-by-country usage table verified for the full catalogue,Not populated: no robust per-database gender cross-tab verified for the full catalogue,,https://en.wikipedia.org/wiki/Comparison_of_object_database_management_systems
232,F,FrontBase,Relational / SQL,,Database engine / DBMS,Self-managed or varies,,,,,,,Not populated: no comparable global database-by-country usage table verified for the full catalogue,Not populated: no robust per-database gender cross-tab verified for the full catalogue,,https://en.wikipedia.org/wiki/List_of_relational_database_management_systems
233,F,Fujitsu Enterprise Postgres,Relational / SQL,,Database engine / DBMS,Self-managed or varies,,,,,,,Not populated: no comparable global database-by-country usage table verified for the full catalogue,Not populated: no robust per-database gender cross-tab verified for the full catalogue,,https://en.wikipedia.org/wiki/List_of_relational_database_management_systems
234,G,Garnet,Key-value / in-memory,,Database engine / DBMS,Self-managed or varies,,,,,,,Not populated: no comparable global database-by-country usage table verified for the full catalogue,Not populated: no robust per-database gender cross-tab verified for the full catalogue,,https://en.wikipedia.org/wiki/List_of_in-memory_databases
235,G,GaussDB,Relational / SQL,,Database engine / DBMS,Self-managed or varies,,,,,,,Not populated: no comparable global database-by-country usage table verified for the full catalogue,Not populated: no robust per-database gender cross-tab verified for the full catalogue,,https://en.wikipedia.org/wiki/List_of_relational_database_management_systems
236,G,GemFire,Key-value / in-memory,,Database engine / DBMS,Self-managed or varies,,,,,,,Not populated: no comparable global database-by-country usage table verified for the full catalogue,Not populated: no robust per-database gender cross-tab verified for the full catalogue,,https://en.wikipedia.org/wiki/List_of_in-memory_databases
237,G,GemStone/S,Object / XML / multivalue / specialty,,Database engine / DBMS,Self-managed or varies,,,,,,,Not populated: no comparable global database-by-country usage table verified for the full catalogue,Not populated: no robust per-database gender cross-tab verified for the full catalogue,,https://en.wikipedia.org/wiki/Comparison_of_object_database_management_systems
238,G,Google AlloyDB,Relational / PostgreSQL-compatible,,Managed cloud database service,Managed cloud,Google Cloud,,,,,,Not populated: no comparable global database-by-country usage table verified for the full catalogue,Not populated: no robust per-database gender cross-tab verified for the full catalogue,Managed PostgreSQL-compatible database.,https://cloud.google.com/products/databases
239,G,Google AlloyDB AI,Vector / similarity,,Vector database / vector-capable data system,Self-managed or varies,,,,,,,Not populated: no comparable global database-by-country usage table verified for the full catalogue,Not populated: no robust per-database gender cross-tab verified for the full catalogue,,https://db-engines.com/en/ranking/
240,G,Google AlloyDB for PostgreSQL,Relational / SQL,,Managed database service,Managed cloud,,,,,,,Not populated: no comparable global database-by-country usage table verified for the full catalogue,Not populated: no robust per-database gender cross-tab verified for the full catalogue,Managed service; underlying engine may be separately listed.,https://db-engines.com/en/ranking/
241,G,Google BigQuery,Analytical / warehouse / lakehouse,,Analytical data platform / warehouse,Self-managed or varies,,11,6.5,19,52.0,Relational / analytical,Not populated: no comparable global database-by-country usage table verified for the full catalogue,Not populated: no robust per-database gender cross-tab verified for the full catalogue,,https://db-engines.com/en/ranking/
242,G,Google Bigtable,Wide-column,,Managed cloud database service,Managed cloud,Google Cloud,,,,,,Not populated: no comparable global database-by-country usage table verified for the full catalogue,Not populated: no robust per-database gender cross-tab verified for the full catalogue,Managed wide-column NoSQL database.,https://cloud.google.com/products/databases
243,G,Google Cloud Bigtable,Wide-column / columnar,,Database engine / DBMS,Self-managed or varies,,,,,,,Not populated: no comparable global database-by-country usage table verified for the full catalogue,Not populated: no robust per-database gender cross-tab verified for the full catalogue,,https://en.wikipedia.org/wiki/List_of_column-oriented_DBMSes
244,G,Google Cloud Bigtable Time Series,Time series,,Database engine / DBMS,Self-managed or varies,,,,,,,Not populated: no comparable global database-by-country usage table verified for the full catalogue,Not populated: no robust per-database gender cross-tab verified for the full catalogue,,https://db-engines.com/en/ranking/
245,G,Google Cloud Firestore,Document,,Database engine / DBMS,Managed cloud,Google,,,,,,Not populated: no comparable global database-by-country usage table verified for the full catalogue,Not populated: no robust per-database gender cross-tab verified for the full catalogue,Google Cloud/Firebase serverless document database.,https://firebase.google.com/docs/firestore
246,G,Google Cloud Memorystore for Memcached,Key-value / in-memory,,Database engine / DBMS,Self-managed or varies,,,,,,,Not populated: no comparable global database-by-country usage table verified for the full catalogue,Not populated: no robust per-database gender cross-tab verified for the full catalogue,,https://en.wikipedia.org/wiki/List_of_in-memory_databases
247,G,Google Cloud Memorystore for Redis,Key-value / in-memory,,Database engine / DBMS,Self-managed or varies,,,,,,,Not populated: no comparable global database-by-country usage table verified for the full catalogue,Not populated: no robust per-database gender cross-tab verified for the full catalogue,,https://en.wikipedia.org/wiki/List_of_in-memory_databases
248,G,Google Cloud Memorystore for Valkey,Key-value / in-memory,,Database engine / DBMS,Self-managed or varies,,,,,,,Not populated: no comparable global database-by-country usage table verified for the full catalogue,Not populated: no robust per-database gender cross-tab verified for the full catalogue,,https://en.wikipedia.org/wiki/List_of_in-memory_databases
249,G,Google Cloud Search,Search / indexing,,Search engine / search database,Self-managed or varies,,,,,,,Not populated: no comparable global database-by-country usage table verified for the full catalogue,Not populated: no robust per-database gender cross-tab verified for the full catalogue,,https://db-engines.com/en/ranking/
250,G,Google Cloud Spanner,Distributed relational / multi-model,,Managed database service,Managed cloud,Google Cloud,,,,,,Not populated: no comparable global database-by-country usage table verified for the full catalogue,Not populated: no robust per-database gender cross-tab verified for the full catalogue,Globally consistent managed database service.,https://cloud.google.com/products/databases
251,G,Google Cloud SQL,Relational / SQL,,Managed cloud database service,Managed cloud,Google Cloud,,,,,,Not populated: no comparable global database-by-country usage table verified for the full catalogue,Not populated: no robust per-database gender cross-tab verified for the full catalogue,"Managed MySQL, PostgreSQL and SQL Server service.",https://cloud.google.com/products/databases
252,G,Google Cloud SQL for MySQL,Relational / SQL,,Managed database service,Managed cloud,,,,,,,Not populated: no comparable global database-by-country usage table verified for the full catalogue,Not populated: no robust per-database gender cross-tab verified for the full catalogue,Managed service; underlying engine may be separately listed.,https://db-engines.com/en/ranking/
253,G,Google Cloud SQL for PostgreSQL,Relational / SQL,,Managed database service,Managed cloud,,,,,,,Not populated: no comparable global database-by-country usage table verified for the full catalogue,Not populated: no robust per-database gender cross-tab verified for the full catalogue,Managed service; underlying engine may be separately listed.,https://db-engines.com/en/ranking/
254,G,Google Cloud SQL for SQL Server,Relational / SQL,,Managed database service,Managed cloud,,,,,,,Not populated: no comparable global database-by-country usage table verified for the full catalogue,Not populated: no robust per-database gender cross-tab verified for the full catalogue,Managed service; underlying engine may be separately listed.,https://db-engines.com/en/ranking/
255,G,Google Cloud SQL pgvector,Vector / similarity,,Vector database / vector-capable data system,Self-managed or varies,,,,,,,Not populated: no comparable global database-by-country usage table verified for the full catalogue,Not populated: no robust per-database gender cross-tab verified for the full catalogue,,https://db-engines.com/en/ranking/
256,G,Google Megastore,Wide-column / columnar,,Database engine / DBMS,Self-managed or varies,,,,,,,Not populated: no comparable global database-by-country usage table verified for the full catalogue,Not populated: no robust per-database gender cross-tab verified for the full catalogue,,https://en.wikipedia.org/wiki/List_of_column-oriented_DBMSes
257,G,Google Memorystore,In-memory,,Managed cloud database service,Managed cloud,Google Cloud,,,,,,Not populated: no comparable global database-by-country usage table verified for the full catalogue,Not populated: no robust per-database gender cross-tab verified for the full catalogue,"Managed in-memory service for Valkey, Redis and Memcached.",https://cloud.google.com/products/databases
258,G,Graph Engine,Graph,,Database engine / DBMS,Self-managed or varies,,,,,,,Not populated: no comparable global database-by-country usage table verified for the full catalogue,Not populated: no robust per-database gender cross-tab verified for the full catalogue,,https://db-engines.com/en/ranking/
259,G,GraphBase,Graph,,Database engine / DBMS,Self-managed or varies,,,,,,,Not populated: no comparable global database-by-country usage table verified for the full catalogue,Not populated: no robust per-database gender cross-tab verified for the full catalogue,,https://db-engines.com/en/ranking/
260,G,GraphDB,Graph,,Database engine / DBMS,Self-managed or varies,,,,,,,Not populated: no comparable global database-by-country usage table verified for the full catalogue,Not populated: no robust per-database gender cross-tab verified for the full catalogue,,https://db-engines.com/en/ranking/
261,G,GraphDB RDF Store,RDF / semantic graph,,Database engine / DBMS,Self-managed or varies,,,,,,,Not populated: no comparable global database-by-country usage table verified for the full catalogue,Not populated: no robust per-database gender cross-tab verified for the full catalogue,,https://db-engines.com/en/ranking/
262,G,GrapheneDB,Graph,,Database engine / DBMS,Self-managed or varies,,,,,,,Not populated: no comparable global database-by-country usage table verified for the full catalogue,Not populated: no robust per-database gender cross-tab verified for the full catalogue,,https://db-engines.com/en/ranking/
263,G,Graphite,Time series,,Database engine / DBMS,Self-managed or varies,,,,,,,Not populated: no comparable global database-by-country usage table verified for the full catalogue,Not populated: no robust per-database gender cross-tab verified for the full catalogue,,https://db-engines.com/en/ranking/
264,G,Greenplum,Relational / SQL,,Database engine / DBMS,Self-managed or varies,,,,,,,Not populated: no comparable global database-by-country usage table verified for the full catalogue,Not populated: no robust per-database gender cross-tab verified for the full catalogue,,https://en.wikipedia.org/wiki/List_of_relational_database_management_systems
265,G,GreptimeDB,Time series,,Database engine / DBMS,Self-managed or varies,,,,,,,Not populated: no comparable global database-by-country usage table verified for the full catalogue,Not populated: no robust per-database gender cross-tab verified for the full catalogue,,https://db-engines.com/en/ranking/
266,G,GT.M,Object / XML / multivalue / specialty,,Database engine / DBMS,Self-managed or varies,,,,,,,Not populated: no comparable global database-by-country usage table verified for the full catalogue,Not populated: no robust per-database gender cross-tab verified for the full catalogue,,https://en.wikipedia.org/wiki/Comparison_of_object_database_management_systems
267,G,GunDB,Document,,Database engine / DBMS,Self-managed or varies,,,,,,,Not populated: no comparable global database-by-country usage table verified for the full catalogue,Not populated: no robust per-database gender cross-tab verified for the full catalogue,,https://en.wikipedia.org/wiki/Document-oriented_database
268,H,H2,Relational / SQL,,Database engine / DBMS,Self-managed or varies,,14,5.0,,,,Not populated: no comparable global database-by-country usage table verified for the full catalogue,Not populated: no robust per-database gender cross-tab verified for the full catalogue,,https://en.wikipedia.org/wiki/List_of_relational_database_management_systems
269,H,H2 Database Engine,Relational / SQL,,Database engine / DBMS,Self-managed or varies,,,,,,,Not populated: no comparable global database-by-country usage table verified for the full catalogue,Not populated: no robust per-database gender cross-tab verified for the full catalogue,,https://en.wikipedia.org/wiki/List_of_relational_database_management_systems
270,H,Hasura Cloud,Developer data platform / BaaS,,Managed developer data platform,Managed cloud / developer platform,,,,,,,Not populated: no comparable global database-by-country usage table verified for the full catalogue,Not populated: no robust per-database gender cross-tab verified for the full catalogue,Platform or managed service rather than a standalone database engine.,https://db-engines.com/en/ranking/
271,H,Hawkular Metrics,Time series,,Database engine / DBMS,Self-managed or varies,,,,,,,Not populated: no comparable global database-by-country usage table verified for the full catalogue,Not populated: no robust per-database gender cross-tab verified for the full catalogue,,https://db-engines.com/en/ranking/
272,H,Hazelcast,Key-value / in-memory,,Database engine / DBMS,Self-managed or varies,,,,,,,Not populated: no comparable global database-by-country usage table verified for the full catalogue,Not populated: no robust per-database gender cross-tab verified for the full catalogue,,https://en.wikipedia.org/wiki/List_of_in-memory_databases
273,H,Helix Database,Relational / SQL,,Database engine / DBMS,Self-managed or varies,,,,,,,Not populated: no comparable global database-by-country usage table verified for the full catalogue,Not populated: no robust per-database gender cross-tab verified for the full catalogue,,https://en.wikipedia.org/wiki/List_of_relational_database_management_systems
274,H,Heroic,Time series,,Database engine / DBMS,Self-managed or varies,,,,,,,Not populated: no comparable global database-by-country usage table verified for the full catalogue,Not populated: no robust per-database gender cross-tab verified for the full catalogue,,https://db-engines.com/en/ranking/
275,H,Heroku Postgres,Relational / SQL,,Managed database service,Managed cloud,,,,,,,Not populated: no comparable global database-by-country usage table verified for the full catalogue,Not populated: no robust per-database gender cross-tab verified for the full catalogue,Managed service; underlying engine may be separately listed.,https://db-engines.com/en/ranking/
276,H,HPE Ezmeral Data Fabric,Wide-column / columnar,,Database engine / DBMS,Self-managed or varies,,,,,,,Not populated: no comparable global database-by-country usage table verified for the full catalogue,Not populated: no robust per-database gender cross-tab verified for the full catalogue,,https://en.wikipedia.org/wiki/List_of_column-oriented_DBMSes
277,H,HSQLDB,Relational / SQL,,Database engine / DBMS,Self-managed or varies,,,,,,,Not populated: no comparable global database-by-country usage table verified for the full catalogue,Not populated: no robust per-database gender cross-tab verified for the full catalogue,,https://en.wikipedia.org/wiki/List_of_relational_database_management_systems
278,H,HugeGraph,Graph,,Database engine / DBMS,Self-managed or varies,,,,,,,Not populated: no comparable global database-by-country usage table verified for the full catalogue,Not populated: no robust per-database gender cross-tab verified for the full catalogue,,https://db-engines.com/en/ranking/
279,H,Hydrolix,Analytical / warehouse / lakehouse,,Analytical data platform / warehouse,Self-managed or varies,,,,,,,Not populated: no comparable global database-by-country usage table verified for the full catalogue,Not populated: no robust per-database gender cross-tab verified for the full catalogue,,https://db-engines.com/en/ranking/
280,H,HyperLevelDB,Key-value / in-memory,,Database engine / DBMS,Self-managed or varies,,,,,,,Not populated: no comparable global database-by-country usage table verified for the full catalogue,Not populated: no robust per-database gender cross-tab verified for the full catalogue,,https://en.wikipedia.org/wiki/List_of_in-memory_databases
281,H,HyperSQL,Relational / SQL,,Database engine / DBMS,Self-managed or varies,,,,,,,Not populated: no comparable global database-by-country usage table verified for the full catalogue,Not populated: no robust per-database gender cross-tab verified for the full catalogue,,https://en.wikipedia.org/wiki/List_of_relational_database_management_systems
282,H,HyperTable,Wide-column / columnar,,Database engine / DBMS,Self-managed or varies,,,,,,,Not populated: no comparable global database-by-country usage table verified for the full catalogue,Not populated: no robust per-database gender cross-tab verified for the full catalogue,,https://en.wikipedia.org/wiki/List_of_column-oriented_DBMSes
283,I,IBM Cloud Databases for PostgreSQL,Cloud managed database,,Managed cloud database service,Managed cloud,,,,,,,Not populated: no comparable global database-by-country usage table verified for the full catalogue,Not populated: no robust per-database gender cross-tab verified for the full catalogue,,https://db-engines.com/en/ranking/
284,I,IBM Cloud Databases for Redis,Cloud managed database,,Managed cloud database service,Managed cloud,,,,,,,Not populated: no comparable global database-by-country usage table verified for the full catalogue,Not populated: no robust per-database gender cross-tab verified for the full catalogue,,https://db-engines.com/en/ranking/
285,I,IBM Cloudant,Document,,Database engine / DBMS,Self-managed or varies,,,,,,,Not populated: no comparable global database-by-country usage table verified for the full catalogue,Not populated: no robust per-database gender cross-tab verified for the full catalogue,,https://en.wikipedia.org/wiki/Document-oriented_database
286,I,IBM Db2,Relational / SQL,,Database engine / DBMS,Self-managed or varies,,,,9,110.57,Relational / multi-model,Not populated: no comparable global database-by-country usage table verified for the full catalogue,Not populated: no robust per-database gender cross-tab verified for the full catalogue,,https://en.wikipedia.org/wiki/List_of_relational_database_management_systems
287,I,IBM Db2 on Cloud,Relational / SQL,,Managed database service,Managed cloud,,,,,,,Not populated: no comparable global database-by-country usage table verified for the full catalogue,Not populated: no robust per-database gender cross-tab verified for the full catalogue,Managed service; underlying engine may be separately listed.,https://db-engines.com/en/ranking/
288,I,IBM Db2 pureXML,Object / XML / multivalue / specialty,,Database engine / DBMS,Self-managed or varies,,,,,,,Not populated: no comparable global database-by-country usage table verified for the full catalogue,Not populated: no robust per-database gender cross-tab verified for the full catalogue,,https://en.wikipedia.org/wiki/Comparison_of_object_database_management_systems
289,I,IBM Informix,Relational / SQL,,Database engine / DBMS,Self-managed or varies,,,,,,,Not populated: no comparable global database-by-country usage table verified for the full catalogue,Not populated: no robust per-database gender cross-tab verified for the full catalogue,,https://en.wikipedia.org/wiki/List_of_relational_database_management_systems
290,I,IBM Netezza,Analytical / warehouse / lakehouse,,Analytical data platform / warehouse,Self-managed or varies,,,,,,,Not populated: no comparable global database-by-country usage table verified for the full catalogue,Not populated: no robust per-database gender cross-tab verified for the full catalogue,,https://db-engines.com/en/ranking/
291,I,IndexedDB,Embedded / local / edge,,Embedded / local database,Embedded / local / edge,,,,,,,Not populated: no comparable global database-by-country usage table verified for the full catalogue,Not populated: no robust per-database gender cross-tab verified for the full catalogue,,https://db-engines.com/en/ranking/
292,I,InfiniDB,Wide-column / columnar,,Database engine / DBMS,Self-managed or varies,,,,,,,Not populated: no comparable global database-by-country usage table verified for the full catalogue,Not populated: no robust per-database gender cross-tab verified for the full catalogue,,https://en.wikipedia.org/wiki/List_of_column-oriented_DBMSes
293,I,Infinispan,Key-value / in-memory,,Database engine / DBMS,Self-managed or varies,,,,,,,Not populated: no comparable global database-by-country usage table verified for the full catalogue,Not populated: no robust per-database gender cross-tab verified for the full catalogue,,https://en.wikipedia.org/wiki/List_of_in-memory_databases
294,I,InfiniteGraph,Graph,,Database engine / DBMS,Self-managed or varies,,,,,,,Not populated: no comparable global database-by-country usage table verified for the full catalogue,Not populated: no robust per-database gender cross-tab verified for the full catalogue,,https://db-engines.com/en/ranking/
295,I,InfluxDB,Time series,,Database engine / DBMS,Self-managed or varies,,,,,,,Not populated: no comparable global database-by-country usage table verified for the full catalogue,Not populated: no robust per-database gender cross-tab verified for the full catalogue,,https://db-engines.com/en/ranking/
296,I,InfluxDB Cloud,Time series,,Database engine / DBMS,Self-managed or varies,,,,,,,Not populated: no comparable global database-by-country usage table verified for the full catalogue,Not populated: no robust per-database gender cross-tab verified for the full catalogue,,https://db-engines.com/en/ranking/
297,I,Infobright,Wide-column / columnar,,Database engine / DBMS,Self-managed or varies,,,,,,,Not populated: no comparable global database-by-country usage table verified for the full catalogue,Not populated: no robust per-database gender cross-tab verified for the full catalogue,,https://en.wikipedia.org/wiki/List_of_column-oriented_DBMSes
298,I,Ingres,Relational / SQL,,Database engine / DBMS,Self-managed or varies,,,,,,,Not populated: no comparable global database-by-country usage table verified for the full catalogue,Not populated: no robust per-database gender cross-tab verified for the full catalogue,,https://en.wikipedia.org/wiki/List_of_relational_database_management_systems
299,I,InterBase,Relational / SQL,,Database engine / DBMS,Self-managed or varies,,,,,,,Not populated: no comparable global database-by-country usage table verified for the full catalogue,Not populated: no robust per-database gender cross-tab verified for the full catalogue,,https://en.wikipedia.org/wiki/List_of_relational_database_management_systems
300,I,InterSystems Caché,Relational / SQL,,Database engine / DBMS,Self-managed or varies,,,,,,,Not populated: no comparable global database-by-country usage table verified for the full catalogue,Not populated: no robust per-database gender cross-tab verified for the full catalogue,,https://en.wikipedia.org/wiki/List_of_relational_database_management_systems
301,I,InterSystems Caché Object Database,Object / XML / multivalue / specialty,,Database engine / DBMS,Self-managed or varies,,,,,,,Not populated: no comparable global database-by-country usage table verified for the full catalogue,Not populated: no robust per-database gender cross-tab verified for the full catalogue,,https://en.wikipedia.org/wiki/Comparison_of_object_database_management_systems
302,I,InterSystems IRIS,Relational / SQL,,Database engine / DBMS,Self-managed or varies,,,,,,,Not populated: no comparable global database-by-country usage table verified for the full catalogue,Not populated: no robust per-database gender cross-tab verified for the full catalogue,,https://en.wikipedia.org/wiki/List_of_relational_database_management_systems
303,I,InterSystems IRIS MultiValue,Object / XML / multivalue / specialty,,Database engine / DBMS,Self-managed or varies,,,,,,,Not populated: no comparable global database-by-country usage table verified for the full catalogue,Not populated: no robust per-database gender cross-tab verified for the full catalogue,,https://en.wikipedia.org/wiki/Comparison_of_object_database_management_systems
304,I,IronDB,Time series,,Database engine / DBMS,Self-managed or varies,,,,,,,Not populated: no comparable global database-by-country usage table verified for the full catalogue,Not populated: no robust per-database gender cross-tab verified for the full catalogue,,https://db-engines.com/en/ranking/
305,J,JanusGraph,Graph,,Database engine / DBMS,Self-managed or varies,,,,,,,Not populated: no comparable global database-by-country usage table verified for the full catalogue,Not populated: no robust per-database gender cross-tab verified for the full catalogue,,https://db-engines.com/en/ranking/
306,J,Jasmine Object Database,Object / XML / multivalue / specialty,,Database engine / DBMS,Self-managed or varies,,,,,,,Not populated: no comparable global database-by-country usage table verified for the full catalogue,Not populated: no robust per-database gender cross-tab verified for the full catalogue,,https://en.wikipedia.org/wiki/Comparison_of_object_database_management_systems
307,J,jBASE,Object / XML / multivalue / specialty,,Database engine / DBMS,Self-managed or varies,,,,,,,Not populated: no comparable global database-by-country usage table verified for the full catalogue,Not populated: no robust per-database gender cross-tab verified for the full catalogue,,https://en.wikipedia.org/wiki/Comparison_of_object_database_management_systems
308,K,Kafka Streams State Stores,Object / XML / multivalue / specialty,,Database engine / DBMS,Self-managed or varies,,,,,,,Not populated: no comparable global database-by-country usage table verified for the full catalogue,Not populated: no robust per-database gender cross-tab verified for the full catalogue,,https://en.wikipedia.org/wiki/Comparison_of_object_database_management_systems
309,K,KairosDB,Time series,,Database engine / DBMS,Self-managed or varies,,,,,,,Not populated: no comparable global database-by-country usage table verified for the full catalogue,Not populated: no robust per-database gender cross-tab verified for the full catalogue,,https://db-engines.com/en/ranking/
310,K,kdb+,Time series,,Database engine / DBMS,Self-managed or varies,,,,,,,Not populated: no comparable global database-by-country usage table verified for the full catalogue,Not populated: no robust per-database gender cross-tab verified for the full catalogue,,https://db-engines.com/en/ranking/
311,K,Kdb.AI,Vector / similarity,,Vector database / vector-capable data system,Self-managed or varies,,,,,,,Not populated: no comparable global database-by-country usage table verified for the full catalogue,Not populated: no robust per-database gender cross-tab verified for the full catalogue,,https://db-engines.com/en/ranking/
312,K,KeyDB,Key-value / in-memory,,Database engine / DBMS,Self-managed or varies,,,,,,,Not populated: no comparable global database-by-country usage table verified for the full catalogue,Not populated: no robust per-database gender cross-tab verified for the full catalogue,,https://en.wikipedia.org/wiki/List_of_in-memory_databases
313,K,Kinetica,Relational / SQL,,Database engine / DBMS,Self-managed or varies,,,,,,,Not populated: no comparable global database-by-country usage table verified for the full catalogue,Not populated: no robust per-database gender cross-tab verified for the full catalogue,,https://en.wikipedia.org/wiki/List_of_relational_database_management_systems
314,K,KingbaseES,Relational / SQL,,Database engine / DBMS,Self-managed or varies,,,,,,,Not populated: no comparable global database-by-country usage table verified for the full catalogue,Not populated: no robust per-database gender cross-tab verified for the full catalogue,,https://en.wikipedia.org/wiki/List_of_relational_database_management_systems
315,K,Kuzu,Graph,,Database engine / DBMS,Self-managed or varies,,,,,,,Not populated: no comparable global database-by-country usage table verified for the full catalogue,Not populated: no robust per-database gender cross-tab verified for the full catalogue,,https://db-engines.com/en/ranking/
316,K,Kuzu Embedded,Embedded / local / edge,,Embedded / local database,Embedded / local / edge,,,,,,,Not populated: no comparable global database-by-country usage table verified for the full catalogue,Not populated: no robust per-database gender cross-tab verified for the full catalogue,,https://db-engines.com/en/ranking/
317,K,Kyligence,Analytical / warehouse / lakehouse,,Analytical data platform / warehouse,Self-managed or varies,,,,,,,Not populated: no comparable global database-by-country usage table verified for the full catalogue,Not populated: no robust per-database gender cross-tab verified for the full catalogue,,https://db-engines.com/en/ranking/
318,K,Kyoto Cabinet,Key-value / in-memory,,Database engine / DBMS,Self-managed or varies,,,,,,,Not populated: no comparable global database-by-country usage table verified for the full catalogue,Not populated: no robust per-database gender cross-tab verified for the full catalogue,,https://en.wikipedia.org/wiki/List_of_in-memory_databases
319,L,LanceDB,Vector / similarity,,Vector database / vector-capable data system,Self-managed or varies,,,,,,,Not populated: no comparable global database-by-country usage table verified for the full catalogue,Not populated: no robust per-database gender cross-tab verified for the full catalogue,,https://db-engines.com/en/ranking/
320,L,LanceDB Embedded,Embedded / local / edge,,Embedded / local database,Embedded / local / edge,,,,,,,Not populated: no comparable global database-by-country usage table verified for the full catalogue,Not populated: no robust per-database gender cross-tab verified for the full catalogue,,https://db-engines.com/en/ranking/
321,L,LedisDB,Key-value / in-memory,,Database engine / DBMS,Self-managed or varies,,,,,,,Not populated: no comparable global database-by-country usage table verified for the full catalogue,Not populated: no robust per-database gender cross-tab verified for the full catalogue,,https://en.wikipedia.org/wiki/List_of_in-memory_databases
322,L,LevelDB,Key-value / in-memory,,Database engine / DBMS,Self-managed or varies,,,,,,,Not populated: no comparable global database-by-country usage table verified for the full catalogue,Not populated: no robust per-database gender cross-tab verified for the full catalogue,,https://en.wikipedia.org/wiki/List_of_in-memory_databases
323,L,libSQL,Embedded / local / edge,,Embedded / local database,Embedded / local / edge,,,,,,,Not populated: no comparable global database-by-country usage table verified for the full catalogue,Not populated: no robust per-database gender cross-tab verified for the full catalogue,,https://db-engines.com/en/ranking/
324,L,Linter SQL,Relational / SQL,,Database engine / DBMS,Self-managed or varies,,,,,,,Not populated: no comparable global database-by-country usage table verified for the full catalogue,Not populated: no robust per-database gender cross-tab verified for the full catalogue,,https://en.wikipedia.org/wiki/List_of_relational_database_management_systems
325,L,LiteDB,Document,,Database engine / DBMS,Self-managed or varies,,,,,,,Not populated: no comparable global database-by-country usage table verified for the full catalogue,Not populated: no robust per-database gender cross-tab verified for the full catalogue,,https://en.wikipedia.org/wiki/Document-oriented_database
326,L,LlamaIndex Vector Store,Vector / similarity,,Vector database / vector-capable data system,Self-managed or varies,,,,,,,Not populated: no comparable global database-by-country usage table verified for the full catalogue,Not populated: no robust per-database gender cross-tab verified for the full catalogue,,https://db-engines.com/en/ranking/
327,L,LMDB,Key-value / in-memory,,Database engine / DBMS,Self-managed or varies,,,,,,,Not populated: no comparable global database-by-country usage table verified for the full catalogue,Not populated: no robust per-database gender cross-tab verified for the full catalogue,,https://en.wikipedia.org/wiki/List_of_in-memory_databases
328,L,LocalForage,Embedded / local / edge,,Embedded / local database,Embedded / local / edge,,,,,,,Not populated: no comparable global database-by-country usage table verified for the full catalogue,Not populated: no robust per-database gender cross-tab verified for the full catalogue,,https://db-engines.com/en/ranking/
329,L,LokiJS,Document,,Database engine / DBMS,Self-managed or varies,,,,,,,Not populated: no comparable global database-by-country usage table verified for the full catalogue,Not populated: no robust per-database gender cross-tab verified for the full catalogue,,https://en.wikipedia.org/wiki/Document-oriented_database
330,L,Lotus Notes/Domino,Document,,Database engine / DBMS,Self-managed or varies,,,,,,,Not populated: no comparable global database-by-country usage table verified for the full catalogue,Not populated: no robust per-database gender cross-tab verified for the full catalogue,,https://en.wikipedia.org/wiki/Document-oriented_database
331,L,Lovefield,Embedded / local / edge,,Embedded / local database,Embedded / local / edge,,,,,,,Not populated: no comparable global database-by-country usage table verified for the full catalogue,Not populated: no robust per-database gender cross-tab verified for the full catalogue,,https://db-engines.com/en/ranking/
332,L,Lowdb,Embedded / local / edge,,Embedded / local database,Embedded / local / edge,,,,,,,Not populated: no comparable global database-by-country usage table verified for the full catalogue,Not populated: no robust per-database gender cross-tab verified for the full catalogue,,https://db-engines.com/en/ranking/
333,L,Lucene,Search / indexing,,Search engine / search database,Self-managed or varies,,,,,,,Not populated: no comparable global database-by-country usage table verified for the full catalogue,Not populated: no robust per-database gender cross-tab verified for the full catalogue,,https://db-engines.com/en/ranking/
334,M,M3,Time series,,Database engine / DBMS,Self-managed or varies,,,,,,,Not populated: no comparable global database-by-country usage table verified for the full catalogue,Not populated: no robust per-database gender cross-tab verified for the full catalogue,,https://db-engines.com/en/ranking/
335,M,M3DB,Time series,,Database engine / DBMS,Self-managed or varies,,,,,,,Not populated: no comparable global database-by-country usage table verified for the full catalogue,Not populated: no robust per-database gender cross-tab verified for the full catalogue,,https://db-engines.com/en/ranking/
336,M,Machbase,Time series,,Database engine / DBMS,Self-managed or varies,,,,,,,Not populated: no comparable global database-by-country usage table verified for the full catalogue,Not populated: no robust per-database gender cross-tab verified for the full catalogue,,https://db-engines.com/en/ranking/
337,M,Manticore Columnar Library,Document,,Database engine / DBMS,Self-managed or varies,,,,,,,Not populated: no comparable global database-by-country usage table verified for the full catalogue,Not populated: no robust per-database gender cross-tab verified for the full catalogue,,https://en.wikipedia.org/wiki/Document-oriented_database
338,M,Manticore Search,Search / indexing,,Search engine / search database,Self-managed or varies,,,,,,,Not populated: no comparable global database-by-country usage table verified for the full catalogue,Not populated: no robust per-database gender cross-tab verified for the full catalogue,,https://db-engines.com/en/ranking/
339,M,MapDB,Key-value / in-memory,,Database engine / DBMS,Self-managed or varies,,,,,,,Not populated: no comparable global database-by-country usage table verified for the full catalogue,Not populated: no robust per-database gender cross-tab verified for the full catalogue,,https://en.wikipedia.org/wiki/List_of_in-memory_databases
340,M,MapR-DB,Wide-column / columnar,,Database engine / DBMS,Self-managed or varies,,,,,,,Not populated: no comparable global database-by-country usage table verified for the full catalogue,Not populated: no robust per-database gender cross-tab verified for the full catalogue,,https://en.wikipedia.org/wiki/List_of_column-oriented_DBMSes
341,M,MariaDB,Relational / SQL,,Database engine / DBMS,Self-managed or varies,,7,22.5,13,74.42,Relational / multi-model,Not populated: no comparable global database-by-country usage table verified for the full catalogue,Not populated: no robust per-database gender cross-tab verified for the full catalogue,,https://en.wikipedia.org/wiki/List_of_relational_database_management_systems
342,M,MariaDB ColumnStore,Wide-column / columnar,,Database engine / DBMS,Self-managed or varies,,,,,,,Not populated: no comparable global database-by-country usage table verified for the full catalogue,Not populated: no robust per-database gender cross-tab verified for the full catalogue,,https://en.wikipedia.org/wiki/List_of_column-oriented_DBMSes
343,M,MarkLogic,Document,,Database engine / DBMS,Self-managed or varies,,,,,,,Not populated: no comparable global database-by-country usage table verified for the full catalogue,Not populated: no robust per-database gender cross-tab verified for the full catalogue,,https://en.wikipedia.org/wiki/Document-oriented_database
344,M,MarkLogic Search,Search / indexing,,Search engine / search database,Self-managed or varies,,,,,,,Not populated: no comparable global database-by-country usage table verified for the full catalogue,Not populated: no robust per-database gender cross-tab verified for the full catalogue,,https://db-engines.com/en/ranking/
345,M,MarkLogic Semantics,RDF / semantic graph,,Database engine / DBMS,Self-managed or varies,,,,,,,Not populated: no comparable global database-by-country usage table verified for the full catalogue,Not populated: no robust per-database gender cross-tab verified for the full catalogue,,https://db-engines.com/en/ranking/
346,M,MarkLogic XML,Object / XML / multivalue / specialty,,Database engine / DBMS,Self-managed or varies,,,,,,,Not populated: no comparable global database-by-country usage table verified for the full catalogue,Not populated: no robust per-database gender cross-tab verified for the full catalogue,,https://en.wikipedia.org/wiki/Comparison_of_object_database_management_systems
347,M,Marqo,Vector / similarity,,Vector database / vector-capable data system,Self-managed or varies,,,,,,,Not populated: no comparable global database-by-country usage table verified for the full catalogue,Not populated: no robust per-database gender cross-tab verified for the full catalogue,,https://db-engines.com/en/ranking/
348,M,Materialize,Relational / SQL,,Database engine / DBMS,Self-managed or varies,,,,,,,Not populated: no comparable global database-by-country usage table verified for the full catalogue,Not populated: no robust per-database gender cross-tab verified for the full catalogue,,https://en.wikipedia.org/wiki/List_of_relational_database_management_systems
349,M,Matisse,Object / XML / multivalue / specialty,,Database engine / DBMS,Self-managed or varies,,,,,,,Not populated: no comparable global database-by-country usage table verified for the full catalogue,Not populated: no robust per-database gender cross-tab verified for the full catalogue,,https://en.wikipedia.org/wiki/Comparison_of_object_database_management_systems
350,M,MatrixDB,Time series,,Database engine / DBMS,Self-managed or varies,,,,,,,Not populated: no comparable global database-by-country usage table verified for the full catalogue,Not populated: no robust per-database gender cross-tab verified for the full catalogue,,https://db-engines.com/en/ranking/
351,M,MatrixOne,Relational / SQL,,Database engine / DBMS,Self-managed or varies,,,,,,,Not populated: no comparable global database-by-country usage table verified for the full catalogue,Not populated: no robust per-database gender cross-tab verified for the full catalogue,,https://en.wikipedia.org/wiki/List_of_relational_database_management_systems
352,M,MaxDB,Relational / SQL,,Database engine / DBMS,Self-managed or varies,,,,,,,Not populated: no comparable global database-by-country usage table verified for the full catalogue,Not populated: no robust per-database gender cross-tab verified for the full catalogue,,https://en.wikipedia.org/wiki/List_of_relational_database_management_systems
353,M,Mckoi SQL Database,Relational / SQL,,Database engine / DBMS,Self-managed or varies,,,,,,,Not populated: no comparable global database-by-country usage table verified for the full catalogue,Not populated: no robust per-database gender cross-tab verified for the full catalogue,,https://en.wikipedia.org/wiki/List_of_relational_database_management_systems
354,M,Meilisearch,Search / indexing,,Search engine / search database,Self-managed or varies,,,,,,,Not populated: no comparable global database-by-country usage table verified for the full catalogue,Not populated: no robust per-database gender cross-tab verified for the full catalogue,,https://db-engines.com/en/ranking/
355,M,Meilisearch Vector Store,Vector / similarity,,Vector database / vector-capable data system,Self-managed or varies,,,,,,,Not populated: no comparable global database-by-country usage table verified for the full catalogue,Not populated: no robust per-database gender cross-tab verified for the full catalogue,,https://db-engines.com/en/ranking/
356,M,Memcached,Key-value / in-memory,,Database engine / DBMS,Self-managed or varies,,,,,,,Not populated: no comparable global database-by-country usage table verified for the full catalogue,Not populated: no robust per-database gender cross-tab verified for the full catalogue,,https://en.wikipedia.org/wiki/List_of_in-memory_databases
357,M,Memgraph,Graph,,Database engine / DBMS,Self-managed or varies,,,,,,,Not populated: no comparable global database-by-country usage table verified for the full catalogue,Not populated: no robust per-database gender cross-tab verified for the full catalogue,,https://db-engines.com/en/ranking/
358,M,Memgraph Cloud,Graph,,Database engine / DBMS,Self-managed or varies,,,,,,,Not populated: no comparable global database-by-country usage table verified for the full catalogue,Not populated: no robust per-database gender cross-tab verified for the full catalogue,,https://db-engines.com/en/ranking/
359,M,Memgraph KV Layer,Key-value / in-memory,,Database engine / DBMS,Self-managed or varies,,,,,,,Not populated: no comparable global database-by-country usage table verified for the full catalogue,Not populated: no robust per-database gender cross-tab verified for the full catalogue,,https://en.wikipedia.org/wiki/List_of_in-memory_databases
360,M,Memgraph Lab,Graph,,Database engine / DBMS,Self-managed or varies,,,,,,,Not populated: no comparable global database-by-country usage table verified for the full catalogue,Not populated: no robust per-database gender cross-tab verified for the full catalogue,,https://db-engines.com/en/ranking/
361,M,MemSQL,Relational / SQL,,Database engine / DBMS,Self-managed or varies,,,,,,,Not populated: no comparable global database-by-country usage table verified for the full catalogue,Not populated: no robust per-database gender cross-tab verified for the full catalogue,,https://en.wikipedia.org/wiki/List_of_relational_database_management_systems
362,M,Metaphactory,RDF / semantic graph,,Database engine / DBMS,Self-managed or varies,,,,,,,Not populated: no comparable global database-by-country usage table verified for the full catalogue,Not populated: no robust per-database gender cross-tab verified for the full catalogue,,https://db-engines.com/en/ranking/
363,M,Microsoft Access,Relational / SQL,,Database engine / DBMS,Self-managed or varies,,16,4.8,17,63.0,Relational,Not populated: no comparable global database-by-country usage table verified for the full catalogue,Not populated: no robust per-database gender cross-tab verified for the full catalogue,,https://en.wikipedia.org/wiki/List_of_relational_database_management_systems
364,M,Microsoft Active Directory,Object / XML / multivalue / specialty,,Database engine / DBMS,Self-managed or varies,,,,,,,Not populated: no comparable global database-by-country usage table verified for the full catalogue,Not populated: no robust per-database gender cross-tab verified for the full catalogue,,https://en.wikipedia.org/wiki/Comparison_of_object_database_management_systems
365,M,Microsoft Fabric Warehouse,Analytical / warehouse / lakehouse,,Analytical data platform / warehouse,Self-managed or varies,,,,,,,Not populated: no comparable global database-by-country usage table verified for the full catalogue,Not populated: no robust per-database gender cross-tab verified for the full catalogue,,https://db-engines.com/en/ranking/
366,M,Microsoft SQL Server,Relational / SQL,,Database engine / DBMS,Self-managed or varies,,4,30.1,3,698.69,Relational / multi-model,Not populated: no comparable global database-by-country usage table verified for the full catalogue,Not populated: no robust per-database gender cross-tab verified for the full catalogue,,https://en.wikipedia.org/wiki/List_of_relational_database_management_systems
367,M,Microsoft SQL Server Express,Relational / SQL,,Database engine / DBMS,Self-managed or varies,,,,,,,Not populated: no comparable global database-by-country usage table verified for the full catalogue,Not populated: no robust per-database gender cross-tab verified for the full catalogue,,https://en.wikipedia.org/wiki/List_of_relational_database_management_systems
368,M,Microsoft Trinity,Graph,,Database engine / DBMS,Self-managed or varies,,,,,,,Not populated: no comparable global database-by-country usage table verified for the full catalogue,Not populated: no robust per-database gender cross-tab verified for the full catalogue,,https://db-engines.com/en/ranking/
369,M,Microsoft Visual FoxPro,Relational / SQL,,Database engine / DBMS,Self-managed or varies,,,,,,,Not populated: no comparable global database-by-country usage table verified for the full catalogue,Not populated: no robust per-database gender cross-tab verified for the full catalogue,,https://en.wikipedia.org/wiki/List_of_relational_database_management_systems
370,M,Milvus,Vector / similarity,,Vector database / vector-capable data system,Self-managed or varies,,,,,,,Not populated: no comparable global database-by-country usage table verified for the full catalogue,Not populated: no robust per-database gender cross-tab verified for the full catalogue,,https://db-engines.com/en/ranking/
371,M,Milvus Lite,Vector / similarity,,Vector database / vector-capable data system,Self-managed or varies,,,,,,,Not populated: no comparable global database-by-country usage table verified for the full catalogue,Not populated: no robust per-database gender cross-tab verified for the full catalogue,,https://db-engines.com/en/ranking/
372,M,Mimer SQL,Relational / SQL,,Database engine / DBMS,Self-managed or varies,,,,,,,Not populated: no comparable global database-by-country usage table verified for the full catalogue,Not populated: no robust per-database gender cross-tab verified for the full catalogue,,https://en.wikipedia.org/wiki/List_of_relational_database_management_systems
373,M,MonetDB,Relational / SQL,,Database engine / DBMS,Self-managed or varies,,,,,,,Not populated: no comparable global database-by-country usage table verified for the full catalogue,Not populated: no robust per-database gender cross-tab verified for the full catalogue,,https://en.wikipedia.org/wiki/List_of_relational_database_management_systems
374,M,MonetDB Time-series,Time series,,Database engine / DBMS,Self-managed or varies,,,,,,,Not populated: no comparable global database-by-country usage table verified for the full catalogue,Not populated: no robust per-database gender cross-tab verified for the full catalogue,,https://db-engines.com/en/ranking/
375,M,MonetDB/XQuery,Object / XML / multivalue / specialty,,Database engine / DBMS,Self-managed or varies,,,,,,,Not populated: no comparable global database-by-country usage table verified for the full catalogue,Not populated: no robust per-database gender cross-tab verified for the full catalogue,,https://en.wikipedia.org/wiki/Comparison_of_object_database_management_systems
376,M,MonetDBLite,Wide-column / columnar,,Database engine / DBMS,Self-managed or varies,,,,,,,Not populated: no comparable global database-by-country usage table verified for the full catalogue,Not populated: no robust per-database gender cross-tab verified for the full catalogue,,https://en.wikipedia.org/wiki/List_of_column-oriented_DBMSes
377,M,MongoDB,Document,,Database engine / DBMS,Self-managed or varies,,6,24.0,5,381.31,Document / multi-model,Not populated: no comparable global database-by-country usage table verified for the full catalogue,Not populated: no robust per-database gender cross-tab verified for the full catalogue,,https://en.wikipedia.org/wiki/Document-oriented_database
378,M,MongoDB Atlas,Managed developer data platform,,Managed developer data platform,Managed cloud,MongoDB,,,,,,Not populated: no comparable global database-by-country usage table verified for the full catalogue,Not populated: no robust per-database gender cross-tab verified for the full catalogue,"Managed MongoDB service across AWS, Azure and Google Cloud.",https://www.mongodb.com/docs/atlas/
379,M,MongoDB Atlas Search,Search / indexing,,Search engine / search database,Self-managed or varies,,,,,,,Not populated: no comparable global database-by-country usage table verified for the full catalogue,Not populated: no robust per-database gender cross-tab verified for the full catalogue,,https://db-engines.com/en/ranking/
380,M,MongoDB Atlas Vector Search,Vector / similarity,,Vector database / vector-capable data system,Self-managed or varies,,,,,,,Not populated: no comparable global database-by-country usage table verified for the full catalogue,Not populated: no robust per-database gender cross-tab verified for the full catalogue,,https://db-engines.com/en/ranking/
381,M,MongoDB Community Server,Document,,Database engine / DBMS,Self-managed or varies,,,,,,,Not populated: no comparable global database-by-country usage table verified for the full catalogue,Not populated: no robust per-database gender cross-tab verified for the full catalogue,,https://en.wikipedia.org/wiki/Document-oriented_database
382,M,MongoDB Enterprise Server,Document,,Database engine / DBMS,Self-managed or varies,,,,,,,Not populated: no comparable global database-by-country usage table verified for the full catalogue,Not populated: no robust per-database gender cross-tab verified for the full catalogue,,https://en.wikipedia.org/wiki/Document-oriented_database
383,M,MongoDB Realm Object Store,Object / XML / multivalue / specialty,,Database engine / DBMS,Self-managed or varies,,,,,,,Not populated: no comparable global database-by-country usage table verified for the full catalogue,Not populated: no robust per-database gender cross-tab verified for the full catalogue,,https://en.wikipedia.org/wiki/Comparison_of_object_database_management_systems
384,M,MongoLite,Document,,Database engine / DBMS,Self-managed or varies,,,,,,,Not populated: no comparable global database-by-country usage table verified for the full catalogue,Not populated: no robust per-database gender cross-tab verified for the full catalogue,,https://en.wikipedia.org/wiki/Document-oriented_database
385,M,MotherDuck,Analytical / warehouse / lakehouse,,Analytical data platform / warehouse,Self-managed or varies,,,,,,,Not populated: no comparable global database-by-country usage table verified for the full catalogue,Not populated: no robust per-database gender cross-tab verified for the full catalogue,,https://db-engines.com/en/ranking/
386,M,mSQL,Relational / SQL,,Database engine / DBMS,Self-managed or varies,,,,,,,Not populated: no comparable global database-by-country usage table verified for the full catalogue,Not populated: no robust per-database gender cross-tab verified for the full catalogue,,https://en.wikipedia.org/wiki/List_of_relational_database_management_systems
387,M,Mulgara,RDF / semantic graph,,Database engine / DBMS,Self-managed or varies,,,,,,,Not populated: no comparable global database-by-country usage table verified for the full catalogue,Not populated: no robust per-database gender cross-tab verified for the full catalogue,,https://db-engines.com/en/ranking/
388,M,MUMPS,Object / XML / multivalue / specialty,,Database engine / DBMS,Self-managed or varies,,,,,,,Not populated: no comparable global database-by-country usage table verified for the full catalogue,Not populated: no robust per-database gender cross-tab verified for the full catalogue,,https://en.wikipedia.org/wiki/Comparison_of_object_database_management_systems
389,M,MUMPS / M Database,Document,,Database engine / DBMS,Self-managed or varies,,,,,,,Not populated: no comparable global database-by-country usage table verified for the full catalogue,Not populated: no robust per-database gender cross-tab verified for the full catalogue,,https://en.wikipedia.org/wiki/Document-oriented_database
390,M,mvBase,Object / XML / multivalue / specialty,,Database engine / DBMS,Self-managed or varies,,,,,,,Not populated: no comparable global database-by-country usage table verified for the full catalogue,Not populated: no robust per-database gender cross-tab verified for the full catalogue,,https://en.wikipedia.org/wiki/Comparison_of_object_database_management_systems
391,M,MySQL,Relational / SQL,,Database engine / DBMS,Self-managed or varies,,2,40.5,2,844.82,Relational / multi-model,Not populated: no comparable global database-by-country usage table verified for the full catalogue,Not populated: no robust per-database gender cross-tab verified for the full catalogue,,https://en.wikipedia.org/wiki/List_of_relational_database_management_systems
392,N,NATS JetStream,Object / XML / multivalue / specialty,,Database engine / DBMS,Self-managed or varies,,,,,,,Not populated: no comparable global database-by-country usage table verified for the full catalogue,Not populated: no robust per-database gender cross-tab verified for the full catalogue,,https://en.wikipedia.org/wiki/Comparison_of_object_database_management_systems
393,N,NebulaGraph,Graph,,Database engine / DBMS,Self-managed or varies,,,,,,,Not populated: no comparable global database-by-country usage table verified for the full catalogue,Not populated: no robust per-database gender cross-tab verified for the full catalogue,,https://db-engines.com/en/ranking/
394,N,NeDB,Document,,Database engine / DBMS,Self-managed or varies,,,,,,,Not populated: no comparable global database-by-country usage table verified for the full catalogue,Not populated: no robust per-database gender cross-tab verified for the full catalogue,,https://en.wikipedia.org/wiki/Document-oriented_database
395,N,Neo4j,Graph,,Database engine / DBMS,Self-managed or varies,,,,20,47.17,Graph,Not populated: no comparable global database-by-country usage table verified for the full catalogue,Not populated: no robust per-database gender cross-tab verified for the full catalogue,,https://db-engines.com/en/ranking/
396,N,Neo4j Aura,Developer data platform / BaaS,,Managed developer data platform,Managed cloud / developer platform,,,,,,,Not populated: no comparable global database-by-country usage table verified for the full catalogue,Not populated: no robust per-database gender cross-tab verified for the full catalogue,Platform or managed service rather than a standalone database engine.,https://db-engines.com/en/ranking/
397,N,Neo4j AuraDB,Graph,,Database engine / DBMS,Self-managed or varies,,,,,,,Not populated: no comparable global database-by-country usage table verified for the full catalogue,Not populated: no robust per-database gender cross-tab verified for the full catalogue,,https://db-engines.com/en/ranking/
398,N,Neo4j Vector Index,Vector / similarity,,Vector database / vector-capable data system,Self-managed or varies,,,,,,,Not populated: no comparable global database-by-country usage table verified for the full catalogue,Not populated: no robust per-database gender cross-tab verified for the full catalogue,,https://db-engines.com/en/ranking/
399,N,Neon,Developer data platform / PostgreSQL,,Managed developer data platform,Managed cloud,Neon,,,,,,Not populated: no comparable global database-by-country usage table verified for the full catalogue,Not populated: no robust per-database gender cross-tab verified for the full catalogue,Serverless Postgres platform with database branching.,https://neon.com/docs/get-started-with-neon/workflow-primer
400,N,Neon Postgres,Relational / PostgreSQL,,Managed database service,Managed cloud,Neon,,,,,,Not populated: no comparable global database-by-country usage table verified for the full catalogue,Not populated: no robust per-database gender cross-tab verified for the full catalogue,Managed/serverless Postgres database.,https://neon.com/docs/get-started-with-neon/workflow-primer
401,N,Netezza,Relational / SQL,,Database engine / DBMS,Self-managed or varies,,,,,,,Not populated: no comparable global database-by-country usage table verified for the full catalogue,Not populated: no robust per-database gender cross-tab verified for the full catalogue,,https://en.wikipedia.org/wiki/List_of_relational_database_management_systems
402,N,Netlify DB,Developer data platform / BaaS,,Managed developer data platform,Managed cloud / developer platform,,,,,,,Not populated: no comparable global database-by-country usage table verified for the full catalogue,Not populated: no robust per-database gender cross-tab verified for the full catalogue,Platform or managed service rather than a standalone database engine.,https://db-engines.com/en/ranking/
403,N,Newts,Time series,,Database engine / DBMS,Self-managed or varies,,,,,,,Not populated: no comparable global database-by-country usage table verified for the full catalogue,Not populated: no robust per-database gender cross-tab verified for the full catalogue,,https://db-engines.com/en/ranking/
404,N,NexusDB,Relational / SQL,,Database engine / DBMS,Self-managed or varies,,,,,,,Not populated: no comparable global database-by-country usage table verified for the full catalogue,Not populated: no robust per-database gender cross-tab verified for the full catalogue,,https://en.wikipedia.org/wiki/List_of_relational_database_management_systems
405,N,Nhost,Developer data platform / BaaS,,Managed developer data platform,Managed cloud / developer platform,,,,,,,Not populated: no comparable global database-by-country usage table verified for the full catalogue,Not populated: no robust per-database gender cross-tab verified for the full catalogue,Platform or managed service rather than a standalone database engine.,https://db-engines.com/en/ranking/
406,N,Nitrite,Document,,Database engine / DBMS,Self-managed or varies,,,,,,,Not populated: no comparable global database-by-country usage table verified for the full catalogue,Not populated: no robust per-database gender cross-tab verified for the full catalogue,,https://en.wikipedia.org/wiki/Document-oriented_database
407,N,NonStop SQL,Relational / SQL,,Database engine / DBMS,Self-managed or varies,,,,,,,Not populated: no comparable global database-by-country usage table verified for the full catalogue,Not populated: no robust per-database gender cross-tab verified for the full catalogue,,https://en.wikipedia.org/wiki/List_of_relational_database_management_systems
408,N,NuoDB,Relational / SQL,,Database engine / DBMS,Self-managed or varies,,,,,,,Not populated: no comparable global database-by-country usage table verified for the full catalogue,Not populated: no robust per-database gender cross-tab verified for the full catalogue,,https://en.wikipedia.org/wiki/List_of_relational_database_management_systems
409,O,ObjectBox,Document,,Database engine / DBMS,Self-managed or varies,,,,,,,Not populated: no comparable global database-by-country usage table verified for the full catalogue,Not populated: no robust per-database gender cross-tab verified for the full catalogue,,https://en.wikipedia.org/wiki/Document-oriented_database
410,O,ObjectBox Vector Search,Vector / similarity,,Vector database / vector-capable data system,Self-managed or varies,,,,,,,Not populated: no comparable global database-by-country usage table verified for the full catalogue,Not populated: no robust per-database gender cross-tab verified for the full catalogue,,https://db-engines.com/en/ranking/
411,O,ObjectDatabase++,Object / XML / multivalue / specialty,,Database engine / DBMS,Self-managed or varies,,,,,,,Not populated: no comparable global database-by-country usage table verified for the full catalogue,Not populated: no robust per-database gender cross-tab verified for the full catalogue,,https://en.wikipedia.org/wiki/Comparison_of_object_database_management_systems
412,O,ObjectDB,Object / XML / multivalue / specialty,,Database engine / DBMS,Self-managed or varies,,,,,,,Not populated: no comparable global database-by-country usage table verified for the full catalogue,Not populated: no robust per-database gender cross-tab verified for the full catalogue,,https://en.wikipedia.org/wiki/Comparison_of_object_database_management_systems
413,O,Objectivity/DB,Object / XML / multivalue / specialty,,Database engine / DBMS,Self-managed or varies,,,,,,,Not populated: no comparable global database-by-country usage table verified for the full catalogue,Not populated: no robust per-database gender cross-tab verified for the full catalogue,,https://en.wikipedia.org/wiki/Comparison_of_object_database_management_systems
414,O,Objectivity/DB Graph,Graph,,Database engine / DBMS,Self-managed or varies,,,,,,,Not populated: no comparable global database-by-country usage table verified for the full catalogue,Not populated: no robust per-database gender cross-tab verified for the full catalogue,,https://db-engines.com/en/ranking/
415,O,ObjectStore,Object / XML / multivalue / specialty,,Database engine / DBMS,Self-managed or varies,,,,,,,Not populated: no comparable global database-by-country usage table verified for the full catalogue,Not populated: no robust per-database gender cross-tab verified for the full catalogue,,https://en.wikipedia.org/wiki/Comparison_of_object_database_management_systems
416,O,OceanBase,Relational / SQL,,Database engine / DBMS,Self-managed or varies,,,,,,,Not populated: no comparable global database-by-country usage table verified for the full catalogue,Not populated: no robust per-database gender cross-tab verified for the full catalogue,,https://en.wikipedia.org/wiki/List_of_relational_database_management_systems
417,O,Ocient,Analytical / warehouse / lakehouse,,Analytical data platform / warehouse,Self-managed or varies,,,,,,,Not populated: no comparable global database-by-country usage table verified for the full catalogue,Not populated: no robust per-database gender cross-tab verified for the full catalogue,,https://db-engines.com/en/ranking/
418,O,ODABA,Object / XML / multivalue / specialty,,Database engine / DBMS,Self-managed or varies,,,,,,,Not populated: no comparable global database-by-country usage table verified for the full catalogue,Not populated: no robust per-database gender cross-tab verified for the full catalogue,,https://en.wikipedia.org/wiki/Comparison_of_object_database_management_systems
419,O,Omnis Studio,Relational / SQL,,Database engine / DBMS,Self-managed or varies,,,,,,,Not populated: no comparable global database-by-country usage table verified for the full catalogue,Not populated: no robust per-database gender cross-tab verified for the full catalogue,,https://en.wikipedia.org/wiki/List_of_relational_database_management_systems
420,O,Ontotext GraphDB,RDF / semantic graph,,Database engine / DBMS,Self-managed or varies,,,,,,,Not populated: no comparable global database-by-country usage table verified for the full catalogue,Not populated: no robust per-database gender cross-tab verified for the full catalogue,,https://db-engines.com/en/ranking/
421,O,OpenAccess,Object / XML / multivalue / specialty,,Database engine / DBMS,Self-managed or varies,,,,,,,Not populated: no comparable global database-by-country usage table verified for the full catalogue,Not populated: no robust per-database gender cross-tab verified for the full catalogue,,https://en.wikipedia.org/wiki/Comparison_of_object_database_management_systems
422,O,openGauss,Relational / SQL,,Database engine / DBMS,Self-managed or varies,,,,,,,Not populated: no comparable global database-by-country usage table verified for the full catalogue,Not populated: no robust per-database gender cross-tab verified for the full catalogue,,https://en.wikipedia.org/wiki/List_of_relational_database_management_systems
423,O,OpenHistorian,Time series,,Database engine / DBMS,Self-managed or varies,,,,,,,Not populated: no comparable global database-by-country usage table verified for the full catalogue,Not populated: no robust per-database gender cross-tab verified for the full catalogue,,https://db-engines.com/en/ranking/
424,O,OpenLDAP,Object / XML / multivalue / specialty,,Database engine / DBMS,Self-managed or varies,,,,,,,Not populated: no comparable global database-by-country usage table verified for the full catalogue,Not populated: no robust per-database gender cross-tab verified for the full catalogue,,https://en.wikipedia.org/wiki/Comparison_of_object_database_management_systems
425,O,OpenLink Virtuoso,Relational / SQL,,Database engine / DBMS,Self-managed or varies,,,,,,,Not populated: no comparable global database-by-country usage table verified for the full catalogue,Not populated: no robust per-database gender cross-tab verified for the full catalogue,,https://en.wikipedia.org/wiki/List_of_relational_database_management_systems
426,O,OpenLink Virtuoso RDF,RDF / semantic graph,,Database engine / DBMS,Self-managed or varies,,,,,,,Not populated: no comparable global database-by-country usage table verified for the full catalogue,Not populated: no robust per-database gender cross-tab verified for the full catalogue,,https://db-engines.com/en/ranking/
427,O,OpenQM,Object / XML / multivalue / specialty,,Database engine / DBMS,Self-managed or varies,,,,,,,Not populated: no comparable global database-by-country usage table verified for the full catalogue,Not populated: no robust per-database gender cross-tab verified for the full catalogue,,https://en.wikipedia.org/wiki/Comparison_of_object_database_management_systems
428,O,OpenSearch,Search / indexing,,Search engine / search database,Self-managed or varies,,,,,,,Not populated: no comparable global database-by-country usage table verified for the full catalogue,Not populated: no robust per-database gender cross-tab verified for the full catalogue,,https://db-engines.com/en/ranking/
429,O,OpenSearch Vector Engine,Vector / similarity,,Vector database / vector-capable data system,Self-managed or varies,,,,,,,Not populated: no comparable global database-by-country usage table verified for the full catalogue,Not populated: no robust per-database gender cross-tab verified for the full catalogue,,https://db-engines.com/en/ranking/
430,O,OpenTSDB,Time series,,Database engine / DBMS,Self-managed or varies,,,,,,,Not populated: no comparable global database-by-country usage table verified for the full catalogue,Not populated: no robust per-database gender cross-tab verified for the full catalogue,,https://db-engines.com/en/ranking/
431,O,Oracle AI Vector Search,Vector / similarity,,Vector database / vector-capable data system,Self-managed or varies,,,,,,,Not populated: no comparable global database-by-country usage table verified for the full catalogue,Not populated: no robust per-database gender cross-tab verified for the full catalogue,,https://db-engines.com/en/ranking/
432,O,Oracle Autonomous Data Warehouse,Analytical / warehouse / lakehouse,,Analytical data platform / warehouse,Self-managed or varies,,,,,,,Not populated: no comparable global database-by-country usage table verified for the full catalogue,Not populated: no robust per-database gender cross-tab verified for the full catalogue,,https://db-engines.com/en/ranking/
433,O,Oracle Autonomous Database,Relational / SQL,,Managed database service,Managed cloud,,,,,,,Not populated: no comparable global database-by-country usage table verified for the full catalogue,Not populated: no robust per-database gender cross-tab verified for the full catalogue,Managed service; underlying engine may be separately listed.,https://db-engines.com/en/ranking/
434,O,Oracle Coherence,Key-value / in-memory,,Database engine / DBMS,Self-managed or varies,,,,,,,Not populated: no comparable global database-by-country usage table verified for the full catalogue,Not populated: no robust per-database gender cross-tab verified for the full catalogue,,https://en.wikipedia.org/wiki/List_of_in-memory_databases
435,O,Oracle Database,Relational / SQL,,Database engine / DBMS,Self-managed or varies,,9,10.6,1,1122.27,Relational / multi-model,Not populated: no comparable global database-by-country usage table verified for the full catalogue,Not populated: no robust per-database gender cross-tab verified for the full catalogue,,https://en.wikipedia.org/wiki/List_of_relational_database_management_systems
436,O,Oracle Internet Directory,Object / XML / multivalue / specialty,,Database engine / DBMS,Self-managed or varies,,,,,,,Not populated: no comparable global database-by-country usage table verified for the full catalogue,Not populated: no robust per-database gender cross-tab verified for the full catalogue,,https://en.wikipedia.org/wiki/Comparison_of_object_database_management_systems
437,O,Oracle NoSQL Database Cloud Service,Cloud managed database,,Managed cloud database service,Managed cloud,,,,,,,Not populated: no comparable global database-by-country usage table verified for the full catalogue,Not populated: no robust per-database gender cross-tab verified for the full catalogue,,https://db-engines.com/en/ranking/
438,O,Oracle Rdb,Relational / SQL,,Database engine / DBMS,Self-managed or varies,,,,,,,Not populated: no comparable global database-by-country usage table verified for the full catalogue,Not populated: no robust per-database gender cross-tab verified for the full catalogue,,https://en.wikipedia.org/wiki/List_of_relational_database_management_systems
439,O,Oracle RDF Graph,RDF / semantic graph,,Database engine / DBMS,Self-managed or varies,,,,,,,Not populated: no comparable global database-by-country usage table verified for the full catalogue,Not populated: no robust per-database gender cross-tab verified for the full catalogue,,https://db-engines.com/en/ranking/
440,O,Oracle Spatial and Graph,Graph,,Database engine / DBMS,Self-managed or varies,,,,,,,Not populated: no comparable global database-by-country usage table verified for the full catalogue,Not populated: no robust per-database gender cross-tab verified for the full catalogue,,https://db-engines.com/en/ranking/
441,O,Oracle XML DB,Object / XML / multivalue / specialty,,Database engine / DBMS,Self-managed or varies,,,,,,,Not populated: no comparable global database-by-country usage table verified for the full catalogue,Not populated: no robust per-database gender cross-tab verified for the full catalogue,,https://en.wikipedia.org/wiki/Comparison_of_object_database_management_systems
442,O,OrientDB,Document,,Database engine / DBMS,Self-managed or varies,,,,,,,Not populated: no comparable global database-by-country usage table verified for the full catalogue,Not populated: no robust per-database gender cross-tab verified for the full catalogue,,https://en.wikipedia.org/wiki/Document-oriented_database
443,O,Oxigraph,RDF / semantic graph,,Database engine / DBMS,Self-managed or varies,,,,,,,Not populated: no comparable global database-by-country usage table verified for the full catalogue,Not populated: no robust per-database gender cross-tab verified for the full catalogue,,https://db-engines.com/en/ranking/
444,P,Panorama,Relational / SQL,,Database engine / DBMS,Self-managed or varies,,,,,,,Not populated: no comparable global database-by-country usage table verified for the full catalogue,Not populated: no robust per-database gender cross-tab verified for the full catalogue,,https://en.wikipedia.org/wiki/List_of_relational_database_management_systems
445,P,Paradox,Relational / SQL,,Database engine / DBMS,Self-managed or varies,,,,,,,Not populated: no comparable global database-by-country usage table verified for the full catalogue,Not populated: no robust per-database gender cross-tab verified for the full catalogue,,https://en.wikipedia.org/wiki/List_of_relational_database_management_systems
446,P,Parliament,RDF / semantic graph,,Database engine / DBMS,Self-managed or varies,,,,,,,Not populated: no comparable global database-by-country usage table verified for the full catalogue,Not populated: no robust per-database gender cross-tab verified for the full catalogue,,https://db-engines.com/en/ranking/
447,P,Pebble,Key-value / in-memory,,Database engine / DBMS,Self-managed or varies,,,,,,,Not populated: no comparable global database-by-country usage table verified for the full catalogue,Not populated: no robust per-database gender cross-tab verified for the full catalogue,,https://en.wikipedia.org/wiki/List_of_in-memory_databases
448,P,Percona Server for MySQL,Relational / SQL,,Database engine / DBMS,Self-managed or varies,,,,,,,Not populated: no comparable global database-by-country usage table verified for the full catalogue,Not populated: no robust per-database gender cross-tab verified for the full catalogue,,https://en.wikipedia.org/wiki/List_of_relational_database_management_systems
449,P,Percona XtraDB Cluster,Relational / SQL,,Database engine / DBMS,Self-managed or varies,,,,,,,Not populated: no comparable global database-by-country usage table verified for the full catalogue,Not populated: no robust per-database gender cross-tab verified for the full catalogue,,https://en.wikipedia.org/wiki/List_of_relational_database_management_systems
450,P,Persevere,Document,,Database engine / DBMS,Self-managed or varies,,,,,,,Not populated: no comparable global database-by-country usage table verified for the full catalogue,Not populated: no robust per-database gender cross-tab verified for the full catalogue,,https://en.wikipedia.org/wiki/Document-oriented_database
451,P,Perst,Object / XML / multivalue / specialty,,Database engine / DBMS,Self-managed or varies,,,,,,,Not populated: no comparable global database-by-country usage table verified for the full catalogue,Not populated: no robust per-database gender cross-tab verified for the full catalogue,,https://en.wikipedia.org/wiki/Comparison_of_object_database_management_systems
452,P,PGlite,Embedded / local / edge,,Embedded / local database,Embedded / local / edge,,,,,,,Not populated: no comparable global database-by-country usage table verified for the full catalogue,Not populated: no robust per-database gender cross-tab verified for the full catalogue,,https://db-engines.com/en/ranking/
453,P,PI System,Time series,,Database engine / DBMS,Self-managed or varies,,,,,,,Not populated: no comparable global database-by-country usage table verified for the full catalogue,Not populated: no robust per-database gender cross-tab verified for the full catalogue,,https://db-engines.com/en/ranking/
454,P,Pick Database,Object / XML / multivalue / specialty,,Database engine / DBMS,Self-managed or varies,,,,,,,Not populated: no comparable global database-by-country usage table verified for the full catalogue,Not populated: no robust per-database gender cross-tab verified for the full catalogue,,https://en.wikipedia.org/wiki/Comparison_of_object_database_management_systems
455,P,Picolisp Database,Object / XML / multivalue / specialty,,Database engine / DBMS,Self-managed or varies,,,,,,,Not populated: no comparable global database-by-country usage table verified for the full catalogue,Not populated: no robust per-database gender cross-tab verified for the full catalogue,,https://en.wikipedia.org/wiki/Comparison_of_object_database_management_systems
456,P,Pinecone,Vector / similarity,,Vector database / vector-capable data system,Self-managed or varies,,,,,,,Not populated: no comparable global database-by-country usage table verified for the full catalogue,Not populated: no robust per-database gender cross-tab verified for the full catalogue,,https://db-engines.com/en/ranking/
457,P,Pinecone Serverless,Developer data platform / BaaS,,Managed developer data platform,Managed cloud / developer platform,,,,,,,Not populated: no comparable global database-by-country usage table verified for the full catalogue,Not populated: no robust per-database gender cross-tab verified for the full catalogue,Platform or managed service rather than a standalone database engine.,https://db-engines.com/en/ranking/
458,P,Pinot,Time series,,Database engine / DBMS,Self-managed or varies,,,,,,,Not populated: no comparable global database-by-country usage table verified for the full catalogue,Not populated: no robust per-database gender cross-tab verified for the full catalogue,,https://db-engines.com/en/ranking/
459,P,PlanetScale,Developer database platform,,Managed developer data platform,Managed cloud,PlanetScale,,,,,,Not populated: no comparable global database-by-country usage table verified for the full catalogue,Not populated: no robust per-database gender cross-tab verified for the full catalogue,"Managed relational platform offering PostgreSQL, Vitess and Neki.",https://planetscale.com/features
460,P,PlanetScale Neki,Distributed relational,,Managed database service,Managed cloud,PlanetScale,,,,,,Not populated: no comparable global database-by-country usage table verified for the full catalogue,Not populated: no robust per-database gender cross-tab verified for the full catalogue,PlanetScale distributed/sharded relational database offering.,https://planetscale.com/features
461,P,PlanetScale Postgres,Relational / PostgreSQL,,Managed database service,Managed cloud,PlanetScale,,,,,,Not populated: no comparable global database-by-country usage table verified for the full catalogue,Not populated: no robust per-database gender cross-tab verified for the full catalogue,PlanetScale managed PostgreSQL offering.,https://planetscale.com/features
462,P,PlanetScale Vitess,Relational / MySQL-compatible,,Managed database service,Managed cloud,PlanetScale,,,,,,Not populated: no comparable global database-by-country usage table verified for the full catalogue,Not populated: no robust per-database gender cross-tab verified for the full catalogue,Managed Vitess / MySQL-compatible database platform.,https://planetscale.com/features
463,P,PocketBase,Embedded SQLite backend,,Managed developer data platform,Self-hosted,PocketBase,,,,,,Not populated: no comparable global database-by-country usage table verified for the full catalogue,Not populated: no robust per-database gender cross-tab verified for the full catalogue,"Open-source backend built around embedded SQLite, realtime subscriptions and auth.",https://pocketbase.io/docs/
464,P,PointBase,Relational / SQL,,Database engine / DBMS,Self-managed or varies,,,,,,,Not populated: no comparable global database-by-country usage table verified for the full catalogue,Not populated: no robust per-database gender cross-tab verified for the full catalogue,,https://en.wikipedia.org/wiki/List_of_relational_database_management_systems
465,P,PolarDB,Relational / SQL,,Database engine / DBMS,Self-managed or varies,,,,,,,Not populated: no comparable global database-by-country usage table verified for the full catalogue,Not populated: no robust per-database gender cross-tab verified for the full catalogue,,https://en.wikipedia.org/wiki/List_of_relational_database_management_systems
466,P,Polyhedra,Relational / SQL,,Database engine / DBMS,Self-managed or varies,,,,,,,Not populated: no comparable global database-by-country usage table verified for the full catalogue,Not populated: no robust per-database gender cross-tab verified for the full catalogue,,https://en.wikipedia.org/wiki/List_of_relational_database_management_systems
467,P,Postgres Pro,Relational / SQL,,Database engine / DBMS,Self-managed or varies,,,,,,,Not populated: no comparable global database-by-country usage table verified for the full catalogue,Not populated: no robust per-database gender cross-tab verified for the full catalogue,,https://en.wikipedia.org/wiki/List_of_relational_database_management_systems
468,P,PostgreSQL,Relational / SQL,,Database engine / DBMS,Self-managed or varies,,1,55.6,4,683.26,Relational / multi-model,Not populated: no comparable global database-by-country usage table verified for the full catalogue,Not populated: no robust per-database gender cross-tab verified for the full catalogue,,https://en.wikipedia.org/wiki/List_of_relational_database_management_systems
469,P,PostgreSQL + pgvector,Vector / similarity,,Vector database / vector-capable data system,Self-managed or varies,,,,,,,Not populated: no comparable global database-by-country usage table verified for the full catalogue,Not populated: no robust per-database gender cross-tab verified for the full catalogue,,https://db-engines.com/en/ranking/
470,P,PouchDB,Document,,Database engine / DBMS,Self-managed or varies,,,,,,,Not populated: no comparable global database-by-country usage table verified for the full catalogue,Not populated: no robust per-database gender cross-tab verified for the full catalogue,,https://en.wikipedia.org/wiki/Document-oriented_database
471,P,Presto,Analytical / warehouse / lakehouse,,Analytical data platform / warehouse,Self-managed or varies,,,,,,,Not populated: no comparable global database-by-country usage table verified for the full catalogue,Not populated: no robust per-database gender cross-tab verified for the full catalogue,,https://db-engines.com/en/ranking/
472,P,Prisma Postgres,Developer data platform / BaaS,,Managed developer data platform,Managed cloud / developer platform,,,,,,,Not populated: no comparable global database-by-country usage table verified for the full catalogue,Not populated: no robust per-database gender cross-tab verified for the full catalogue,Platform or managed service rather than a standalone database engine.,https://db-engines.com/en/ranking/
473,P,Progress OpenEdge,Relational / SQL,,Database engine / DBMS,Self-managed or varies,,,,,,,Not populated: no comparable global database-by-country usage table verified for the full catalogue,Not populated: no robust per-database gender cross-tab verified for the full catalogue,,https://en.wikipedia.org/wiki/List_of_relational_database_management_systems
474,P,Prometheus,Time series,,Database engine / DBMS,Self-managed or varies,,,,,,,Not populated: no comparable global database-by-country usage table verified for the full catalogue,Not populated: no robust per-database gender cross-tab verified for the full catalogue,,https://db-engines.com/en/ranking/
475,P,Promscale,Time series,,Database engine / DBMS,Self-managed or varies,,,,,,,Not populated: no comparable global database-by-country usage table verified for the full catalogue,Not populated: no robust per-database gender cross-tab verified for the full catalogue,,https://db-engines.com/en/ranking/
476,Q,Qdrant,Vector / similarity,,Vector database / vector-capable data system,Self-managed or varies,,,,,,,Not populated: no comparable global database-by-country usage table verified for the full catalogue,Not populated: no robust per-database gender cross-tab verified for the full catalogue,,https://db-engines.com/en/ranking/
477,Q,Qdrant Cloud,Vector / similarity,,Vector database / vector-capable data system,Self-managed or varies,,,,,,,Not populated: no comparable global database-by-country usage table verified for the full catalogue,Not populated: no robust per-database gender cross-tab verified for the full catalogue,,https://db-engines.com/en/ranking/
478,Q,Qizx,Object / XML / multivalue / specialty,,Database engine / DBMS,Self-managed or varies,,,,,,,Not populated: no comparable global database-by-country usage table verified for the full catalogue,Not populated: no robust per-database gender cross-tab verified for the full catalogue,,https://en.wikipedia.org/wiki/Comparison_of_object_database_management_systems
479,Q,QLever,RDF / semantic graph,,Database engine / DBMS,Self-managed or varies,,,,,,,Not populated: no comparable global database-by-country usage table verified for the full catalogue,Not populated: no robust per-database gender cross-tab verified for the full catalogue,,https://db-engines.com/en/ranking/
480,Q,QuestDB,Time series,,Database engine / DBMS,Self-managed or varies,,,,,,,Not populated: no comparable global database-by-country usage table verified for the full catalogue,Not populated: no robust per-database gender cross-tab verified for the full catalogue,,https://db-engines.com/en/ranking/
481,Q,QuestDB Cloud,Time series,,Database engine / DBMS,Self-managed or varies,,,,,,,Not populated: no comparable global database-by-country usage table verified for the full catalogue,Not populated: no robust per-database gender cross-tab verified for the full catalogue,,https://db-engines.com/en/ranking/
482,Q,QuestDB SQL,Relational / SQL,,Database engine / DBMS,Self-managed or varies,,,,,,,Not populated: no comparable global database-by-country usage table verified for the full catalogue,Not populated: no robust per-database gender cross-tab verified for the full catalogue,,https://en.wikipedia.org/wiki/List_of_relational_database_management_systems
483,Q,Quickwit,Search / indexing,,Search engine / search database,Self-managed or varies,,,,,,,Not populated: no comparable global database-by-country usage table verified for the full catalogue,Not populated: no robust per-database gender cross-tab verified for the full catalogue,,https://db-engines.com/en/ranking/
484,R,R:Base,Relational / SQL,,Database engine / DBMS,Self-managed or varies,,,,,,,Not populated: no comparable global database-by-country usage table verified for the full catalogue,Not populated: no robust per-database gender cross-tab verified for the full catalogue,,https://en.wikipedia.org/wiki/List_of_relational_database_management_systems
485,R,Railway,Developer data platform / BaaS,,Managed developer data platform,Managed cloud / developer platform,,,,,,,Not populated: no comparable global database-by-country usage table verified for the full catalogue,Not populated: no robust per-database gender cross-tab verified for the full catalogue,Platform or managed service rather than a standalone database engine.,https://db-engines.com/en/ranking/
486,R,Railway PostgreSQL,Relational / SQL,,Managed database service,Managed cloud,,,,,,,Not populated: no comparable global database-by-country usage table verified for the full catalogue,Not populated: no robust per-database gender cross-tab verified for the full catalogue,Managed service; underlying engine may be separately listed.,https://db-engines.com/en/ranking/
487,R,Raima Database Manager,Relational / SQL,,Database engine / DBMS,Self-managed or varies,,,,,,,Not populated: no comparable global database-by-country usage table verified for the full catalogue,Not populated: no robust per-database gender cross-tab verified for the full catalogue,,https://en.wikipedia.org/wiki/List_of_relational_database_management_systems
488,R,Raima RDM,Embedded / local / edge,,Embedded / local database,Embedded / local / edge,,,,,,,Not populated: no comparable global database-by-country usage table verified for the full catalogue,Not populated: no robust per-database gender cross-tab verified for the full catalogue,,https://db-engines.com/en/ranking/
489,R,RavenDB,Document,,Database engine / DBMS,Self-managed or varies,,,,,,,Not populated: no comparable global database-by-country usage table verified for the full catalogue,Not populated: no robust per-database gender cross-tab verified for the full catalogue,,https://en.wikipedia.org/wiki/Document-oriented_database
490,R,RDF-3X,RDF / semantic graph,,Database engine / DBMS,Self-managed or varies,,,,,,,Not populated: no comparable global database-by-country usage table verified for the full catalogue,Not populated: no robust per-database gender cross-tab verified for the full catalogue,,https://db-engines.com/en/ranking/
491,R,RDFox,RDF / semantic graph,,Database engine / DBMS,Self-managed or varies,,,,,,,Not populated: no comparable global database-by-country usage table verified for the full catalogue,Not populated: no robust per-database gender cross-tab verified for the full catalogue,,https://db-engines.com/en/ranking/
492,R,Reality,Object / XML / multivalue / specialty,,Database engine / DBMS,Self-managed or varies,,,,,,,Not populated: no comparable global database-by-country usage table verified for the full catalogue,Not populated: no robust per-database gender cross-tab verified for the full catalogue,,https://en.wikipedia.org/wiki/Comparison_of_object_database_management_systems
493,R,Realm Database,Document,,Database engine / DBMS,Self-managed or varies,,,,,,,Not populated: no comparable global database-by-country usage table verified for the full catalogue,Not populated: no robust per-database gender cross-tab verified for the full catalogue,,https://en.wikipedia.org/wiki/Document-oriented_database
494,R,Realm Mobile Database,Document,,Database engine / DBMS,Self-managed or varies,,,,,,,Not populated: no comparable global database-by-country usage table verified for the full catalogue,Not populated: no robust per-database gender cross-tab verified for the full catalogue,,https://en.wikipedia.org/wiki/Document-oriented_database
495,R,Redis,Key-value / in-memory,,Database engine / DBMS,Self-managed or varies,,5,28.0,8,158.06,Key-value / multi-model,Not populated: no comparable global database-by-country usage table verified for the full catalogue,Not populated: no robust per-database gender cross-tab verified for the full catalogue,,https://en.wikipedia.org/wiki/List_of_in-memory_databases
496,R,Redis Cloud,Developer data platform / BaaS,,Managed developer data platform,Managed cloud / developer platform,,,,,,,Not populated: no comparable global database-by-country usage table verified for the full catalogue,Not populated: no robust per-database gender cross-tab verified for the full catalogue,Platform or managed service rather than a standalone database engine.,https://db-engines.com/en/ranking/
497,R,Redis Enterprise,Key-value / in-memory,,Database engine / DBMS,Self-managed or varies,,,,,,,Not populated: no comparable global database-by-country usage table verified for the full catalogue,Not populated: no robust per-database gender cross-tab verified for the full catalogue,,https://en.wikipedia.org/wiki/List_of_in-memory_databases
498,R,Redis Open Source,Key-value / in-memory,,Database engine / DBMS,Self-managed or varies,,,,,,,Not populated: no comparable global database-by-country usage table verified for the full catalogue,Not populated: no robust per-database gender cross-tab verified for the full catalogue,,https://en.wikipedia.org/wiki/List_of_in-memory_databases
499,R,Redis Vector Search,Vector / similarity,,Vector database / vector-capable data system,Self-managed or varies,,,,,,,Not populated: no comparable global database-by-country usage table verified for the full catalogue,Not populated: no robust per-database gender cross-tab verified for the full catalogue,,https://db-engines.com/en/ranking/
500,R,RediSearch,Search / indexing,,Search engine / search database,Self-managed or varies,,,,,,,Not populated: no comparable global database-by-country usage table verified for the full catalogue,Not populated: no robust per-database gender cross-tab verified for the full catalogue,,https://db-engines.com/en/ranking/
501,R,RedisGraph,Graph,,Database engine / DBMS,Self-managed or varies,,,,,,,Not populated: no comparable global database-by-country usage table verified for the full catalogue,Not populated: no robust per-database gender cross-tab verified for the full catalogue,,https://db-engines.com/en/ranking/
502,R,Redland RDF,RDF / semantic graph,,Database engine / DBMS,Self-managed or varies,,,,,,,Not populated: no comparable global database-by-country usage table verified for the full catalogue,Not populated: no robust per-database gender cross-tab verified for the full catalogue,,https://db-engines.com/en/ranking/
503,R,Redpanda,Object / XML / multivalue / specialty,,Database engine / DBMS,Self-managed or varies,,,,,,,Not populated: no comparable global database-by-country usage table verified for the full catalogue,Not populated: no robust per-database gender cross-tab verified for the full catalogue,,https://en.wikipedia.org/wiki/Comparison_of_object_database_management_systems
504,R,Render,Developer data platform / BaaS,,Managed developer data platform,Managed cloud / developer platform,,,,,,,Not populated: no comparable global database-by-country usage table verified for the full catalogue,Not populated: no robust per-database gender cross-tab verified for the full catalogue,Platform or managed service rather than a standalone database engine.,https://db-engines.com/en/ranking/
505,R,Render PostgreSQL,Relational / SQL,,Managed database service,Managed cloud,,,,,,,Not populated: no comparable global database-by-country usage table verified for the full catalogue,Not populated: no robust per-database gender cross-tab verified for the full catalogue,Managed service; underlying engine may be separately listed.,https://db-engines.com/en/ranking/
506,R,RethinkDB,Relational / SQL,,Database engine / DBMS,Self-managed or varies,,,,,,,Not populated: no comparable global database-by-country usage table verified for the full catalogue,Not populated: no robust per-database gender cross-tab verified for the full catalogue,,https://en.wikipedia.org/wiki/List_of_relational_database_management_systems
507,R,Riak KV,Key-value / in-memory,,Database engine / DBMS,Self-managed or varies,,,,,,,Not populated: no comparable global database-by-country usage table verified for the full catalogue,Not populated: no robust per-database gender cross-tab verified for the full catalogue,,https://en.wikipedia.org/wiki/List_of_in-memory_databases
508,R,Riak TS,Time series,,Database engine / DBMS,Self-managed or varies,,,,,,,Not populated: no comparable global database-by-country usage table verified for the full catalogue,Not populated: no robust per-database gender cross-tab verified for the full catalogue,,https://db-engines.com/en/ranking/
509,R,RisingWave,Relational / SQL,,Database engine / DBMS,Self-managed or varies,,,,,,,Not populated: no comparable global database-by-country usage table verified for the full catalogue,Not populated: no robust per-database gender cross-tab verified for the full catalogue,,https://en.wikipedia.org/wiki/List_of_relational_database_management_systems
510,R,Rocket U2,Object / XML / multivalue / specialty,,Database engine / DBMS,Self-managed or varies,,,,,,,Not populated: no comparable global database-by-country usage table verified for the full catalogue,Not populated: no robust per-database gender cross-tab verified for the full catalogue,,https://en.wikipedia.org/wiki/Comparison_of_object_database_management_systems
511,R,RocksDB,Key-value / in-memory,,Database engine / DBMS,Self-managed or varies,,,,,,,Not populated: no comparable global database-by-country usage table verified for the full catalogue,Not populated: no robust per-database gender cross-tab verified for the full catalogue,,https://en.wikipedia.org/wiki/List_of_in-memory_databases
512,R,Rockset,Analytical / warehouse / lakehouse,,Analytical data platform / warehouse,Self-managed or varies,,,,,,,Not populated: no comparable global database-by-country usage table verified for the full catalogue,Not populated: no robust per-database gender cross-tab verified for the full catalogue,,https://db-engines.com/en/ranking/
513,R,RRDtool,Time series,,Database engine / DBMS,Self-managed or varies,,,,,,,Not populated: no comparable global database-by-country usage table verified for the full catalogue,Not populated: no robust per-database gender cross-tab verified for the full catalogue,,https://db-engines.com/en/ranking/
514,R,RxDB,Document,,Database engine / DBMS,Self-managed or varies,,,,,,,Not populated: no comparable global database-by-country usage table verified for the full catalogue,Not populated: no robust per-database gender cross-tab verified for the full catalogue,,https://en.wikipedia.org/wiki/Document-oriented_database
515,S,SAP Datasphere,Analytical / warehouse / lakehouse,,Analytical data platform / warehouse,Self-managed or varies,,,,,,,Not populated: no comparable global database-by-country usage table verified for the full catalogue,Not populated: no robust per-database gender cross-tab verified for the full catalogue,,https://db-engines.com/en/ranking/
516,S,SAP HANA,Relational / SQL,,Database engine / DBMS,Self-managed or varies,,,,,,,Not populated: no comparable global database-by-country usage table verified for the full catalogue,Not populated: no robust per-database gender cross-tab verified for the full catalogue,,https://en.wikipedia.org/wiki/List_of_relational_database_management_systems
517,S,SAP HANA Cloud,Analytical / warehouse / lakehouse,,Analytical data platform / warehouse,Self-managed or varies,,,,,,,Not populated: no comparable global database-by-country usage table verified for the full catalogue,Not populated: no robust per-database gender cross-tab verified for the full catalogue,,https://db-engines.com/en/ranking/
518,S,SAP HANA Graph,Graph,,Database engine / DBMS,Self-managed or varies,,,,,,,Not populated: no comparable global database-by-country usage table verified for the full catalogue,Not populated: no robust per-database gender cross-tab verified for the full catalogue,,https://db-engines.com/en/ranking/
519,S,SAP IQ,Relational / SQL,,Database engine / DBMS,Self-managed or varies,,,,,,,Not populated: no comparable global database-by-country usage table verified for the full catalogue,Not populated: no robust per-database gender cross-tab verified for the full catalogue,,https://en.wikipedia.org/wiki/List_of_relational_database_management_systems
520,S,SAP SQL Anywhere,Relational / SQL,,Database engine / DBMS,Self-managed or varies,,,,,,,Not populated: no comparable global database-by-country usage table verified for the full catalogue,Not populated: no robust per-database gender cross-tab verified for the full catalogue,,https://en.wikipedia.org/wiki/List_of_relational_database_management_systems
521,S,SAS Event Stream Processing,Time series,,Database engine / DBMS,Self-managed or varies,,,,,,,Not populated: no comparable global database-by-country usage table verified for the full catalogue,Not populated: no robust per-database gender cross-tab verified for the full catalogue,,https://db-engines.com/en/ranking/
522,S,ScyllaDB,Wide-column / columnar,,Database engine / DBMS,Self-managed or varies,,,,,,,Not populated: no comparable global database-by-country usage table verified for the full catalogue,Not populated: no robust per-database gender cross-tab verified for the full catalogue,,https://en.wikipedia.org/wiki/List_of_column-oriented_DBMSes
523,S,SearchBlox,Search / indexing,,Search engine / search database,Self-managed or varies,,,,,,,Not populated: no comparable global database-by-country usage table verified for the full catalogue,Not populated: no robust per-database gender cross-tab verified for the full catalogue,,https://db-engines.com/en/ranking/
524,S,Sedna XML DB,Object / XML / multivalue / specialty,,Database engine / DBMS,Self-managed or varies,,,,,,,Not populated: no comparable global database-by-country usage table verified for the full catalogue,Not populated: no robust per-database gender cross-tab verified for the full catalogue,,https://en.wikipedia.org/wiki/Comparison_of_object_database_management_systems
525,S,SequoiaDB,Document,,Database engine / DBMS,Self-managed or varies,,,,,,,Not populated: no comparable global database-by-country usage table verified for the full catalogue,Not populated: no robust per-database gender cross-tab verified for the full catalogue,,https://en.wikipedia.org/wiki/Document-oriented_database
526,S,SingleStore,Relational / SQL,,Database engine / DBMS,Self-managed or varies,,,,,,,Not populated: no comparable global database-by-country usage table verified for the full catalogue,Not populated: no robust per-database gender cross-tab verified for the full catalogue,,https://en.wikipedia.org/wiki/List_of_relational_database_management_systems
527,S,SingleStore Vector,Vector / similarity,,Vector database / vector-capable data system,Self-managed or varies,,,,,,,Not populated: no comparable global database-by-country usage table verified for the full catalogue,Not populated: no robust per-database gender cross-tab verified for the full catalogue,,https://db-engines.com/en/ranking/
528,S,SiriDB,Time series,,Database engine / DBMS,Self-managed or varies,,,,,,,Not populated: no comparable global database-by-country usage table verified for the full catalogue,Not populated: no robust per-database gender cross-tab verified for the full catalogue,,https://db-engines.com/en/ranking/
529,S,SisoDB,Document,,Database engine / DBMS,Self-managed or varies,,,,,,,Not populated: no comparable global database-by-country usage table verified for the full catalogue,Not populated: no robust per-database gender cross-tab verified for the full catalogue,,https://en.wikipedia.org/wiki/Document-oriented_database
530,S,SiteWhere,Time series,,Database engine / DBMS,Self-managed or varies,,,,,,,Not populated: no comparable global database-by-country usage table verified for the full catalogue,Not populated: no robust per-database gender cross-tab verified for the full catalogue,,https://db-engines.com/en/ranking/
531,S,Sled,Key-value / in-memory,,Database engine / DBMS,Self-managed or varies,,,,,,,Not populated: no comparable global database-by-country usage table verified for the full catalogue,Not populated: no robust per-database gender cross-tab verified for the full catalogue,,https://en.wikipedia.org/wiki/List_of_in-memory_databases
532,S,SmallSQL,Relational / SQL,,Database engine / DBMS,Self-managed or varies,,,,,,,Not populated: no comparable global database-by-country usage table verified for the full catalogue,Not populated: no robust per-database gender cross-tab verified for the full catalogue,,https://en.wikipedia.org/wiki/List_of_relational_database_management_systems
533,S,Snowflake,Analytical / warehouse / lakehouse,,Analytical data platform / warehouse,Self-managed or varies,,,,6,211.61,Relational,Not populated: no comparable global database-by-country usage table verified for the full catalogue,Not populated: no robust per-database gender cross-tab verified for the full catalogue,,https://db-engines.com/en/ranking/
534,S,solidDB,Relational / SQL,,Database engine / DBMS,Self-managed or varies,,,,,,,Not populated: no comparable global database-by-country usage table verified for the full catalogue,Not populated: no robust per-database gender cross-tab verified for the full catalogue,,https://en.wikipedia.org/wiki/List_of_relational_database_management_systems
535,S,Sophia,Key-value / in-memory,,Database engine / DBMS,Self-managed or varies,,,,,,,Not populated: no comparable global database-by-country usage table verified for the full catalogue,Not populated: no robust per-database gender cross-tab verified for the full catalogue,,https://en.wikipedia.org/wiki/List_of_in-memory_databases
536,S,Sparksee,Graph,,Database engine / DBMS,Self-managed or varies,,,,,,,Not populated: no comparable global database-by-country usage table verified for the full catalogue,Not populated: no robust per-database gender cross-tab verified for the full catalogue,,https://db-engines.com/en/ranking/
537,S,Speedb,Key-value / in-memory,,Database engine / DBMS,Self-managed or varies,,,,,,,Not populated: no comparable global database-by-country usage table verified for the full catalogue,Not populated: no robust per-database gender cross-tab verified for the full catalogue,,https://en.wikipedia.org/wiki/List_of_in-memory_databases
538,S,Sphinx Search,Search / indexing,,Search engine / search database,Self-managed or varies,,,,,,,Not populated: no comparable global database-by-country usage table verified for the full catalogue,Not populated: no robust per-database gender cross-tab verified for the full catalogue,,https://db-engines.com/en/ranking/
539,S,Splunk,Search / indexing,,Search engine / search database,Self-managed or varies,,,,14,71.68,Search engine,Not populated: no comparable global database-by-country usage table verified for the full catalogue,Not populated: no robust per-database gender cross-tab verified for the full catalogue,,https://db-engines.com/en/ranking/
540,S,SQL Relay,Relational / SQL,,Database engine / DBMS,Self-managed or varies,,,,,,,Not populated: no comparable global database-by-country usage table verified for the full catalogue,Not populated: no robust per-database gender cross-tab verified for the full catalogue,,https://en.wikipedia.org/wiki/List_of_relational_database_management_systems
541,S,SQL Server Graph,Graph,,Database engine / DBMS,Self-managed or varies,,,,,,,Not populated: no comparable global database-by-country usage table verified for the full catalogue,Not populated: no robust per-database gender cross-tab verified for the full catalogue,,https://db-engines.com/en/ranking/
542,S,SQLBase,Relational / SQL,,Database engine / DBMS,Self-managed or varies,,,,,,,Not populated: no comparable global database-by-country usage table verified for the full catalogue,Not populated: no robust per-database gender cross-tab verified for the full catalogue,,https://en.wikipedia.org/wiki/List_of_relational_database_management_systems
543,S,SQLCipher,Embedded / local / edge,,Embedded / local database,Embedded / local / edge,,,,,,,Not populated: no comparable global database-by-country usage table verified for the full catalogue,Not populated: no robust per-database gender cross-tab verified for the full catalogue,,https://db-engines.com/en/ranking/
544,S,SQLite,Relational / SQL,,Database engine / DBMS,Self-managed or varies,,3,37.5,10,97.05,Relational,Not populated: no comparable global database-by-country usage table verified for the full catalogue,Not populated: no robust per-database gender cross-tab verified for the full catalogue,,https://en.wikipedia.org/wiki/List_of_relational_database_management_systems
545,S,SQLite WASM,Embedded / local / edge,,Embedded / local database,Embedded / local / edge,,,,,,,Not populated: no comparable global database-by-country usage table verified for the full catalogue,Not populated: no robust per-database gender cross-tab verified for the full catalogue,,https://db-engines.com/en/ranking/
546,S,SQLite-Vec,Vector / similarity,,Vector database / vector-capable data system,Self-managed or varies,,,,,,,Not populated: no comparable global database-by-country usage table verified for the full catalogue,Not populated: no robust per-database gender cross-tab verified for the full catalogue,,https://db-engines.com/en/ranking/
547,S,SQLitening,Relational / SQL,,Database engine / DBMS,Self-managed or varies,,,,,,,Not populated: no comparable global database-by-country usage table verified for the full catalogue,Not populated: no robust per-database gender cross-tab verified for the full catalogue,,https://en.wikipedia.org/wiki/List_of_relational_database_management_systems
548,S,SSDB,Key-value / in-memory,,Database engine / DBMS,Self-managed or varies,,,,,,,Not populated: no comparable global database-by-country usage table verified for the full catalogue,Not populated: no robust per-database gender cross-tab verified for the full catalogue,,https://en.wikipedia.org/wiki/List_of_in-memory_databases
549,S,Stardog,Graph,,Database engine / DBMS,Self-managed or varies,,,,,,,Not populated: no comparable global database-by-country usage table verified for the full catalogue,Not populated: no robust per-database gender cross-tab verified for the full catalogue,,https://db-engines.com/en/ranking/
550,S,Stardog Knowledge Graph,RDF / semantic graph,,Database engine / DBMS,Self-managed or varies,,,,,,,Not populated: no comparable global database-by-country usage table verified for the full catalogue,Not populated: no robust per-database gender cross-tab verified for the full catalogue,,https://db-engines.com/en/ranking/
551,S,StarRocks,Relational / SQL,,Database engine / DBMS,Self-managed or varies,,,,,,,Not populated: no comparable global database-by-country usage table verified for the full catalogue,Not populated: no robust per-database gender cross-tab verified for the full catalogue,,https://en.wikipedia.org/wiki/List_of_relational_database_management_systems
552,S,Strabon,RDF / semantic graph,,Database engine / DBMS,Self-managed or varies,,,,,,,Not populated: no comparable global database-by-country usage table verified for the full catalogue,Not populated: no robust per-database gender cross-tab verified for the full catalogue,,https://db-engines.com/en/ranking/
553,S,Supabase,Developer data platform / PostgreSQL,,Managed developer data platform,Managed cloud / self-host options,Supabase,12,6.0,,,,Not populated: no comparable global database-by-country usage table verified for the full catalogue,Not populated: no robust per-database gender cross-tab verified for the full catalogue,Hosted development platform; every project gets a full PostgreSQL database.,https://supabase.com/docs/guides/database/overview
554,S,Supabase Postgres,Relational / PostgreSQL,,Managed database service,Managed cloud,Supabase,,,,,,Not populated: no comparable global database-by-country usage table verified for the full catalogue,Not populated: no robust per-database gender cross-tab verified for the full catalogue,Managed full PostgreSQL database underlying a Supabase project.,https://supabase.com/docs/guides/database/overview
555,S,Supabase Vector,Vector / similarity,,Vector database / vector-capable data system,Self-managed or varies,,,,,,,Not populated: no comparable global database-by-country usage table verified for the full catalogue,Not populated: no robust per-database gender cross-tab verified for the full catalogue,,https://db-engines.com/en/ranking/
556,S,SurrealDB,Graph,,Database engine / DBMS,Self-managed or varies,,,,,,,Not populated: no comparable global database-by-country usage table verified for the full catalogue,Not populated: no robust per-database gender cross-tab verified for the full catalogue,,https://db-engines.com/en/ranking/
557,S,SurrealDB Embedded,Embedded / local / edge,,Embedded / local database,Embedded / local / edge,,,,,,,Not populated: no comparable global database-by-country usage table verified for the full catalogue,Not populated: no robust per-database gender cross-tab verified for the full catalogue,,https://db-engines.com/en/ranking/
558,S,SurrealDB Vector Search,Vector / similarity,,Vector database / vector-capable data system,Self-managed or varies,,,,,,,Not populated: no comparable global database-by-country usage table verified for the full catalogue,Not populated: no robust per-database gender cross-tab verified for the full catalogue,,https://db-engines.com/en/ranking/
559,S,Swiftype,Search / indexing,,Search engine / search database,Self-managed or varies,,,,,,,Not populated: no comparable global database-by-country usage table verified for the full catalogue,Not populated: no robust per-database gender cross-tab verified for the full catalogue,,https://db-engines.com/en/ranking/
560,S,Sybase Adaptive Server Enterprise,Relational / SQL,,Database engine / DBMS,Self-managed or varies,,,,,,,Not populated: no comparable global database-by-country usage table verified for the full catalogue,Not populated: no robust per-database gender cross-tab verified for the full catalogue,,https://en.wikipedia.org/wiki/List_of_relational_database_management_systems
561,S,Sybase IQ,Wide-column / columnar,,Database engine / DBMS,Self-managed or varies,,,,,,,Not populated: no comparable global database-by-country usage table verified for the full catalogue,Not populated: no robust per-database gender cross-tab verified for the full catalogue,,https://en.wikipedia.org/wiki/List_of_column-oriented_DBMSes
562,T,Tamino,Object / XML / multivalue / specialty,,Database engine / DBMS,Self-managed or varies,,,,,,,Not populated: no comparable global database-by-country usage table verified for the full catalogue,Not populated: no robust per-database gender cross-tab verified for the full catalogue,,https://en.wikipedia.org/wiki/Comparison_of_object_database_management_systems
563,T,Tantivy,Search / indexing,,Search engine / search database,Self-managed or varies,,,,,,,Not populated: no comparable global database-by-country usage table verified for the full catalogue,Not populated: no robust per-database gender cross-tab verified for the full catalogue,,https://db-engines.com/en/ranking/
564,T,Tarantool,Document,,Database engine / DBMS,Self-managed or varies,,,,,,,Not populated: no comparable global database-by-country usage table verified for the full catalogue,Not populated: no robust per-database gender cross-tab verified for the full catalogue,,https://en.wikipedia.org/wiki/Document-oriented_database
565,T,Tarantool KV,Key-value / in-memory,,Database engine / DBMS,Self-managed or varies,,,,,,,Not populated: no comparable global database-by-country usage table verified for the full catalogue,Not populated: no robust per-database gender cross-tab verified for the full catalogue,,https://en.wikipedia.org/wiki/List_of_in-memory_databases
566,T,TDengine,Time series,,Database engine / DBMS,Self-managed or varies,,,,,,,Not populated: no comparable global database-by-country usage table verified for the full catalogue,Not populated: no robust per-database gender cross-tab verified for the full catalogue,,https://db-engines.com/en/ranking/
567,T,Tembo,Developer data platform / BaaS,,Managed developer data platform,Managed cloud / developer platform,,,,,,,Not populated: no comparable global database-by-country usage table verified for the full catalogue,Not populated: no robust per-database gender cross-tab verified for the full catalogue,Platform or managed service rather than a standalone database engine.,https://db-engines.com/en/ranking/
568,T,Tembo Cloud,Relational / SQL,,Managed database service,Managed cloud,,,,,,,Not populated: no comparable global database-by-country usage table verified for the full catalogue,Not populated: no robust per-database gender cross-tab verified for the full catalogue,Managed service; underlying engine may be separately listed.,https://db-engines.com/en/ranking/
569,T,TempoDB,Time series,,Database engine / DBMS,Self-managed or varies,,,,,,,Not populated: no comparable global database-by-country usage table verified for the full catalogue,Not populated: no robust per-database gender cross-tab verified for the full catalogue,,https://db-engines.com/en/ranking/
570,T,Teradata,Relational / SQL,,Database engine / DBMS,Self-managed or varies,,,,,,,Not populated: no comparable global database-by-country usage table verified for the full catalogue,Not populated: no robust per-database gender cross-tab verified for the full catalogue,,https://en.wikipedia.org/wiki/List_of_relational_database_management_systems
571,T,Teradata Vantage,Analytical / warehouse / lakehouse,,Analytical data platform / warehouse,Self-managed or varies,,,,,,,Not populated: no comparable global database-by-country usage table verified for the full catalogue,Not populated: no robust per-database gender cross-tab verified for the full catalogue,,https://db-engines.com/en/ranking/
572,T,TerminusDB,Graph,,Database engine / DBMS,Self-managed or varies,,,,,,,Not populated: no comparable global database-by-country usage table verified for the full catalogue,Not populated: no robust per-database gender cross-tab verified for the full catalogue,,https://db-engines.com/en/ranking/
573,T,Terrastore,Document,,Database engine / DBMS,Self-managed or varies,,,,,,,Not populated: no comparable global database-by-country usage table verified for the full catalogue,Not populated: no robust per-database gender cross-tab verified for the full catalogue,,https://en.wikipedia.org/wiki/Document-oriented_database
574,T,ThruDB,Document,,Database engine / DBMS,Self-managed or varies,,,,,,,Not populated: no comparable global database-by-country usage table verified for the full catalogue,Not populated: no robust per-database gender cross-tab verified for the full catalogue,,https://en.wikipedia.org/wiki/Document-oriented_database
575,T,Tibero,Relational / SQL,,Database engine / DBMS,Self-managed or varies,,,,,,,Not populated: no comparable global database-by-country usage table verified for the full catalogue,Not populated: no robust per-database gender cross-tab verified for the full catalogue,,https://en.wikipedia.org/wiki/List_of_relational_database_management_systems
576,T,TiDB,Relational / SQL,,Database engine / DBMS,Self-managed or varies,,,,,,,Not populated: no comparable global database-by-country usage table verified for the full catalogue,Not populated: no robust per-database gender cross-tab verified for the full catalogue,,https://en.wikipedia.org/wiki/List_of_relational_database_management_systems
577,T,TiDB Cloud,Developer data platform / BaaS,,Managed developer data platform,Managed cloud / developer platform,,,,,,,Not populated: no comparable global database-by-country usage table verified for the full catalogue,Not populated: no robust per-database gender cross-tab verified for the full catalogue,Platform or managed service rather than a standalone database engine.,https://db-engines.com/en/ranking/
578,T,TigerGraph,Graph,,Database engine / DBMS,Self-managed or varies,,,,,,,Not populated: no comparable global database-by-country usage table verified for the full catalogue,Not populated: no robust per-database gender cross-tab verified for the full catalogue,,https://db-engines.com/en/ranking/
579,T,TigerGraph Cloud,Graph,,Database engine / DBMS,Self-managed or varies,,,,,,,Not populated: no comparable global database-by-country usage table verified for the full catalogue,Not populated: no robust per-database gender cross-tab verified for the full catalogue,,https://db-engines.com/en/ranking/
580,T,Timescale Cloud,Relational / SQL,,Managed database service,Managed cloud,,,,,,,Not populated: no comparable global database-by-country usage table verified for the full catalogue,Not populated: no robust per-database gender cross-tab verified for the full catalogue,Managed service; underlying engine may be separately listed.,https://db-engines.com/en/ranking/
581,T,TimescaleDB,Time series,,Database engine / DBMS,Self-managed or varies,,,,,,,Not populated: no comparable global database-by-country usage table verified for the full catalogue,Not populated: no robust per-database gender cross-tab verified for the full catalogue,,https://db-engines.com/en/ranking/
582,T,TimesTen,Relational / SQL,,Database engine / DBMS,Self-managed or varies,,,,,,,Not populated: no comparable global database-by-country usage table verified for the full catalogue,Not populated: no robust per-database gender cross-tab verified for the full catalogue,,https://en.wikipedia.org/wiki/List_of_relational_database_management_systems
583,T,Timestream,Time series,,Database engine / DBMS,Self-managed or varies,,,,,,,Not populated: no comparable global database-by-country usage table verified for the full catalogue,Not populated: no robust per-database gender cross-tab verified for the full catalogue,,https://db-engines.com/en/ranking/
584,T,TingoDB,Document,,Database engine / DBMS,Self-managed or varies,,,,,,,Not populated: no comparable global database-by-country usage table verified for the full catalogue,Not populated: no robust per-database gender cross-tab verified for the full catalogue,,https://en.wikipedia.org/wiki/Document-oriented_database
585,T,TinkerGraph,Graph,,Database engine / DBMS,Self-managed or varies,,,,,,,Not populated: no comparable global database-by-country usage table verified for the full catalogue,Not populated: no robust per-database gender cross-tab verified for the full catalogue,,https://db-engines.com/en/ranking/
586,T,TinyBase,Embedded / local / edge,,Embedded / local database,Embedded / local / edge,,,,,,,Not populated: no comparable global database-by-country usage table verified for the full catalogue,Not populated: no robust per-database gender cross-tab verified for the full catalogue,,https://db-engines.com/en/ranking/
587,T,Tinybird,Analytical / warehouse / lakehouse,,Analytical data platform / warehouse,Self-managed or varies,,,,,,,Not populated: no comparable global database-by-country usage table verified for the full catalogue,Not populated: no robust per-database gender cross-tab verified for the full catalogue,,https://db-engines.com/en/ranking/
588,T,TinyDB,Document,,Database engine / DBMS,Self-managed or varies,,,,,,,Not populated: no comparable global database-by-country usage table verified for the full catalogue,Not populated: no robust per-database gender cross-tab verified for the full catalogue,,https://en.wikipedia.org/wiki/Document-oriented_database
589,T,Tkrzw,Key-value / in-memory,,Database engine / DBMS,Self-managed or varies,,,,,,,Not populated: no comparable global database-by-country usage table verified for the full catalogue,Not populated: no robust per-database gender cross-tab verified for the full catalogue,,https://en.wikipedia.org/wiki/List_of_in-memory_databases
590,T,Tokyo Cabinet,Key-value / in-memory,,Database engine / DBMS,Self-managed or varies,,,,,,,Not populated: no comparable global database-by-country usage table verified for the full catalogue,Not populated: no robust per-database gender cross-tab verified for the full catalogue,,https://en.wikipedia.org/wiki/List_of_in-memory_databases
591,T,TrailDB,Time series,,Database engine / DBMS,Self-managed or varies,,,,,,,Not populated: no comparable global database-by-country usage table verified for the full catalogue,Not populated: no robust per-database gender cross-tab verified for the full catalogue,,https://db-engines.com/en/ranking/
592,T,Trino,Analytical / warehouse / lakehouse,,Analytical data platform / warehouse,Self-managed or varies,,,,,,,Not populated: no comparable global database-by-country usage table verified for the full catalogue,Not populated: no robust per-database gender cross-tab verified for the full catalogue,,https://db-engines.com/en/ranking/
593,T,Turbopuffer,Vector / similarity,,Vector database / vector-capable data system,Self-managed or varies,,,,,,,Not populated: no comparable global database-by-country usage table verified for the full catalogue,Not populated: no robust per-database gender cross-tab verified for the full catalogue,,https://db-engines.com/en/ranking/
594,T,Turso Cloud,Embedded / distributed SQLite-family,,Managed developer data platform,Managed cloud / edge,Turso,,,,,,Not populated: no comparable global database-by-country usage table verified for the full catalogue,Not populated: no robust per-database gender cross-tab verified for the full catalogue,Managed service around Turso's SQLite-descended database technology.,https://docs.turso.tech/blog
595,T,Turso Database,Embedded / SQLite-family,,Embedded / local database,Embedded / local,Turso,,,,,,Not populated: no comparable global database-by-country usage table verified for the full catalogue,Not populated: no robust per-database gender cross-tab verified for the full catalogue,Embedded database positioned as the next evolution of SQLite.,https://docs.turso.tech/blog
596,T,TypeDB,Graph,,Database engine / DBMS,Self-managed or varies,,,,,,,Not populated: no comparable global database-by-country usage table verified for the full catalogue,Not populated: no robust per-database gender cross-tab verified for the full catalogue,,https://db-engines.com/en/ranking/
597,T,Typesense,Search / indexing,,Search engine / search database,Self-managed or varies,,,,,,,Not populated: no comparable global database-by-country usage table verified for the full catalogue,Not populated: no robust per-database gender cross-tab verified for the full catalogue,,https://db-engines.com/en/ranking/
598,T,Typesense Vector Search,Vector / similarity,,Vector database / vector-capable data system,Self-managed or varies,,,,,,,Not populated: no comparable global database-by-country usage table verified for the full catalogue,Not populated: no robust per-database gender cross-tab verified for the full catalogue,,https://db-engines.com/en/ranking/
599,U,UniData,Relational / SQL,,Database engine / DBMS,Self-managed or varies,,,,,,,Not populated: no comparable global database-by-country usage table verified for the full catalogue,Not populated: no robust per-database gender cross-tab verified for the full catalogue,,https://en.wikipedia.org/wiki/List_of_relational_database_management_systems
600,U,UniVerse,Relational / SQL,,Database engine / DBMS,Self-managed or varies,,,,,,,Not populated: no comparable global database-by-country usage table verified for the full catalogue,Not populated: no robust per-database gender cross-tab verified for the full catalogue,,https://en.wikipedia.org/wiki/List_of_relational_database_management_systems
601,U,UnQLite,Document,,Database engine / DBMS,Self-managed or varies,,,,,,,Not populated: no comparable global database-by-country usage table verified for the full catalogue,Not populated: no robust per-database gender cross-tab verified for the full catalogue,,https://en.wikipedia.org/wiki/Document-oriented_database
602,U,UnQLite KV,Key-value / in-memory,,Database engine / DBMS,Self-managed or varies,,,,,,,Not populated: no comparable global database-by-country usage table verified for the full catalogue,Not populated: no robust per-database gender cross-tab verified for the full catalogue,,https://en.wikipedia.org/wiki/List_of_in-memory_databases
603,U,Upstash,Serverless data platform,,Managed developer data platform,Managed cloud / serverless,Upstash,,,,,,Not populated: no comparable global database-by-country usage table verified for the full catalogue,Not populated: no robust per-database gender cross-tab verified for the full catalogue,Developer platform including managed serverless Redis.,https://upstash.com/redis
604,U,Upstash Redis,Key-value / in-memory,,Database engine / DBMS,Managed cloud / serverless,Upstash,,,,,,Not populated: no comparable global database-by-country usage table verified for the full catalogue,Not populated: no robust per-database gender cross-tab verified for the full catalogue,Managed serverless Redis-compatible database.,https://upstash.com/redis
605,V,Vald,Vector / similarity,,Vector database / vector-capable data system,Self-managed or varies,,,,,,,Not populated: no comparable global database-by-country usage table verified for the full catalogue,Not populated: no robust per-database gender cross-tab verified for the full catalogue,,https://db-engines.com/en/ranking/
606,V,Valentina DB,Relational / SQL,,Database engine / DBMS,Self-managed or varies,,,,,,,Not populated: no comparable global database-by-country usage table verified for the full catalogue,Not populated: no robust per-database gender cross-tab verified for the full catalogue,,https://en.wikipedia.org/wiki/List_of_relational_database_management_systems
607,V,Valkey,Key-value / in-memory,,Database engine / DBMS,Self-managed or varies,,,,,,,Not populated: no comparable global database-by-country usage table verified for the full catalogue,Not populated: no robust per-database gender cross-tab verified for the full catalogue,,https://en.wikipedia.org/wiki/List_of_in-memory_databases
608,V,VectorWise,Wide-column / columnar,,Database engine / DBMS,Self-managed or varies,,,,,,,Not populated: no comparable global database-by-country usage table verified for the full catalogue,Not populated: no robust per-database gender cross-tab verified for the full catalogue,,https://en.wikipedia.org/wiki/List_of_column-oriented_DBMSes
609,V,Vercel KV,Developer data platform / BaaS,,Managed developer data platform,Managed cloud / developer platform,,,,,,,Not populated: no comparable global database-by-country usage table verified for the full catalogue,Not populated: no robust per-database gender cross-tab verified for the full catalogue,Platform or managed service rather than a standalone database engine.,https://db-engines.com/en/ranking/
610,V,Vercel Postgres,Developer data platform / BaaS,,Managed developer data platform,Managed cloud / developer platform,,,,,,,Not populated: no comparable global database-by-country usage table verified for the full catalogue,Not populated: no robust per-database gender cross-tab verified for the full catalogue,Platform or managed service rather than a standalone database engine.,https://db-engines.com/en/ranking/
611,V,Versant Object Database,Object / XML / multivalue / specialty,,Database engine / DBMS,Self-managed or varies,,,,,,,Not populated: no comparable global database-by-country usage table verified for the full catalogue,Not populated: no robust per-database gender cross-tab verified for the full catalogue,,https://en.wikipedia.org/wiki/Comparison_of_object_database_management_systems
612,V,Vertex AI Vector Search,Vector / similarity,,Vector database / vector-capable data system,Self-managed or varies,,,,,,,Not populated: no comparable global database-by-country usage table verified for the full catalogue,Not populated: no robust per-database gender cross-tab verified for the full catalogue,,https://db-engines.com/en/ranking/
613,V,Vertica,Relational / SQL,,Database engine / DBMS,Self-managed or varies,,,,,,,Not populated: no comparable global database-by-country usage table verified for the full catalogue,Not populated: no robust per-database gender cross-tab verified for the full catalogue,,https://en.wikipedia.org/wiki/List_of_relational_database_management_systems
614,V,Vertica Analytics Platform,Analytical / warehouse / lakehouse,,Analytical data platform / warehouse,Self-managed or varies,,,,,,,Not populated: no comparable global database-by-country usage table verified for the full catalogue,Not populated: no robust per-database gender cross-tab verified for the full catalogue,,https://db-engines.com/en/ranking/
615,V,Vespa,Search / indexing,,Search engine / search database,Self-managed or varies,,,,,,,Not populated: no comparable global database-by-country usage table verified for the full catalogue,Not populated: no robust per-database gender cross-tab verified for the full catalogue,,https://db-engines.com/en/ranking/
616,V,Vespa Vector Search,Vector / similarity,,Vector database / vector-capable data system,Self-managed or varies,,,,,,,Not populated: no comparable global database-by-country usage table verified for the full catalogue,Not populated: no robust per-database gender cross-tab verified for the full catalogue,,https://db-engines.com/en/ranking/
617,V,VictoriaMetrics,Time series,,Database engine / DBMS,Self-managed or varies,,,,,,,Not populated: no comparable global database-by-country usage table verified for the full catalogue,Not populated: no robust per-database gender cross-tab verified for the full catalogue,,https://db-engines.com/en/ranking/
618,V,VictoriaMetrics Cloud,Time series,,Database engine / DBMS,Self-managed or varies,,,,,,,Not populated: no comparable global database-by-country usage table verified for the full catalogue,Not populated: no robust per-database gender cross-tab verified for the full catalogue,,https://db-engines.com/en/ranking/
619,V,Virtuoso,Graph,,Database engine / DBMS,Self-managed or varies,,,,,,,Not populated: no comparable global database-by-country usage table verified for the full catalogue,Not populated: no robust per-database gender cross-tab verified for the full catalogue,,https://db-engines.com/en/ranking/
620,V,Virtuoso XML,Object / XML / multivalue / specialty,,Database engine / DBMS,Self-managed or varies,,,,,,,Not populated: no comparable global database-by-country usage table verified for the full catalogue,Not populated: no robust per-database gender cross-tab verified for the full catalogue,,https://en.wikipedia.org/wiki/Comparison_of_object_database_management_systems
621,V,VistaDB,Relational / SQL,,Database engine / DBMS,Self-managed or varies,,,,,,,Not populated: no comparable global database-by-country usage table verified for the full catalogue,Not populated: no robust per-database gender cross-tab verified for the full catalogue,,https://en.wikipedia.org/wiki/List_of_relational_database_management_systems
622,V,Voldemort,Key-value / in-memory,,Database engine / DBMS,Self-managed or varies,,,,,,,Not populated: no comparable global database-by-country usage table verified for the full catalogue,Not populated: no robust per-database gender cross-tab verified for the full catalogue,,https://en.wikipedia.org/wiki/List_of_in-memory_databases
623,V,VoltDB,Relational / SQL,,Database engine / DBMS,Self-managed or varies,,,,,,,Not populated: no comparable global database-by-country usage table verified for the full catalogue,Not populated: no robust per-database gender cross-tab verified for the full catalogue,,https://en.wikipedia.org/wiki/List_of_relational_database_management_systems
624,W,wa-sqlite,Embedded / local / edge,,Embedded / local database,Embedded / local / edge,,,,,,,Not populated: no comparable global database-by-country usage table verified for the full catalogue,Not populated: no robust per-database gender cross-tab verified for the full catalogue,,https://db-engines.com/en/ranking/
625,W,Warp 10,Time series,,Database engine / DBMS,Self-managed or varies,,,,,,,Not populated: no comparable global database-by-country usage table verified for the full catalogue,Not populated: no robust per-database gender cross-tab verified for the full catalogue,,https://db-engines.com/en/ranking/
626,W,WatermelonDB,Embedded / local / edge,,Embedded / local database,Embedded / local / edge,,,,,,,Not populated: no comparable global database-by-country usage table verified for the full catalogue,Not populated: no robust per-database gender cross-tab verified for the full catalogue,,https://db-engines.com/en/ranking/
627,W,Weaviate,Vector / similarity,,Vector database / vector-capable data system,Self-managed or varies,,,,,,,Not populated: no comparable global database-by-country usage table verified for the full catalogue,Not populated: no robust per-database gender cross-tab verified for the full catalogue,,https://db-engines.com/en/ranking/
628,W,Weaviate Cloud,Vector / similarity,,Vector database / vector-capable data system,Self-managed or varies,,,,,,,Not populated: no comparable global database-by-country usage table verified for the full catalogue,Not populated: no robust per-database gender cross-tab verified for the full catalogue,,https://db-engines.com/en/ranking/
629,W,WebSQL,Embedded / local / edge,,Embedded / local database,Embedded / local / edge,,,,,,,Not populated: no comparable global database-by-country usage table verified for the full catalogue,Not populated: no robust per-database gender cross-tab verified for the full catalogue,,https://db-engines.com/en/ranking/
630,W,Whoosh,Search / indexing,,Search engine / search database,Self-managed or varies,,,,,,,Not populated: no comparable global database-by-country usage table verified for the full catalogue,Not populated: no robust per-database gender cross-tab verified for the full catalogue,,https://db-engines.com/en/ranking/
631,W,WiredTiger,Key-value / in-memory,,Database engine / DBMS,Self-managed or varies,,,,,,,Not populated: no comparable global database-by-country usage table verified for the full catalogue,Not populated: no robust per-database gender cross-tab verified for the full catalogue,,https://en.wikipedia.org/wiki/List_of_in-memory_databases
632,X,Xapian,Search / indexing,,Search engine / search database,Self-managed or varies,,,,,,,Not populated: no comparable global database-by-country usage table verified for the full catalogue,Not populated: no robust per-database gender cross-tab verified for the full catalogue,,https://db-engines.com/en/ranking/
633,X,Xata,Developer data platform / BaaS,,Managed developer data platform,Managed cloud / developer platform,,,,,,,Not populated: no comparable global database-by-country usage table verified for the full catalogue,Not populated: no robust per-database gender cross-tab verified for the full catalogue,Platform or managed service rather than a standalone database engine.,https://db-engines.com/en/ranking/
634,X,Xindice,Object / XML / multivalue / specialty,,Database engine / DBMS,Self-managed or varies,,,,,,,Not populated: no comparable global database-by-country usage table verified for the full catalogue,Not populated: no robust per-database gender cross-tab verified for the full catalogue,,https://en.wikipedia.org/wiki/Comparison_of_object_database_management_systems
635,X,XTDB,Object / XML / multivalue / specialty,,Database engine / DBMS,Self-managed or varies,,,,,,,Not populated: no comparable global database-by-country usage table verified for the full catalogue,Not populated: no robust per-database gender cross-tab verified for the full catalogue,,https://en.wikipedia.org/wiki/Comparison_of_object_database_management_systems
636,Y,YDB,Relational / SQL,,Database engine / DBMS,Self-managed or varies,,,,,,,Not populated: no comparable global database-by-country usage table verified for the full catalogue,Not populated: no robust per-database gender cross-tab verified for the full catalogue,,https://en.wikipedia.org/wiki/List_of_relational_database_management_systems
637,Y,Yellowbrick,Relational / SQL,,Database engine / DBMS,Self-managed or varies,,,,,,,Not populated: no comparable global database-by-country usage table verified for the full catalogue,Not populated: no robust per-database gender cross-tab verified for the full catalogue,,https://en.wikipedia.org/wiki/List_of_relational_database_management_systems
638,Y,YottaDB,Document,,Database engine / DBMS,Self-managed or varies,,,,,,,Not populated: no comparable global database-by-country usage table verified for the full catalogue,Not populated: no robust per-database gender cross-tab verified for the full catalogue,,https://en.wikipedia.org/wiki/Document-oriented_database
639,Y,YugabyteDB,Relational / SQL,,Database engine / DBMS,Self-managed or varies,,,,,,,Not populated: no comparable global database-by-country usage table verified for the full catalogue,Not populated: no robust per-database gender cross-tab verified for the full catalogue,,https://en.wikipedia.org/wiki/List_of_relational_database_management_systems
640,Y,YugabyteDB Managed,Developer data platform / BaaS,,Managed developer data platform,Managed cloud / developer platform,,,,,,,Not populated: no comparable global database-by-country usage table verified for the full catalogue,Not populated: no robust per-database gender cross-tab verified for the full catalogue,Platform or managed service rather than a standalone database engine.,https://db-engines.com/en/ranking/
641,Z,Zilliz Cloud,Vector / similarity,,Vector database / vector-capable data system,Self-managed or varies,,,,,,,Not populated: no comparable global database-by-country usage table verified for the full catalogue,Not populated: no robust per-database gender cross-tab verified for the full catalogue,,https://db-engines.com/en/ranking/
642,Z,ZincSearch,Search / indexing,,Search engine / search database,Self-managed or varies,,,,,,,Not populated: no comparable global database-by-country usage table verified for the full catalogue,Not populated: no robust per-database gender cross-tab verified for the full catalogue,,https://db-engines.com/en/ranking/
643,Z,Zope Object Database,Object / XML / multivalue / specialty,,Database engine / DBMS,Self-managed or varies,,,,,,,Not populated: no comparable global database-by-country usage table verified for the full catalogue,Not populated: no robust per-database gender cross-tab verified for the full catalogue,,https://en.wikipedia.org/wiki/Comparison_of_object_database_management_systems
